{"kind": "tc_curve", "rules": "STANDARD_6D_H17", "arm": "ins", "penetration": 0.75, "seed": 10700000001, "rounds": 6000000, "total_profit": -41997.0, "bins": {"0": [1574068, -10269.5, 2114065.25, -6669.54475957765, 2682, 111.0], "1": [967452, -2546.0, 1287496.5, 910764.1498226465, 5813, -1.0], "-1": [1020544, -10190.5, 1383560.75, -957153.7706511988, 1208, -37.0], "-2": [551469, -11256.5, 755084.75, -1076402.257539019, 401, -14.5], "-3": [306976, -6837.5, 425405.75, -905560.0121595889, 138, 4.5], "2": [526115, 3010.5, 692425.75, 1026575.6983104643, 8960, 167.0], "3": [292006, 1694.0, 379111.5, 861348.1198007419, 9647, 222.5], "4": [166411, 3247.0, 214382.5, 657661.692621513, 7837, 308.5], "-4": [174983, -4900.5, 243392.75, -691663.1182651403, 25, 2.5], "-5": [96874, -3601.0, 136453.0, -479715.42341174453, 9, -1.5], "5": [91865, 1932.5, 117440.75, 454940.0568501507, 5434, 191.5], "6": [53043, 1469.5, 67162.75, 316067.22108213796, 3797, 123.5], "-6": [56527, -2563.0, 80577.5, -337104.21502554056, 2, 2.0], "-7": [29538, -1444.5, 42692.75, -205565.1060953121, 2, -1.0], "-8": [33881, -1980.5, 50116.25, -301831.43739140406, 0, 0.0], "7": [26678, 929.0, 33700.0, 185663.6331931473, 1968, 106.5], "8": [31570, 1310.0, 38521.0, 280978.08182087477, 2821, 202.0]}}