{"kind": "tc_curve", "rules": "STANDARD_6D_S17", "arm": "ins", "penetration": 0.75, "seed": 12100000001, "rounds": 6000000, "total_profit": -24305.0, "bins": {"0": [1576250, -6159.5, 2088297.25, -7832.598774669253, 2763, -49.5], "1": [958908, 780.5, 1260204.75, 901845.7297778239, 5724, 102.0], "-1": [1023980, -7530.0, 1367949.0, -961213.9272997747, 1149, 4.5], "-2": [554326, -7939.0, 748246.0, -1082060.9261415664, 420, 15.0], "-3": [306661, -5799.5, 418545.25, -904967.8736775835, 129, 0.0], "-4": [175907, -4158.0, 242450.5, -695384.025107626, 42, -1.5], "2": [523018, 2509.0, 679269.0, 1020410.2718729747, 9151, 254.5], "3": [291957, 3454.0, 375346.0, 861773.1837640223, 9668, 287.0], "4": [166732, 2353.0, 212226.5, 659052.0160359313, 7839, 246.0], "-5": [97604, -2375.5, 135343.25, -483334.4431291563, 10, -2.0], "-6": [57636, -1639.0, 81517.5, -343485.86439064634, 2, -1.0], "5": [91433, 1495.5, 114565.25, 452762.20757119777, 5479, 166.0], "6": [53524, 1794.5, 66950.75, 318890.9047533429, 3774, 198.0], "7": [27341, 827.0, 33790.5, 190313.53848716983, 2195, 86.0], "8": [31620, 1282.5, 38390.25, 282096.316981158, 2806, 187.0], "-7": [29390, -1250.5, 42209.25, -204510.77443507698, 0, 0.0], "-8": [33713, -1950.0, 48883.0, -300688.57277596736, 2, 0.5]}}