{"kind": "tc_curve", "rules": "STANDARD_6D_H17", "arm": "ins", "penetration": 0.75, "seed": 9900000001, "rounds": 6000000, "total_profit": -36574.0, "bins": {"0": [1572378, -10595.5, 2109793.25, -8020.5479131670245, 2714, 29.0], "1": [965785, 865.0, 1286189.5, 909383.598027439, 5783, 48.5], "2": [526624, 3630.0, 693020.0, 1027761.3854862347, 8999, 222.5], "-1": [1022064, -11833.5, 1384522.75, -958522.3590188898, 1162, -2.0], "-2": [550715, -8879.5, 753756.75, -1074302.401329095, 391, 7.0], "-3": [307156, -6616.5, 423767.75, -906670.0309267438, 125, 11.0], "-5": [98568, -3843.0, 139659.0, -488095.28656869923, 13, -0.5], "-4": [176560, -4526.0, 245750.0, -698240.3897335231, 51, 0.0], "3": [291920, 3280.5, 380388.75, 861091.596502471, 9400, 163.0], "4": [166154, 2920.0, 214092.5, 656758.2281670398, 7944, 139.5], "5": [92060, 1847.0, 118091.5, 455798.59647597844, 5503, 67.0], "6": [53048, 1422.5, 66882.25, 316110.2944421436, 3655, 143.5], "7": [26951, 605.0, 33502.0, 187644.97737038176, 2059, 118.0], "8": [30827, 878.0, 38106.0, 274416.38640335324, 2671, 176.5], "-8": [33460, -1763.5, 49624.25, -297958.71384138014, 0, 0.0], "-6": [56777, -2559.0, 80980.0, -338198.95163290115, 3, -1.5], "-7": [28953, -1405.5, 41555.25, -201586.6923679413, 0, 0.0]}}