{"kind": "tc_curve", "rules": "STANDARD_6D_H17", "arm": "ins", "penetration": 0.8, "seed": 12500000001, "rounds": 6000000, "total_profit": -33056.0, "bins": {"0": [1500272, -6441.0, 2013735.5, -6177.736522579311, 2869, 50.5], "1": [937143, 440.5, 1245996.75, 883056.3444778112, 6094, 35.5], "2": [522622, 3431.0, 688468.5, 1021781.1630363372, 9266, 306.5], "-1": [992683, -10729.5, 1344519.75, -933121.1544090707, 1390, 64.0], "-2": [545826, -8755.5, 747176.75, -1067399.4932555591, 535, 16.0], "-3": [308862, -6928.0, 427051.5, -913813.7649163371, 208, 14.5], "-5": [110504, -3286.5, 156235.75, -547640.231653418, 21, 3.0], "-4": [185905, -5627.5, 258603.25, -735417.7157707211, 90, -1.5], "3": [296631, 4036.0, 386624.5, 877443.4991179219, 10026, 168.0], "4": [178044, 3017.5, 229748.75, 704295.3115427848, 8363, 240.5], "5": [105241, 2651.0, 133966.0, 521382.11322578473, 6131, 210.5], "-6": [68810, -2968.0, 98071.0, -410364.8554783908, 7, -0.5], "-7": [37927, -2229.5, 54199.25, -264510.11980734754, 2, 0.5], "-8": [55156, -3842.5, 81085.25, -507077.95388018637, 1, -0.5], "6": [66322, 1477.5, 83810.75, 395616.32394447306, 4493, 170.0], "7": [36373, 491.5, 45323.75, 253706.9095029698, 2862, 153.0], "8": [51679, 2207.0, 63295.0, 473976.5137341058, 4454, 291.5]}}