{"kind": "tc_curve", "rules": "STANDARD_6D_H17", "arm": "basic", "penetration": 0.75, "seed": 9200000001, "rounds": 6000000, "total_profit": -39269.0, "bins": {"0": [1574291, -9023.5, 2111537.75, -6807.638704604062, 0, 0.0], "1": [964950, -1939.5, 1283047.75, 907668.5729879084, 0, 0.0], "-1": [1019379, -11102.0, 1380987.0, -955751.683578101, 0, 0.0], "-2": [551219, -8190.5, 754114.25, -1075299.4674129903, 0, 0.0], "2": [524678, 1516.5, 690216.25, 1023605.7588570659, 0, 0.0], "3": [291566, 2959.5, 380045.25, 860538.4694105339, 0, 0.0], "-3": [307324, -7035.0, 423412.5, -906970.6142134467, 0, 0.0], "5": [92444, 1453.5, 118001.25, 457705.7205220789, 0, 0.0], "6": [54003, 1260.0, 68684.5, 321663.82166544115, 0, 0.0], "-4": [175768, -5088.5, 244714.25, -694975.8052479723, 0, 0.0], "-5": [97858, -2739.5, 137435.75, -484534.3187759458, 0, 0.0], "-6": [57146, -2529.0, 81871.5, -340630.6266252818, 0, 0.0], "4": [167171, 2811.5, 217263.25, 660998.2563474374, 0, 0.0], "7": [26937, 1035.0, 33824.0, 187429.2294252102, 0, 0.0], "8": [31785, 795.0, 39572.5, 283184.66052339633, 0, 0.0], "-7": [29390, -1431.5, 42029.25, -204524.09578303795, 0, 0.0], "-8": [34091, -2021.0, 50832.0, -304136.0519462664, 0, 0.0]}}