{"kind": "tc_curve", "rules": "STANDARD_6D_H17", "arm": "basic", "penetration": 0.75, "seed": 9400000001, "rounds": 6000000, "total_profit": -40127.5, "bins": {"0": [1577541, -8300.5, 2118062.75, -6949.026657574777, 0, 0.0], "-1": [1021301, -11700.0, 1381501.5, -958651.1270202884, 0, 0.0], "1": [968842, -1380.5, 1288423.25, 911344.855395265, 0, 0.0], "4": [167266, 2419.0, 216749.0, 661139.1217158029, 0, 0.0], "3": [291253, 2218.5, 380690.75, 859681.7350331015, 0, 0.0], "2": [525612, 2559.5, 693632.25, 1025480.3213373468, 0, 0.0], "5": [92106, 2242.5, 118172.75, 456045.18259430095, 0, 0.0], "6": [53491, 819.0, 67605.5, 318676.03572627046, 0, 0.0], "7": [27422, 559.5, 34321.75, 190814.2951027438, 0, 0.0], "8": [30980, 851.5, 38447.75, 275673.4079406224, 0, 0.0], "-2": [549877, -9278.5, 752468.75, -1073435.1477980115, 0, 0.0], "-4": [174602, -4745.0, 242914.0, -690240.8190774537, 0, 0.0], "-5": [96349, -3230.0, 135587.0, -477025.30566921365, 0, 0.0], "-6": [56438, -2493.0, 81129.5, -336428.5613571777, 0, 0.0], "-3": [304747, -6985.0, 420365.5, -899470.3489501928, 0, 0.0], "-7": [28929, -1304.0, 41893.5, -201323.60923795044, 0, 0.0], "-8": [33244, -2380.5, 49034.75, -295366.5364654873, 0, 0.0]}}