{"kind": "tc_curve", "rules": "STANDARD_6D_H17", "arm": "basic", "penetration": 0.75, "seed": 9100000001, "rounds": 6000000, "total_profit": -40612.5, "bins": {"0": [1574784, -7648.5, 2113766.75, -6802.348421098464, 0, 0.0], "-1": [1021804, -11227.5, 1382731.25, -958281.3120531071, 0, 0.0], "1": [964540, -1137.5, 1281358.25, 907238.26761558, 0, 0.0], "2": [522968, 1884.0, 688645.0, 1020388.6791860368, 0, 0.0], "-2": [553584, -8943.0, 756216.5, -1080216.133657004, 0, 0.0], "-4": [175586, -5714.5, 245331.75, -694044.1066635898, 0, 0.0], "-3": [307878, -5752.5, 424983.25, -908747.8619429617, 0, 0.0], "-5": [96346, -3937.0, 135209.5, -476918.0131675087, 0, 0.0], "-6": [56739, -2213.0, 80905.5, -338226.31923472846, 0, 0.0], "-7": [28663, -1441.0, 41528.5, -199473.4417083573, 0, 0.0], "4": [166500, 1652.0, 215322.0, 658205.073684356, 0, 0.0], "5": [93018, 1532.0, 119206.0, 460441.8408985854, 0, 0.0], "7": [27169, 424.0, 34338.0, 189136.58899022368, 0, 0.0], "8": [32037, 941.0, 39657.5, 285842.23094893224, 0, 0.0], "3": [291119, 2392.5, 380769.25, 858886.6411248001, 0, 0.0], "-8": [33740, -2314.0, 49449.5, -301150.17468172737, 0, 0.0], "6": [53525, 890.5, 68527.75, 318943.5684850348, 0, 0.0]}}