{"kind": "tc_curve", "rules": "STANDARD_6D_S17", "arm": "ins", "penetration": 0.75, "seed": 12300000001, "rounds": 6000000, "total_profit": -22629.0, "bins": {"0": [1574704, -6690.0, 2089240.0, -7759.118179391426, 2652, 82.5], "1": [964408, 2699.5, 1268609.25, 907598.1892243011, 5709, 120.0], "2": [524161, 2239.5, 680407.75, 1022789.3167852239, 9123, 180.0], "3": [290854, 3491.5, 374383.75, 858370.4385667626, 9331, 218.5], "4": [167625, 3216.0, 212718.0, 662563.3866942956, 8054, 182.0], "5": [92741, 2178.5, 117132.75, 459252.9213581001, 5588, 177.5], "6": [54834, 1292.0, 68017.0, 326605.74349513213, 3813, 171.0], "7": [27382, 951.5, 33784.25, 190547.11102180058, 2142, 93.0], "8": [32225, 1352.0, 39476.5, 286623.12815289514, 2859, 219.0], "-1": [1022851, -8629.5, 1367325.25, -960433.4350765478, 1134, 16.5], "-2": [551070, -7357.0, 745274.0, -1075538.5050038558, 424, 32.5], "-3": [306773, -6039.0, 417609.0, -905269.1186146591, 148, -0.5], "-4": [174800, -3404.0, 240519.5, -690950.4160567918, 50, 8.0], "-5": [96890, -3001.5, 134974.25, -479722.7210621025, 8, -1.0], "-6": [56962, -1750.5, 80373.75, -339482.3490280344, 1, -0.5], "-7": [28821, -1554.5, 40733.25, -200685.68915341722, 0, 0.0], "-8": [32899, -1623.5, 47949.75, -292502.08751488494, 0, 0.0]}}