{"kind": "tc_curve", "rules": "STANDARD_6D_S17", "arm": "ins", "penetration": 0.75, "seed": 12200000001, "rounds": 6000000, "total_profit": -27584.5, "bins": {"0": [1577583, -6322.5, 2091301.25, -7342.980638323777, 2772, 21.0], "1": [964228, -127.5, 1266258.75, 906977.3637385594, 5704, 133.0], "2": [521110, 3517.0, 677100.5, 1016830.8151278871, 8890, 185.5], "3": [289452, 3053.0, 370591.0, 854214.2354762972, 9401, 296.0], "4": [165761, 2328.5, 210486.75, 655250.7764287235, 7927, 241.0], "5": [91934, 2269.0, 115454.0, 455320.6244926751, 5506, 280.0], "6": [53736, 1693.5, 67416.25, 320221.99466759904, 3664, 131.5], "7": [26910, 769.5, 33083.75, 187242.75385505363, 2098, 136.0], "8": [31048, 1464.5, 37786.25, 276505.5994291044, 2645, 188.0], "-1": [1027526, -8821.5, 1375181.25, -964732.3274448018, 1234, 64.0], "-2": [552371, -7136.5, 747759.75, -1077958.9449777117, 411, 6.0], "-4": [175085, -4775.5, 242117.75, -692180.7426373322, 36, -4.5], "-6": [57199, -2095.0, 80657.5, -340888.94502083334, 6, 1.5], "-3": [306130, -6785.0, 417549.5, -903242.236242589, 142, -6.5], "-5": [97784, -3207.0, 135988.5, -483934.51846520137, 9, 0.0], "-7": [29047, -1414.5, 41191.75, -202157.988103084, 5, -1.0], "-8": [33096, -1994.5, 47883.25, -294316.2671507189, 0, 0.0]}}