{"kind": "tc_curve", "rules": "STANDARD_6D_H17", "arm": "ins", "penetration": 0.75, "seed": 10800000001, "rounds": 6000000, "total_profit": -34815.0, "bins": {"0": [1579634, -7395.0, 2121879.0, -7135.524881456878, 2793, 61.5], "1": [969704, -667.0, 1291809.5, 911929.3080775068, 5808, 70.5], "2": [525808, 4085.0, 692690.5, 1026067.8734433171, 9079, 76.0], "3": [292088, 3134.0, 379720.5, 861873.5250171925, 9837, 178.5], "-1": [1019688, -11997.5, 1379813.25, -956180.7450573588, 1207, 19.0], "4": [166917, 2125.0, 215127.5, 659863.032416701, 8059, 184.0], "6": [54466, 1352.0, 68134.5, 324641.48064369085, 3668, 153.5], "7": [27609, 849.5, 35035.75, 192171.34540714356, 2060, 101.0], "5": [92811, 1694.0, 118354.5, 459520.32087149576, 5576, 176.0], "-2": [547601, -8373.5, 750111.75, -1068535.7743217684, 437, 20.0], "-3": [304333, -7010.0, 418777.5, -898334.8843405078, 146, 14.0], "-4": [173843, -5145.5, 243369.75, -687342.5909057282, 42, 1.5], "-6": [56006, -1982.0, 79782.5, -333878.6899090168, 4, -0.5], "-5": [96569, -2903.0, 136201.0, -477978.7507713616, 10, -3.5], "-8": [33410, -2084.5, 49021.75, -298098.9164171103, 0, 0.0], "8": [31218, 838.0, 37877.0, 278036.7500819856, 2821, 214.0], "-7": [28295, -1334.5, 40551.25, -196897.09348907517, 0, 0.0]}}