{"kind": "tc_curve", "rules": "STANDARD_6D_H17", "arm": "ins", "penetration": 0.75, "seed": 10300000001, "rounds": 6000000, "total_profit": -36769.5, "bins": {"0": [1574793, -9868.0, 2113053.0, -7572.233680495452, 2697, 40.5], "1": [963469, 347.0, 1281085.5, 906633.0275490294, 5767, 49.0], "2": [524366, 2040.0, 690957.0, 1023182.5160735658, 9199, 169.0], "3": [291420, 3401.5, 380414.25, 859996.9844125166, 9695, 170.0], "4": [166198, 2800.5, 213002.75, 656727.1121590798, 8089, 329.5], "5": [91608, 1826.0, 116854.5, 453593.8940687083, 5458, 137.5], "6": [53546, 967.5, 67842.25, 319025.31346291676, 3726, 169.5], "-1": [1023842, -10490.0, 1384548.5, -961020.5870603123, 1100, -14.5], "-2": [552205, -9563.0, 753847.0, -1077818.0530205632, 376, 7.0], "-3": [306224, -6799.0, 423072.5, -903614.2226857347, 134, -8.5], "-4": [175973, -4381.0, 245855.0, -695825.4487193599, 27, 3.0], "-5": [97971, -3473.5, 138800.75, -485114.32804271457, 11, -1.0], "-6": [57008, -1933.5, 81458.25, -339486.7897619879, 3, 0.0], "-8": [33664, -2431.5, 49524.75, -299136.15994071134, 0, 0.0], "8": [31482, 1231.0, 38500.5, 279940.5836758423, 2820, 174.0], "-7": [29061, -1366.0, 41771.5, -202312.29012803984, 0, 0.0], "7": [27170, 922.5, 33973.75, 189159.2902182519, 2169, 133.5]}}