{"kind": "tc_curve", "rules": "STANDARD_6D_H17", "arm": "basic", "penetration": 0.75, "seed": 9700000001, "rounds": 6000000, "total_profit": -35373.5, "bins": {"0": [1576632, -10199.5, 2115785.75, -7337.333191068396, 0, 0.0], "-1": [1022396, -8025.5, 1383534.75, -958779.6557661613, 0, 0.0], "1": [967042, -570.0, 1285724.5, 910270.9916652548, 0, 0.0], "3": [291776, 2927.0, 381098.5, 861085.2617531384, 0, 0.0], "4": [167370, 2088.0, 216506.5, 661499.203372847, 0, 0.0], "6": [54675, 1272.0, 69278.5, 325971.40195449186, 0, 0.0], "2": [524317, 2798.0, 691162.0, 1023689.2440646284, 0, 0.0], "7": [27942, 595.0, 35211.0, 194436.93892815284, 0, 0.0], "-2": [549090, -7915.0, 750928.0, -1071278.0827317915, 0, 0.0], "-3": [305465, -6946.0, 420622.5, -901296.480797966, 0, 0.0], "-4": [174137, -4534.0, 244065.5, -688488.9401901492, 0, 0.0], "-5": [95990, -3705.0, 134840.0, -475050.78543714975, 0, 0.0], "-6": [56063, -1880.5, 79364.25, -334204.3778020782, 0, 0.0], "-7": [28945, -1336.5, 41709.75, -201352.3773503486, 0, 0.0], "-8": [33070, -2246.0, 49127.5, -293445.09165301593, 0, 0.0], "5": [93376, 1219.0, 118934.0, 462295.9875627285, 0, 0.0], "8": [31714, 1085.5, 39587.25, 282532.2841589535, 0, 0.0]}}