{"kind": "tc_curve", "rules": "STANDARD_6D_H17", "arm": "basic", "penetration": 0.75, "seed": 8900000001, "rounds": 6000000, "total_profit": -34698.0, "bins": {"0": [1577012, -8262.5, 2116310.75, -7829.254225291291, 0, 0.0], "-1": [1019499, -11541.0, 1380494.0, -955875.786073987, 0, 0.0], "-2": [549601, -8121.5, 750312.75, -1072617.3190762894, 0, 0.0], "-3": [306389, -6208.0, 423865.0, -904480.0488541565, 0, 0.0], "2": [524017, 3255.5, 691201.25, 1022538.9125207757, 0, 0.0], "3": [290258, 2252.5, 378859.25, 856371.628236306, 0, 0.0], "1": [967200, -750.0, 1284824.0, 909994.8002077686, 0, 0.0], "5": [92348, 1627.5, 118003.75, 457375.9183506728, 0, 0.0], "6": [54360, 1809.5, 69256.75, 323921.7484077272, 0, 0.0], "4": [165908, 2592.0, 214921.0, 655768.4956309629, 0, 0.0], "-4": [177035, -3593.0, 247191.5, -699884.4028714729, 0, 0.0], "7": [27765, 734.0, 35015.5, 193201.01232038252, 0, 0.0], "8": [31753, 1225.5, 39397.25, 282714.6880551826, 0, 0.0], "-5": [96973, -3451.5, 136700.75, -480237.47647968907, 0, 0.0], "-6": [56869, -2751.0, 80720.0, -338943.52636427555, 0, 0.0], "-7": [29035, -1251.0, 41704.5, -202151.2840920862, 0, 0.0], "-8": [33978, -2265.0, 49957.5, -302882.4110833687, 0, 0.0]}}