{"kind": "tc_curve", "rules": "STANDARD_6D_H17", "arm": "ins", "penetration": 0.7, "seed": 12800000001, "rounds": 6000000, "total_profit": -35265.5, "bins": {"0": [1670547, -8800.5, 2242159.75, -7005.290343546558, 2649, 82.5], "-1": [1047517, -8245.5, 1418551.25, -984697.7357119631, 901, 32.5], "1": [993150, -768.0, 1316947.5, 935688.0882787607, 5519, 149.0], "-2": [551563, -10464.0, 754303.5, -1073478.8851624622, 309, 36.0], "-3": [294321, -6800.0, 406407.0, -867404.466385596, 75, 12.0], "-4": [159390, -4966.0, 222354.0, -629413.947792466, 23, -1.0], "2": [525337, 2828.5, 691191.25, 1022492.1126379811, 8728, 190.0], "3": [280460, 2355.5, 364163.75, 826640.0185001717, 9110, 131.0], "6": [40678, 1346.0, 50922.0, 242325.68655050232, 3024, 96.0], "5": [79538, 1622.0, 101192.0, 393693.3449459787, 4898, 171.5], "-5": [83674, -3061.0, 118436.5, -414343.44959474355, 5, 2.0], "-6": [44280, -1950.5, 63318.75, -263839.18217792164, 0, 0.0], "4": [151974, 2438.0, 195788.0, 599976.2578558852, 7461, 154.5], "7": [19562, 585.0, 24590.0, 135975.08706469374, 1576, 62.5], "-7": [21316, -954.0, 30532.0, -148176.8107689055, 0, 0.0], "-8": [19202, -1216.5, 28304.25, -166907.29751373662, 0, 0.0], "8": [17491, 785.5, 21517.25, 151581.36131981696, 1565, 105.5]}}