{"kind": "tc_curve", "rules": "STANDARD_6D_H17", "arm": "basic", "penetration": 0.75, "seed": 9300000001, "rounds": 6000000, "total_profit": -33063.5, "bins": {"0": [1576452, -9664.5, 2114830.25, -7380.328808610615, 0, 0.0], "1": [965344, 916.0, 1282672.5, 908091.0156085741, 0, 0.0], "-1": [1021626, -9598.5, 1380754.25, -958425.1266070167, 0, 0.0], "-2": [553716, -6995.0, 757499.5, -1080888.069446886, 0, 0.0], "-3": [305581, -7190.5, 420149.25, -901306.8875447726, 0, 0.0], "-4": [173630, -4354.0, 242243.5, -686217.0189098156, 0, 0.0], "2": [524259, 2165.0, 692956.5, 1022775.6949676727, 0, 0.0], "3": [291030, 2733.0, 379462.0, 858550.1567701778, 0, 0.0], "4": [167491, 2472.0, 217290.0, 662366.8506808523, 0, 0.0], "5": [92918, 2040.0, 119017.5, 460227.7018098601, 0, 0.0], "6": [54591, 1433.0, 69584.0, 325471.2599358053, 0, 0.0], "7": [27779, 732.0, 34883.5, 193402.15958169795, 0, 0.0], "8": [31955, 910.0, 39867.0, 284229.02544071205, 0, 0.0], "-5": [96557, -3094.0, 136313.0, -478025.0244943009, 0, 0.0], "-6": [55726, -2090.5, 80040.75, -332101.1440281871, 0, 0.0], "-7": [28545, -1547.0, 40940.0, -198629.97928107288, 0, 0.0], "-8": [32800, -1930.5, 48122.75, -292357.2884882932, 0, 0.0]}}