{"kind": "tc_curve", "rules": "STANDARD_6D_H17", "arm": "ins", "penetration": 0.75, "seed": 10200000001, "rounds": 6000000, "total_profit": -36498.5, "bins": {"0": [1573495, -7278.0, 2112034.0, -8029.950043833741, 2786, -38.5], "-1": [1025791, -11532.5, 1388349.25, -963104.9182851335, 1187, 32.0], "-2": [553309, -8377.5, 757257.75, -1079819.7006539577, 483, 1.5], "-3": [306589, -6582.0, 423073.5, -904370.5331471254, 138, -4.5], "-4": [176180, -5131.5, 245378.75, -696552.6947625539, 61, -2.0], "-5": [97341, -3075.0, 137601.5, -481900.95163620467, 7, -2.0], "1": [961329, -654.5, 1277498.75, 904587.9595756091, 5894, 38.0], "2": [522989, 1010.5, 687816.75, 1020710.1799528094, 8979, 163.5], "3": [291019, 3100.0, 378282.0, 858778.7240921305, 9496, 253.0], "4": [166096, 2465.5, 214011.75, 656679.0987092629, 7961, 263.0], "5": [92650, 1837.5, 118022.25, 458713.3000573275, 5608, 163.0], "6": [53843, 1222.0, 67962.5, 320760.7493293647, 3832, 91.0], "7": [27104, 742.5, 34064.25, 188587.64299838268, 2054, 87.5], "8": [31492, 1674.5, 38673.75, 279879.8350621928, 2745, 172.5], "-6": [57269, -2536.0, 82092.5, -341405.44628509483, 3, 3.0], "-7": [29144, -1271.0, 42412.0, -202861.32034439573, 0, 0.0], "-8": [34360, -2113.0, 50323.5, -306487.4253714837, 0, 0.0]}}