{"kind": "tc_curve", "rules": "STANDARD_6D_H17", "arm": "ins", "penetration": 0.8, "seed": 12600000001, "rounds": 6000000, "total_profit": -35179.0, "bins": {"0": [1500923, -11009.0, 2013828.5, -6419.182422704333, 2832, 7.5], "-1": [992601, -8918.5, 1343954.75, -932519.9131262472, 1370, 21.5], "-2": [546299, -8445.0, 746751.5, -1068603.0246285405, 550, 4.0], "1": [937514, 202.5, 1246111.25, 883052.8188403985, 6086, 207.5], "2": [519699, 2657.5, 684748.75, 1016144.2262923924, 9106, 190.0], "5": [105023, 2913.5, 134179.25, 520254.90775496984, 6175, 187.0], "7": [36262, 1028.5, 45282.75, 252919.37049692098, 2666, 108.5], "3": [294948, 3555.0, 383752.0, 872541.2608586891, 9831, 226.5], "4": [178690, 3288.0, 230554.0, 706729.3873149789, 8376, 276.0], "6": [66316, 1243.0, 83755.0, 395611.282881192, 4381, 191.5], "8": [51405, 2369.5, 62741.25, 471526.5358593452, 4428, 318.0], "-3": [310860, -6334.5, 430390.25, -919714.45102731, 175, 8.5], "-4": [187182, -5583.0, 260553.0, -740513.5338138475, 80, 8.0], "-5": [110633, -3970.5, 156187.25, -548138.6760835921, 24, -1.5], "-6": [69441, -2703.0, 99040.5, -414347.4785282589, 8, -4.0], "-7": [38049, -2059.0, 54445.0, -265286.91466980544, 0, 0.0], "-8": [54155, -3414.0, 79834.5, -497277.4099817497, 1, 1.0]}}