{"kind": "tc_curve", "rules": "STANDARD_6D_H17", "arm": "basic", "penetration": 0.75, "seed": 9500000001, "rounds": 6000000, "total_profit": -40176.0, "bins": {"0": [1579640, -7805.5, 2119262.25, -7731.959168337051, 0, 0.0], "-1": [1023022, -13459.5, 1385316.25, -959580.249190966, 0, 0.0], "-2": [553471, -8108.0, 756854.5, -1079973.165531637, 0, 0.0], "-3": [307339, -6203.0, 425279.0, -906975.2289274536, 0, 0.0], "-4": [176103, -5128.0, 245060.0, -696310.7611796428, 0, 0.0], "-5": [97721, -3266.5, 138492.25, -483897.18664217007, 0, 0.0], "-6": [56867, -2074.5, 81205.25, -338883.00529777707, 0, 0.0], "1": [959301, -1920.0, 1274961.5, 902196.3081859906, 0, 0.0], "2": [521307, 2412.5, 687957.25, 1017726.2287359308, 0, 0.0], "3": [290973, 3103.5, 379823.75, 858610.5328661967, 0, 0.0], "4": [166534, 1407.0, 216047.0, 658218.5158263136, 0, 0.0], "5": [92218, 1226.0, 118392.0, 456574.1942374528, 0, 0.0], "6": [53599, 1427.0, 68031.5, 319523.08913603297, 0, 0.0], "-7": [28669, -1759.5, 41369.75, -199632.24599221014, 0, 0.0], "7": [27393, 1153.0, 34775.5, 190659.73419855256, 0, 0.0], "8": [32128, 767.0, 39879.5, 286263.2027891249, 0, 0.0], "-8": [33715, -1947.5, 50165.75, -300771.0698333837, 0, 0.0]}}