{"kind": "tc_curve", "rules": "STANDARD_6D_H17", "arm": "ins", "penetration": 0.75, "seed": 10500000001, "rounds": 6000000, "total_profit": -36012.0, "bins": {"0": [1579808, -9061.5, 2121840.25, -7015.193407268821, 2640, 19.5], "-1": [1021817, -10759.0, 1383361.5, -958626.6763232453, 1192, 14.5], "1": [966529, -324.0, 1284590.0, 908963.6394903912, 5774, 101.0], "2": [525378, 1495.0, 691655.0, 1025318.1173670355, 9042, 24.0], "3": [290092, 2811.0, 378001.0, 856052.6173202989, 9824, 210.5], "-2": [549169, -8161.0, 749780.0, -1071952.4372095936, 433, 2.5], "4": [165836, 2351.0, 214095.0, 655594.8283542218, 7847, 210.5], "6": [53696, 1294.5, 67984.25, 319927.6340373293, 3770, 189.5], "5": [92145, 2097.0, 117939.0, 456111.83503106085, 5368, 242.5], "-3": [305316, -6860.0, 423273.5, -900939.7690117533, 142, 8.5], "-4": [174395, -4693.5, 242809.25, -689298.37422969, 33, 0.0], "-6": [56606, -2116.0, 80730.5, -337402.02115538926, 4, 1.0], "-5": [97511, -3092.0, 137603.5, -482785.30343725963, 12, -3.0], "-7": [29100, -1474.5, 42534.75, -202549.58876832027, 0, 0.0], "8": [31737, 1231.0, 38935.5, 282294.4856402394, 2741, 198.5], "7": [27603, 978.5, 34738.25, 192104.03565983273, 2161, 98.5], "-8": [33262, -1728.5, 48796.75, -296060.147701554, 0, 0.0]}}