{"kind": "tc_curve", "rules": "STANDARD_6D_S17", "arm": "basic", "penetration": 0.75, "seed": 11900000001, "rounds": 6000000, "total_profit": -24641.5, "bins": {"0": [1580803, -7762.5, 2093288.25, -7421.945670879056, 0, 0.0], "-1": [1017494, -8223.5, 1361281.75, -954725.0105571426, 0, 0.0], "-2": [549803, -7552.5, 740908.75, -1073021.5175029077, 0, 0.0], "1": [964585, 1457.5, 1266562.75, 906854.2029828369, 0, 0.0], "-4": [176054, -3073.5, 242811.25, -695957.0538465165, 0, 0.0], "-3": [306456, -6569.0, 417726.0, -904454.7550273567, 0, 0.0], "2": [523505, 4039.0, 680996.0, 1021333.7191821086, 0, 0.0], "3": [290217, 2675.5, 374098.25, 856479.2883422786, 0, 0.0], "-5": [97825, -2450.0, 135930.0, -484305.0305971178, 0, 0.0], "4": [166192, 2413.5, 212101.75, 657028.2941998864, 0, 0.0], "5": [93319, 1890.5, 118516.25, 462196.6327080917, 0, 0.0], "6": [54551, 1465.5, 68489.25, 325228.15781071846, 0, 0.0], "7": [28037, 666.0, 34707.0, 195161.75423610013, 0, 0.0], "8": [32245, 1156.0, 39393.5, 286138.9068499592, 0, 0.0], "-6": [56348, -1814.5, 79577.75, -335780.38494343194, 0, 0.0], "-8": [33648, -1931.0, 49000.5, -300056.9961333299, 0, 0.0], "-7": [28918, -1028.5, 40940.25, -201309.3312934599, 0, 0.0]}}