{"kind": "tc_curve", "rules": "STANDARD_6D_S17", "arm": "basic", "penetration": 0.75, "seed": 11700000001, "rounds": 6000000, "total_profit": -22019.5, "bins": {"0": [1577534, -5816.0, 2090474.0, -6560.400841011677, 0, 0.0], "1": [967462, 2555.5, 1269949.75, 909581.9224387594, 0, 0.0], "2": [524214, 3165.0, 681353.0, 1022999.7603813377, 0, 0.0], "-1": [1022225, -7458.0, 1366233.0, -958577.586416401, 0, 0.0], "-2": [548886, -7977.0, 741761.0, -1071420.3742327397, 0, 0.0], "-3": [304759, -5641.5, 415460.75, -899614.9026179707, 0, 0.0], "-4": [175018, -4543.5, 240768.75, -692066.1972830523, 0, 0.0], "-5": [97571, -2591.0, 135553.5, -483231.85325535026, 0, 0.0], "-7": [29428, -1215.5, 41869.25, -204719.81814158364, 0, 0.0], "3": [290543, 3266.0, 375223.5, 857197.9731381006, 0, 0.0], "4": [165362, 2852.5, 211161.75, 653958.1067104005, 0, 0.0], "-6": [57404, -2237.5, 80413.75, -342032.3153162577, 0, 0.0], "5": [92689, 2388.0, 117726.5, 459190.30752396805, 0, 0.0], "7": [27400, 600.0, 34468.5, 190755.2426218828, 0, 0.0], "6": [53981, 1170.0, 67800.5, 321585.69349790603, 0, 0.0], "-8": [33467, -1831.5, 48416.25, -298399.9526405949, 0, 0.0], "8": [32057, 1295.0, 39099.5, 285726.91688091686, 0, 0.0]}}