{"kind": "tc_curve", "rules": "STANDARD_6D_H17", "arm": "basic", "penetration": 0.75, "seed": 9000000001, "rounds": 6000000, "total_profit": -38999.0, "bins": {"0": [1577636, -10010.5, 2118581.25, -7436.895929420418, 0, 0.0], "-1": [1023081, -9982.0, 1384909.0, -959385.928660589, 0, 0.0], "-2": [549067, -9166.0, 751241.5, -1071376.4709593586, 0, 0.0], "-3": [303340, -6946.0, 418796.5, -895134.0938375328, 0, 0.0], "-4": [173579, -4559.0, 242985.0, -686067.7588161703, 0, 0.0], "-5": [96980, -2778.0, 135882.5, -480204.1804096443, 0, 0.0], "1": [965341, -697.0, 1282696.5, 907718.9194210758, 0, 0.0], "3": [292263, 1918.5, 380993.75, 862299.975329341, 0, 0.0], "2": [526644, 2024.0, 692607.5, 1027748.4948615069, 0, 0.0], "4": [167558, 2041.0, 217425.5, 662395.3525654789, 0, 0.0], "5": [91960, 1552.5, 118062.75, 455118.02994312305, 0, 0.0], "6": [54530, 1869.0, 69606.0, 324994.2423759953, 0, 0.0], "7": [27227, 550.0, 34276.5, 189530.903517388, 0, 0.0], "8": [31609, 939.5, 39162.25, 280737.00643433613, 0, 0.0], "-6": [56406, -2291.5, 79807.25, -336052.0486176576, 0, 0.0], "-7": [28933, -1468.0, 41983.0, -201229.10445669852, 0, 0.0], "-8": [33846, -1995.5, 50214.25, -301496.489583463, 0, 0.0]}}