{"kind": "tc_curve", "rules": "STANDARD_6D_H17", "arm": "ins", "penetration": 0.75, "seed": 10400000001, "rounds": 6000000, "total_profit": -34316.5, "bins": {"0": [1582357, -8687.5, 2125799.25, -8953.299980112148, 2887, 82.0], "-1": [1026067, -10102.0, 1387796.0, -962954.4951689009, 1169, -38.5], "-2": [552112, -7524.0, 754210.5, -1077327.5185941143, 423, -6.0], "1": [961115, -1202.5, 1277572.75, 903516.4978457157, 5896, 110.5], "3": [288668, 2120.5, 376650.25, 851886.1308411272, 9692, 14.0], "5": [92690, 1936.5, 118246.75, 458966.3345041798, 5576, 236.0], "8": [31100, 1219.0, 38103.0, 276126.14143273036, 2756, 155.0], "-3": [307144, -6887.0, 423488.5, -906484.7817710578, 134, -4.0], "2": [520682, 3521.0, 685457.5, 1016058.2749799179, 9006, 135.0], "4": [165997, 2751.0, 214527.0, 656196.7249157261, 7979, 150.5], "6": [54144, 1673.0, 68833.5, 322638.7555813072, 3885, 154.5], "7": [27882, 790.5, 34722.25, 194034.75304821422, 2120, 119.0], "-4": [175692, -5012.0, 245775.0, -694424.2039900854, 47, 0.5], "-5": [96681, -3531.0, 137317.0, -478726.56837605865, 15, -4.5], "-7": [28513, -1113.0, 41245.5, -198470.30965088427, 1, 1.0], "-6": [55836, -2193.5, 80055.75, -332737.9794087184, 3, 0.0], "-8": [33320, -2075.5, 49184.75, -296967.8388507875, 0, 0.0]}}