{"kind": "tc_curve", "rules": "STANDARD_6D_S17", "arm": "basic", "penetration": 0.75, "seed": 11800000001, "rounds": 6000000, "total_profit": -27812.0, "bins": {"0": [1575287, -6907.5, 2088398.75, -8836.758320303848, 0, 0.0], "1": [964668, 2042.5, 1266396.25, 908270.3849703536, 0, 0.0], "2": [528568, 2971.5, 688841.25, 1031896.6335241152, 0, 0.0], "-1": [1023964, -9295.5, 1370694.75, -961069.5215100152, 0, 0.0], "-2": [549246, -8081.5, 741736.25, -1071328.7450143732, 0, 0.0], "-3": [301966, -5572.5, 412288.75, -890686.1350754715, 0, 0.0], "3": [293699, 3007.0, 378251.5, 866828.6418071538, 0, 0.0], "4": [168374, 2804.0, 214658.0, 665716.0978993933, 0, 0.0], "5": [93755, 1259.0, 118184.5, 464140.94900667534, 0, 0.0], "6": [54374, 1389.5, 68207.25, 324013.33177076146, 0, 0.0], "7": [27823, 727.0, 34689.5, 193654.07204846697, 0, 0.0], "8": [32056, 1178.0, 39554.5, 285457.2676331063, 0, 0.0], "-4": [172496, -4392.0, 236055.0, -681847.6365585705, 0, 0.0], "-5": [96059, -3541.0, 133761.0, -475651.20475199085, 0, 0.0], "-6": [56316, -2073.5, 79575.75, -335622.657012486, 0, 0.0], "-7": [28326, -1221.0, 40334.0, -197200.0443735733, 0, 0.0], "-8": [33023, -2106.0, 48137.5, -293915.5154106763, 0, 0.0]}}