{"kind": "tc_curve", "rules": "STANDARD_6D_H17", "arm": "ins", "penetration": 0.75, "seed": 10000000001, "rounds": 6000000, "total_profit": -38546.0, "bins": {"0": [1579896, -10920.5, 2121039.75, -6913.105983202296, 2850, 51.0], "-1": [1020088, -10039.5, 1380242.75, -956754.1058394074, 1135, 32.5], "-2": [549392, -9729.0, 752006.0, -1072096.0591344764, 415, 10.0], "1": [966580, -1095.5, 1285185.25, 908892.1822703948, 5812, 184.0], "2": [525577, 2096.5, 691880.25, 1025673.8709291045, 9041, 141.5], "4": [168261, 3182.0, 217378.0, 665078.2610322277, 8106, 331.5], "3": [290553, 3093.0, 379195.0, 857491.7852523227, 9615, 157.5], "5": [93580, 1000.5, 119459.75, 463370.19551256153, 5593, 295.0], "-3": [304694, -6790.5, 420817.25, -899095.5759548388, 138, 3.0], "-4": [174068, -4280.5, 243978.75, -688023.5354388797, 43, -0.5], "-5": [96481, -3405.5, 136193.25, -477724.4835066955, 12, -1.5], "-6": [55839, -2020.5, 78842.25, -332714.1596153968, 4, -0.5], "-7": [28599, -1244.5, 41315.75, -199098.39529835957, 0, 0.0], "6": [54450, 1175.0, 68532.0, 324391.4069486942, 3854, 204.5], "7": [27713, 1089.0, 34334.0, 192864.74765404567, 2111, 155.0], "8": [31619, 1390.0, 38561.5, 280702.4167912141, 2794, 254.5], "-8": [32610, -2046.0, 47762.0, -290373.111104997, 0, 0.0]}}