{"kind": "tc_curve", "rules": "STANDARD_6D_H17", "arm": "ins", "penetration": 0.75, "seed": 10600000001, "rounds": 6000000, "total_profit": -37651.5, "bins": {"0": [1576059, -9551.0, 2116564.0, -7582.721767196657, 2700, 9.0], "1": [963282, -238.0, 1283302.0, 906347.7057642355, 5716, 107.5], "-1": [1022200, -10769.0, 1380946.5, -959077.4204166416, 1138, 29.5], "2": [522721, 1114.5, 688987.25, 1020193.6119797971, 8921, 141.5], "3": [290736, 2414.0, 378795.5, 858135.1799063326, 9497, 119.0], "4": [168439, 2404.5, 216785.25, 666083.3844091068, 8326, 76.0], "5": [93519, 1773.0, 119445.0, 463055.1918614696, 5695, 146.5], "-2": [551144, -10096.5, 753015.25, -1075565.335162646, 390, 21.0], "6": [53751, 1216.5, 68169.25, 320184.1734089287, 3794, 191.0], "7": [27512, 1195.5, 34366.75, 191459.69048015593, 2165, 143.0], "8": [32144, 1291.0, 39647.0, 286586.8751236082, 2764, 200.5], "-3": [305615, -5728.0, 422536.0, -901766.9358304684, 116, -13.0], "-4": [175918, -4276.5, 244914.75, -695649.7250073529, 39, 3.0], "-5": [97829, -3439.0, 138124.5, -484323.06907463714, 7, -0.5], "-7": [29097, -860.0, 41550.0, -202496.0413575206, 0, 0.0], "-6": [56887, -1911.0, 80853.5, -338977.6128329547, 3, 1.5], "-8": [33147, -2191.5, 49112.75, -294529.89356718323, 0, 0.0]}}