{"kind": "tc_curve", "rules": "STANDARD_6D_H17", "arm": "ins", "penetration": 0.75, "seed": 10100000001, "rounds": 6000000, "total_profit": -40835.5, "bins": {"0": [1576819, -10504.0, 2117846.5, -7575.585436944902, 2759, 26.0], "1": [967224, -1459.5, 1284262.25, 910479.1204199359, 5825, 143.0], "2": [526301, 1976.0, 692364.5, 1027151.8247161923, 8910, 33.0], "3": [291314, 2584.0, 379740.0, 859683.5961996028, 9320, 129.5], "-1": [1022378, -11770.5, 1384920.25, -958535.6938759009, 1129, -15.5], "-2": [551391, -10031.0, 752890.0, -1075781.3427504792, 422, -2.5], "-3": [306031, -5934.0, 422660.0, -903230.4246717906, 124, 13.0], "4": [166499, 2225.5, 215105.25, 658151.7857793681, 7940, 224.0], "5": [91972, 2177.5, 117957.25, 455419.59556659864, 5562, 138.0], "6": [53538, 1379.0, 67337.5, 318997.45803208306, 3751, 196.0], "-4": [174483, -4974.0, 243852.5, -689724.8563070908, 51, 1.5], "-5": [96675, -2973.0, 136343.5, -478638.8338190763, 17, -1.0], "-6": [56253, -2175.5, 80184.25, -335073.3970252872, 2, 0.5], "-8": [32812, -1987.0, 47909.5, -291182.5437909211, 0, 0.0], "7": [26861, 813.0, 33787.0, 186871.12348241953, 2137, 119.5], "8": [30745, 1255.5, 37808.25, 273482.1316481156, 2683, 160.0], "-7": [28704, -1437.5, 41768.25, -199778.8658039519, 0, 0.0]}}