{"kind": "tc_curve", "rules": "STANDARD_6D_S17", "arm": "basic", "penetration": 0.75, "seed": 12000000001, "rounds": 6000000, "total_profit": -27194.0, "bins": {"0": [1579079, -6608.5, 2092446.25, -7770.396532598276, 0, 0.0], "1": [960730, 585.0, 1263280.0, 903341.184417623, 0, 0.0], "-1": [1023061, -8287.5, 1368524.25, -959549.1975836534, 0, 0.0], "-2": [553041, -6580.5, 745645.25, -1078978.0814274966, 0, 0.0], "-3": [306196, -5260.5, 417876.75, -903483.9563603872, 0, 0.0], "-4": [176039, -4285.0, 242083.5, -696077.103566969, 0, 0.0], "2": [522080, 2724.0, 679248.0, 1018643.8851550008, 0, 0.0], "3": [291232, 2773.5, 374867.25, 859255.1614447285, 0, 0.0], "4": [167195, 2849.0, 213718.0, 661040.2601597405, 0, 0.0], "-5": [97467, -3217.5, 135234.25, -482406.0047213748, 0, 0.0], "5": [92755, 908.5, 116740.25, 459244.2610043391, 0, 0.0], "-6": [56597, -2012.0, 79780.0, -337238.7299380552, 0, 0.0], "6": [53628, 1101.5, 66704.75, 319550.0464416155, 0, 0.0], "7": [27720, 660.5, 34274.75, 192978.13496610848, 0, 0.0], "8": [31248, 1135.5, 38444.25, 277807.3761765021, 0, 0.0], "-7": [28528, -1492.5, 40491.75, -198519.70116207973, 0, 0.0], "-8": [33404, -2187.5, 48209.75, -296984.9787953335, 0, 0.0]}}