{"kind": "tc_curve", "rules": "STANDARD_6D_S17", "arm": "ins", "penetration": 0.75, "seed": 12400000001, "rounds": 6000000, "total_profit": -23861.5, "bins": {"0": [1577391, -4934.0, 2088061.0, -7192.319492096228, 2800, 92.5], "-1": [1019169, -8193.5, 1361303.25, -956224.0738840195, 1168, 26.5], "1": [965420, 1656.5, 1269971.25, 908832.4939964898, 6025, 76.0], "-2": [548422, -7735.0, 740789.0, -1070345.9288966574, 423, -19.5], "-3": [306082, -5012.0, 417053.0, -903121.0209437484, 138, 0.0], "-4": [175719, -3850.5, 242151.75, -694776.7173919498, 46, 1.0], "-5": [96992, -3682.5, 134351.25, -480196.3950769545, 14, 0.5], "2": [524300, 2606.0, 679611.0, 1023296.5634885124, 9160, 119.5], "4": [168083, 2730.0, 214165.5, 664214.28864167, 8114, 314.0], "3": [293008, 3090.0, 375834.0, 864638.6541879721, 9591, 199.5], "5": [92055, 1406.0, 115907.0, 455872.17898185336, 5627, 204.5], "6": [53979, 1762.0, 67118.0, 321794.2660239843, 3798, 177.0], "7": [27853, 640.0, 34351.5, 193872.27702366892, 2123, 135.5], "8": [32333, 1377.5, 39019.25, 288362.5132416966, 2785, 206.5], "-7": [28904, -1667.5, 41412.75, -201248.79457552417, 0, 0.0], "-6": [56805, -2143.0, 79924.0, -338479.9540787512, 2, 0.5], "-8": [33485, -1911.5, 48752.25, -298017.2372091136, 0, 0.0]}}