{"kind": "tc_curve", "rules": "STANDARD_6D_H17", "arm": "basic", "penetration": 0.75, "seed": 9600000001, "rounds": 6000000, "total_profit": -38749.0, "bins": {"0": [1573109, -8724.5, 2109546.25, -7603.08024800763, 0, 0.0], "2": [523950, 1456.5, 689754.75, 1022444.6236592188, 0, 0.0], "1": [961931, -2046.5, 1280008.25, 904545.4291076392, 0, 0.0], "3": [292271, 1871.0, 380844.5, 862555.4059782629, 0, 0.0], "4": [168648, 2781.0, 218812.0, 666728.4564094607, 0, 0.0], "5": [93635, 1806.5, 119753.25, 463703.4144779377, 0, 0.0], "-1": [1022388, -9832.0, 1386928.0, -959324.5228557689, 0, 0.0], "-2": [551437, -7199.5, 755087.75, -1075994.582427027, 0, 0.0], "-3": [306858, -7306.0, 424361.0, -905358.5250976447, 0, 0.0], "-4": [174974, -4806.0, 243252.0, -691745.4908533221, 0, 0.0], "-5": [96816, -3358.5, 136253.75, -479493.93864114175, 0, 0.0], "-6": [57180, -2082.0, 81463.5, -340703.5041398226, 0, 0.0], "-7": [29036, -1161.0, 41994.5, -202117.7698764891, 0, 0.0], "-8": [33680, -1909.5, 50038.25, -299833.80403857236, 0, 0.0], "6": [54466, 714.5, 68923.25, 324518.6588816056, 0, 0.0], "7": [27564, 442.0, 34895.0, 191810.69657620054, 0, 0.0], "8": [32057, 605.0, 39545.0, 286506.35824771377, 0, 0.0]}}