{"kind": "tc_curve", "rules": "STANDARD_6D_H17", "arm": "basic", "penetration": 0.75, "seed": 9800000001, "rounds": 6000000, "total_profit": -36681.5, "bins": {"0": [1576506, -6638.5, 2114789.25, -8192.320923971194, 0, 0.0], "-1": [1022617, -11794.0, 1385560.5, -959527.0875839302, 0, 0.0], "1": [965885, -414.5, 1285647.75, 908836.3968377842, 0, 0.0], "2": [525779, 1719.5, 691859.75, 1026151.537072507, 0, 0.0], "3": [291793, 2292.5, 380269.25, 860996.002071776, 0, 0.0], "4": [166099, 2762.5, 215443.75, 656359.8888655008, 0, 0.0], "5": [91838, 1591.5, 117783.75, 454686.8782775566, 0, 0.0], "6": [53456, 1438.0, 67861.5, 318511.7337882147, 0, 0.0], "-2": [551388, -8433.5, 754505.25, -1075950.2260728418, 0, 0.0], "-3": [305940, -7374.0, 422713.5, -902662.8190850038, 0, 0.0], "-4": [175692, -4782.5, 244286.25, -694647.7621506352, 0, 0.0], "-5": [97003, -3230.5, 136343.25, -480372.182338701, 0, 0.0], "-6": [56346, -2199.0, 80209.5, -335779.320959539, 0, 0.0], "-7": [28390, -1575.0, 40815.5, -197511.86350928928, 0, 0.0], "-8": [32561, -2058.0, 46953.5, -289915.4093014733, 0, 0.0], "7": [27176, 1007.0, 34247.0, 189088.988873059, 0, 0.0], "8": [31531, 1007.0, 39121.0, 279858.2665593173, 0, 0.0]}}