{"kind": "tc_curve", "rules": "STANDARD_6D_H17", "arm": "ins", "penetration": 0.7, "seed": 12900000001, "rounds": 6000000, "total_profit": -37546.0, "bins": {"0": [1664271, -7417.5, 2237119.25, -8345.077674175214, 2578, 56.5], "1": [985051, -1274.5, 1307029.75, 929280.9255102415, 5326, 47.5], "-1": [1044699, -12726.0, 1415071.5, -982534.1094720521, 979, -18.5], "2": [527092, 2379.0, 694632.5, 1026390.8638422639, 8699, 141.5], "-2": [553554, -7902.5, 757938.25, -1077810.7263201622, 310, 22.0], "3": [282926, 2509.5, 368949.75, 833830.0240038033, 9343, 85.0], "4": [153903, 2153.0, 198691.5, 607666.9540609793, 7415, 198.5], "5": [80672, 1133.5, 102723.25, 399313.5497460651, 5030, 182.0], "-3": [296983, -6252.5, 409838.25, -875706.8872502868, 97, 7.0], "-4": [160467, -4705.5, 223797.75, -633549.7670709228, 26, 2.0], "-5": [83824, -3038.0, 117762.5, -414901.3007441296, 4, 2.5], "-6": [44167, -2291.5, 62545.75, -263069.8176232264, 1, -0.5], "-7": [21208, -882.0, 30233.0, -147448.70217671499, 0, 0.0], "-8": [19791, -1557.5, 29205.75, -172552.86047204028, 0, 0.0], "6": [42245, 856.5, 53653.75, 251774.45663589696, 2994, 145.5], "7": [20667, 727.5, 25527.25, 143669.22019914814, 1659, 141.0], "8": [18480, 742.5, 22729.75, 159976.83858732696, 1713, 132.0]}}