{"kind": "count_curves", "rules": "STANDARD_6D_H17", "arm": "ins", "penetration": 0.75, "seed": 13900000001, "custom": null, "rounds": 6000000, "total_profit": -36265.0, "signals": {"hilo_tc": {"0": [1576383, -9973.0, 2115663.0, -7865.872896119489, 2691, 42.0], "-1": [1021789, -11203.5, 1383379.25, -958544.0905423788, 1205, -29.5], "-2": [550434, -7651.0, 752577.5, -1074149.0497019845, 409, 14.5], "2": [523343, 3013.0, 688917.0, 1021459.6644794273, 8908, 64.0], "1": [962620, -547.0, 1280216.0, 905418.8939127091, 5705, 0.5], "-3": [305835, -6552.5, 422629.25, -902313.5043542782, 129, 4.5], "-4": [175659, -4832.0, 244095.0, -694198.2295488999, 35, -2.5], "-5": [97897, -3629.5, 137514.75, -484701.22867922625, 14, 3.5], "-6": [57317, -2344.5, 82211.75, -341615.875324865, 1, -0.5], "-7": [29138, -1394.5, 42121.75, -202842.99706401676, 0, 0.0], "4": [167508, 2545.5, 216472.75, 662173.1603435733, 7986, 268.5], "3": [291151, 3076.0, 380170.5, 859195.0612433397, 9564, 276.0], "5": [93531, 1995.0, 119270.5, 463052.552059014, 5657, 272.0], "7": [27997, 1162.0, 35077.5, 194858.34601726654, 2140, 184.0], "6": [53747, 1014.0, 68323.5, 320366.3816131594, 3813, 187.5], "8": [32137, 1170.5, 39837.75, 285903.3720844676, 2855, 192.5], "-8": [33514, -2113.5, 49371.75, -298603.66920136765, 1, 1.0]}, "red7_rc": {"-12": [457045, -4734.5, 619465.25, -348840.2551086, 54, 3.0], "-10": [329929, -3205.0, 445181.0, -241002.54659285513, 161, -5.5], "-11": [327086, -3953.5, 442017.25, -298627.6524048883, 88, -11.0], "-14": [257698, -2216.5, 352295.25, -398518.1014477814, 17, 2.0], "-13": [291797, -3169.5, 396683.75, -382799.0246610263, 40, -2.0], "-16": [175524, -4398.5, 239659.75, -373654.53989066463, 6, 1.5], "-18": [111061, -1772.0, 152728.0, -303530.81022684556, 0, 0.0], "-19": [86818, -2256.0, 120313.5, -263922.6650815479, 0, 0.0], "-15": [215827, -3808.5, 295823.75, -392838.8663690194, 8, -2.5], "-9": [322014, -2437.5, 434673.25, -177597.2352244054, 252, 10.5], "-7": [299206, -1943.5, 400938.75, -43108.1581110827, 545, -8.5], "-4": [247583, -601.0, 330007.5, 154981.9816551041, 1490, -23.5], "-5": [266189, -129.0, 355968.0, 92353.80418204189, 1065, 28.5], "-2": [208849, 533.0, 277431.0, 258087.60451317928, 2345, 15.5], "-3": [229392, -541.5, 303822.75, 211719.1715917051, 1953, 49.5], "-6": [283245, -1412.5, 381469.25, 25961.198307409693, 758, 29.0], "3": [108538, 1352.0, 142007.0, 326274.1486785598, 3682, 164.5], "1": [147262, 1600.5, 192619.25, 333277.765877581, 3496, -17.0], "-8": [313191, -2555.5, 421970.75, -111993.05497126668, 406, -9.5], "-17": [140422, -3249.5, 192780.25, -341241.7496875385, 0, 0.0], "-1": [188625, 587.0, 249620.0, 295227.7548236444, 2694, 27.0], "2": [127870, 1729.5, 167075.25, 336424.7738117134, 3599, 32.0], "7": [50759, 1053.0, 65256.0, 232694.29472966568, 2916, 75.0], "4": [92114, 572.0, 119609.0, 312429.1501527772, 3660, 130.5], "0": [167563, 545.5, 220000.25, 319562.4716142864, 3141, 55.5], "8": [41001, 1176.0, 52292.0, 204906.75025210367, 2628, 141.0], "5": [76860, 875.0, 99384.0, 290593.1284846416, 3386, 68.0], "9": [31909, 263.5, 40161.75, 172663.32139717753, 2131, 113.5], "6": [63326, 1046.0, 81468.5, 264987.5755057802, 3223, 118.0], "10": [24568, 667.5, 31217.25, 143111.31330407402, 1804, 125.5], "11": [18745, 646.0, 23713.0, 116450.98293218025, 1451, 105.5], "12": [13756, 602.0, 17384.5, 91118.8729487736, 1092, 72.0], "-20": [66610, -2238.0, 92903.5, -221634.28899242912, 0, 0.0], "-21": [50744, -1494.0, 70770.5, -184544.76836101324, 0, 0.0], "-24": [20298, -621.5, 28628.25, -92657.05546531772, 0, 0.0], "-22": [37930, -790.5, 52954.25, -150185.82342474372, 0, 0.0], "-23": [28139, -1102.0, 39697.0, -119368.60517779176, 0, 0.0], "13": [10197, 306.0, 12671.5, 71786.73211075665, 883, 68.5], "14": [7380, 271.5, 9215.25, 55010.84404063065, 655, 77.5], "15": [5271, 257.0, 6546.5, 41746.979945333886, 454, 4.0], "16": [3737, 108.0, 4662.5, 31091.389683435966, 317, 14.0], "-25": [14398, -576.0, 20016.0, -70090.070472564, 0, 0.0], "17": [2537, 80.0, 3155.5, 22034.68522644616, 257, 14.0], "18": [1585, -34.5, 1923.75, 14465.390088584378, 162, -3.0], "20": [728, 43.5, 911.75, 7274.210682140858, 62, 2.0], "-27": [7221, -297.5, 10179.25, -39543.39390212057, 0, 0.0], "-30": [2239, -180.5, 3324.75, -14068.935880014104, 0, 0.0], "-28": [4955, -108.5, 6805.25, -28324.713980493292, 0, 0.0], "-26": [10452, -525.0, 14722.5, -53685.48610340558, 0, 0.0], "-31": [1432, -74.5, 2130.25, -9658.40788521432, 0, 0.0], "-29": [3480, -178.5, 5074.75, -21067.886269790048, 0, 0.0], "19": [1068, 74.0, 1278.0, 10134.967436701429, 112, 13.0], "22": [304, 40.5, 379.75, 3232.1073881087336, 35, 2.0], "-32": [985, -32.0, 1436.0, -6744.642832992864, 0, 0.0], "-35": [261, -52.0, 376.0, -2001.1065005585378, 0, 0.0], "-33": [591, -29.0, 812.0, -4250.176318229807, 0, 0.0], "-36": [155, -36.5, 219.75, -1309.2496294304397, 0, 0.0], "26": [46, 15.5, 53.25, 549.6072909831652, 3, 0.0], "25": [61, 1.5, 82.75, 717.3070523959892, 3, 0.0], "21": [444, 3.5, 529.25, 4551.300743800715, 45, 0.0], "-34": [406, -8.5, 624.75, -3085.9921977634267, 0, 0.0], "-37": [91, 2.5, 112.75, -753.0199872840748, 0, 0.0], "23": [172, 20.5, 216.75, 1886.0860863023584, 16, -5.0], "-38": [63, -15.0, 91.0, -532.7400951781841, 0, 0.0], "-40": [47, 2.0, 71.5, -433.0190266597789, 0, 0.0], "24": [114, 9.5, 132.25, 1291.7159542167583, 10, 2.5], "28": [22, 8.5, 26.75, 299.3284267880771, 2, -1.0], "-39": [24, 10.0, 38.0, -206.23745620851403, 0, 0.0], "27": [24, 5.0, 26.0, 294.1535126151979, 3, 0.0], "30": [3, 1.0, 1.0, 45.80952380952381, 1, 1.0], "29": [11, 3.5, 9.25, 132.97044346761942, 2, 0.5], "34": [1, 1.0, 1.0, 14.857142857142856, 0, 0.0], "31": [2, 0.0, 2.0, 26.686634460547502, 0, 0.0]}, "ko_rc": {"-24": [360146, -3152.5, 488063.25, -274669.420515017, 0, 0.0], "-20": [249412, -2545.0, 337181.5, -242733.52506885654, 25, -3.5], "-21": [248859, -2288.0, 337732.0, -254977.82717126995, 13, -0.5], "-23": [236476, -3339.0, 321407.0, -271297.38679255, 4, -2.0], "-22": [246186, -4010.0, 333863.0, -264786.2996725832, 9, 3.0], "-25": [192998, -3270.0, 262912.0, -269249.4534486174, 1, 1.0], "-26": [161754, -2789.0, 220555.0, -255732.45977721305, 0, 0.0], "-27": [125706, -1948.5, 171654.75, -229217.0146796203, 0, 0.0], "-19": [248246, -2767.0, 334966.0, -229893.67243082862, 44, 3.5], "-18": [245190, -2079.0, 332729.0, -210914.91284533092, 71, -1.0], "-14": [230700, -1751.0, 312190.0, -94787.19378783256, 390, -3.0], "-12": [215896, -738.5, 290462.25, -14732.096322052475, 767, 24.5], "-9": [186868, 11.0, 248544.5, 115013.24300087718, 1557, 37.5], "-10": [196928, -874.5, 263225.75, 71701.47004089341, 1300, -27.5], "-6": [148827, 1185.0, 197016.0, 221999.45077583467, 2682, 0.0], "-7": [162109, -317.0, 214675.0, 190042.75044516212, 2250, 27.0], "-1": [81172, 729.5, 104923.25, 265452.76663288166, 3444, 99.0], "-3": [107546, 1264.0, 140396.0, 270910.14927662484, 3268, 61.0], "-8": [174819, -140.0, 232897.0, 155231.95379291117, 1914, 10.5], "-13": [222908, -1830.5, 298863.75, -55199.709687636634, 554, -2.5], "-17": [242930, -2322.5, 329295.75, -190028.75855376356, 113, 2.0], "-15": [235986, -1885.5, 317868.75, -131750.03039985866, 238, 16.0], "-16": [238506, -1969.5, 322606.75, -161339.20388350036, 166, -5.0], "-11": [206876, 67.0, 277904.0, 27768.667672086656, 976, 46.0], "-5": [135266, 626.0, 178079.5, 245546.30146906248, 2945, 17.0], "-4": [121056, 423.5, 158505.75, 261130.25222939273, 3196, 37.0], "1": [57936, 917.0, 74589.0, 235299.7158221494, 2995, 29.5], "-2": [93179, 813.0, 121876.0, 268552.62887344405, 3304, 100.0], "4": [31685, 1109.0, 39959.0, 168365.6554128723, 2139, 154.5], "2": [47775, 1230.0, 61174.0, 213603.90075594175, 2766, 129.0], "0": [69008, 646.5, 89553.75, 252909.24561850843, 3301, 37.0], "3": [39381, 869.0, 49957.0, 192394.03944850096, 2557, 131.5], "6": [19383, 458.5, 24326.25, 119745.82694985527, 1554, 117.0], "5": [24849, 548.0, 31630.0, 142438.20750698607, 1827, 141.0],