{"kind": "count_curves", "rules": "STANDARD_6D_H17", "arm": "ins", "penetration": 0.75, "seed": 13600000001, "custom": null, "rounds": 6000000, "total_profit": -37268.0, "signals": {"hilo_tc": {"0": [1573617, -10869.0, 2114010.0, -7770.501158617983, 2809, 83.5], "1": [965900, -320.5, 1284879.25, 909439.0222098259, 5757, 117.0], "2": [523126, 4427.0, 688561.5, 1020678.5756248987, 8869, 179.5], "3": [292522, 3512.5, 380538.25, 863150.4051778904, 9608, 302.0], "4": [167753, 2340.5, 216632.75, 662948.49583494, 7981, 76.0], "5": [92325, 2059.5, 118187.75, 456982.6077536031, 5538, 237.0], "-1": [1023943, -11364.0, 1384437.0, -960494.1391989372, 1223, 26.0], "-2": [551600, -9568.5, 754076.75, -1076739.4227172807, 442, -11.0], "-3": [306161, -6262.0, 423132.5, -903532.4321277284, 116, 14.0], "-4": [175049, -4766.5, 245002.25, -691846.6885905376, 45, 3.0], "-5": [96841, -3671.5, 137050.75, -479446.94862477784, 10, 1.0], "-6": [56888, -2507.0, 81151.5, -338932.72260388004, 2, -1.0], "-8": [32842, -2393.0, 48566.0, -292342.22415956267, 0, 0.0], "-7": [28530, -1331.5, 40902.75, -198611.51400115946, 0, 0.0], "7": [27288, 834.5, 34269.75, 189877.50186940227, 1987, 125.5], "6": [54156, 1687.0, 68939.0, 322797.1811199818, 3735, 109.5], "8": [31459, 924.5, 38191.25, 279757.56958119496, 2750, 192.5]}, "red7_rc": {"-12": [456655, -4810.0, 617308.5, -346973.80464702944, 48, 3.0], "-14": [256268, -3459.0, 349562.5, -395327.71389187605, 10, -2.0], "-7": [297150, -3349.5, 399468.25, -42948.98659317144, 609, -3.0], "-4": [249297, -307.5, 331141.75, 155440.27091460815, 1487, 71.0], "-3": [230390, 169.5, 305895.25, 212209.01254037878, 1875, 40.5], "-2": [210050, 450.0, 278797.5, 258629.13243124803, 2330, 12.5], "0": [167521, 1477.0, 220410.5, 318616.7331776807, 3093, 114.0], "-1": [189208, 876.0, 249514.0, 295366.4910065377, 2778, 25.5], "3": [109962, 1045.5, 142929.75, 330310.4964012268, 3744, 94.5], "5": [77023, 1322.0, 99982.5, 291375.13757123717, 3500, 90.5], "2": [127800, 1263.5, 165657.25, 335745.52890157996, 3607, 74.5], "1": [147540, 1910.0, 193948.5, 334202.7862292661, 3419, 83.0], "6": [63494, 1448.0, 81962.5, 265177.5522966437, 3256, 82.0], "7": [50625, 727.5, 64383.25, 232207.64556418802, 2881, 124.0], "9": [31504, 624.0, 39834.5, 170305.3997401435, 2106, 94.5], "8": [40672, 1099.0, 52185.5, 203203.94027706888, 2549, 68.0], "4": [92692, 1495.0, 120161.0, 313842.2246157568, 3573, 64.5], "-17": [140315, -3369.5, 193527.25, -340427.59996623074, 0, 0.0], "-18": [111298, -1920.0, 154232.5, -303134.38785008923, 0, 0.0], "-19": [87245, -1803.5, 120990.25, -262268.4237437913, 0, 0.0], "-13": [289758, -4984.5, 393696.75, -379493.2206323119, 22, -2.0], "-10": [328688, -3192.5, 445176.75, -241690.4367565751, 149, 3.5], "-9": [321986, -3665.5, 432774.75, -178893.95923605375, 263, 3.5], "-8": [312399, -2580.5, 421195.25, -111780.71739426113, 410, 23.0], "-6": [283097, -296.0, 380704.0, 25621.698872821275, 852, 19.5], "-5": [267721, -1177.5, 358489.75, 93704.88000107472, 1163, 56.0], "-11": [327038, -5702.0, 442800.5, -297880.4460122533, 96, 1.5], "-15": [215272, -3186.5, 294956.75, -390913.45269249537, 10, -3.5], "-16": [175769, -2870.5, 241319.25, -372507.6428030446, 2, 2.0], "-20": [67595, -1399.5, 93382.25, -224099.15829458475, 0, 0.0], "-22": [38340, -1118.5, 54127.25, -150613.85100019106, 0, 0.0], "11": [18688, 603.0, 23784.5, 116418.40789877244, 1438, 32.5], "-21": [51349, -1031.0, 71651.5, -185651.9688437219, 1, 1.0], "10": [24105, 169.5, 30612.75, 140147.72659735594, 1716, 63.0], "14": [7294, 270.5, 8980.25, 54600.286454033965, 595, 26.5], "12": [13855, 373.0, 17415.5, 91980.60846573547, 1064, 51.5], "-23": [28367, -931.5, 40088.75, -120005.31617136479, 0, 0.0], "-24": [20441, -623.0, 28842.0, -92092.81899581166, 0, 0.0], "-25": [14553, -456.0, 20598.0, -70443.06437423939, 0, 0.0], "-29": [3299, -81.5, 4675.75, -19984.363434423354, 0, 0.0], "-33": [573, -16.0, 817.0, -4246.627479880427, 0, 0.0], "-30": [2182, -109.0, 3159.5, -13856.157363980263, 0, 0.0], "-26": [10285, -336.5, 14621.25, -52818.64717416217, 0, 0.0], "-27": [6957, -399.5, 9813.25, -37807.60627324575, 0, 0.0], "-28": [4859, -146.0, 6832.5, -27735.142959500998, 0, 0.0], "13": [9965, 388.0, 12248.5, 70414.4156524888, 806, 54.5], "17": [2411, -66.0, 2903.0, 21056.135186852218, 228, 18.0], "15": [5026, 189.5, 6322.25, 39602.1833315418, 446, 12.5], "16": [3439, 194.0, 4275.0, 28554.49034714096, 308, -2.5], "20": [697, 31.5, 845.25, 6834.558800417321, 75, 0.0], "18": [1558, 84.5, 1842.75, 14230.148029894886, 153, 28.5], "19": [1111, 23.0, 1352.5, 10477.692830580954, 95, 8.0], "-32": [987, -63.5, 1340.25, -6912.105974073278, 0, 0.0], "-31": [1475, -155.0, 2179.0, -9852.030059651992, 0, 0.0], "-34": [386, -24.0, 500.5, -2928.124687484998, 0, 0.0], "21": [473, 20.0, 553.0, 4693.650670739755, 44, 9.5], "22": [266, 36.5, 341.25, 2817.7191008973205, 23, 5.0], "24": [112, 19.5, 120.75, 1270.2692678948201, 13, -0.5], "-36": [132, -24.0, 197.5, -1075.5398369723437, 0, 0.0], "-35": [221, 13.5, 338.25, -1663.1412232645125, 0, 0.0], "-39": [25, 10.5, 27.25, -208.04931506469896, 0, 0.0], "-38": [47, 5.5, 80.25, -390.0733771418538, 0, 0.0], "-37": [85, -4.5, 128.25, -721.7065296406661, 0, 0.0], "25": [69, 7.5, 98.75, 802.3243273329163, 3, 0.0], "23": [183, 29.5, 228.25, 2077.914042848155, 17, 3.5], "27": [35, -1.0, 33.5, 420.35790806447096, 5, 2.0], "26": [45, -5.0, 57.5, 499.83939534755314, 6, 1.5], "28": [25, 5.0, 37.5, 288.3025421657266, 3, 0.0], "33": [2, -2.0, 2.0, 29.079055118110233, 0, 0.0], "31": [3, 4.5, 7.25, 35.78530841512055, 0, 0.0], "30": [5, 1.5, 7.25, 59.29994443899728, 1, -0.5], "29": [13, 6.5, 18.75, 162.58454468759177, 0, 0.0], "-40": [22, 7.0, 31.0, -216.4852529713015, 0, 0.0], "34": [1, -1.0, 1.0, 14.589928057553958, 0, 0.0], "32": [2, 0.0, 2.0, 30.236657216812524, 0, 0.0]}, "ko_rc": {"-24": [359246, -3178.5, 486705.75, -273486.0771538443, 3, -1.5], "-26": [162099, -2547.0, 220939.5, -254646.57444636812, 0, 0.0], "-19": [247726, -3824.0, 335152.5, -229137.223645878, 37, 1.0], "-16": [238315, -3554.0, 321314.0, -159677.16443226114, 192, 12.0], "-13": [223396, -2450.5, 299551.25, -56428.66729861054, 533, 26.0], "-11": [207726, -141.5, 278903.25, 29147.12885525837, 973, 52.0], "-9": [186931, -452.5, 249447.25, 114891.76173512694, 1573, -2.0], "-10": [197997, -556.5, 265041.75, 72406.10825405197, 1334, 5.0], "-8": [176117, 346.5, 234596.75, 154865.33883802328, 1932, 0.0], "-5": [135670, 1600.0, 178045.5, 245789.20289275522, 2927, 83.0], "-3": [107565, 1130.0, 140085.0, 269884.88927054673, 3394, 98.5], "-2": [94099, 1060.0, 122065.0, 270684.85515010956, 3425, 140.0], "-4": [121878, 1874.5, 159844.25, 261612.47005948596, 3167, 54.5], "-7": [163264, 216.5, 215771.75, 192089.41135620905, 2328, 87.0], "-6": [148949, 264.5, 196984.25, 220472.9448737074, 2674, 40.0], "-1": [81186, 956.0, 105315.0, 265073.7639058261, 3430, 47.5], "0": [69269, 1218.0, 89287.0, 253569.062813204, 3209, 66.5], "1": [58170, 1152.0, 74865.5, 235780.23211983402, 3033, 97.5], "3": [39117, 1054.5, 50400.25, 191247.11384101893, 2475, 79.5], "4": [31519, 907.5, 40015.25, 167412.66117249648, 2095, 85.0], "-29": [70336, -1560.0, 97029.0, -166858.69512889624, 0, 0.0], "-30": [52073, -508.5, 72068.75, -137075.52684552147, 0, 0.0], "-31": [37991, -642.0, 52844.5, -110328.64705380685, 0, 0.0], "-25": [192072, -2375.5, 262837.25, -268000.71423954255, 0, 0.0], "-23": [236702, -2870.0, 322142.5, -270320.17704788153, 5, -1.0], "-21": [247713, -3214.5, 336694.25, -254047.99233083247, 6, -3.0], "-20": [248728, -2676.5, 337578.75, -242370.39269148814, 21, 1.5], "-18": [244646, -3079.0, 331451.0, -208944.38954352486, 60, 6.0], "-14": [228970, -1524.0, 308078.0, -94490.2143517653, 396, 6.0], "-15": [234257, -4056.0, 315227.5, -130119.85105963884, 278, -5.5], "-12": [215006, -886.0, 288678.0, -14980.043553804346, 753, 19.5], "-27": [126442, -2299.5, 172583.75, -228796.9993560706, 1, 1.0], "-28": [96285, -1475.0, 132208.0, -200607.99271059677, 0, 0.0],