{"kind": "count_curves", "rules": "STANDARD_6D_H17", "arm": "ins", "penetration": 0.75, "seed": 13400000001, "custom": null, "rounds": 6000000, "total_profit": -35548.0, "signals": {"hilo_tc": {"0": [1576541, -10082.5, 2114682.75, -7747.509136768676, 2723, 14.0], "-1": [1021932, -11079.0, 1383105.0, -958686.7830058781, 1128, -15.0], "-2": [551532, -8871.0, 753173.5, -1076266.16443645, 446, 3.5], "-3": [307626, -5950.5, 426074.25, -907875.4214620761, 140, 12.5], "-4": [176211, -4000.0, 246548.0, -696390.1104525559, 42, 4.5], "1": [964820, -129.0, 1281429.5, 907580.1132020944, 5860, 101.5], "2": [522447, 2363.0, 688791.5, 1019865.6560362898, 9009, 166.5], "4": [166405, 2554.5, 214457.25, 657757.6476759864, 7996, 194.5], "3": [290299, 3242.5, 378446.75, 856492.6763021341, 9555, 285.0], "5": [92340, 1276.5, 117259.25, 457293.49491482816, 5614, 119.5], "6": [54605, 1271.5, 68870.75, 325396.9669835097, 3743, 153.5], "-5": [97885, -2857.0, 137654.0, -484656.6072470404, 12, 1.5], "-6": [56442, -2277.0, 80695.0, -336335.36432856723, 2, -1.0], "-7": [28901, -1397.5, 41466.25, -201161.6258170224, 1, 1.0], "-8": [33597, -1655.5, 49381.75, -298935.4746602164, 0, 0.0], "7": [27206, 889.0, 33912.5, 189289.02927566244, 2116, 190.0], "8": [31211, 1154.0, 38123.0, 277715.62940625154, 2757, 237.0]}, "red7_rc": {"-12": [457351, -4435.0, 618033.5, -348496.202999109, 50, -4.0], "-10": [330071, -2197.0, 445523.0, -243383.36677920964, 160, -3.5], "-11": [328896, -2771.0, 446189.0, -300977.2969192688, 101, 11.0], "-9": [322930, -3312.5, 435007.25, -179609.34939552093, 213, -13.5], "-8": [312781, -2232.0, 420577.0, -111674.477988167, 401, -10.0], "-7": [299085, -3061.0, 400956.0, -42753.33340248978, 617, -1.0], "-14": [257082, -3612.5, 350866.75, -398405.1843212007, 10, 1.0], "-15": [215048, -3959.5, 294274.75, -393714.8727280366, 14, 5.0], "-16": [175170, -2729.0, 240574.0, -372742.67720402, 3, -1.5], "-13": [291863, -4370.0, 396631.5, -383339.1154401579, 29, -1.0], "-6": [283504, -1212.5, 380680.75, 25673.727326632343, 791, 9.5], "-3": [228997, -521.0, 304891.5, 210904.91487502656, 1897, 25.0], "-4": [248226, -1091.5, 330095.25, 155226.98281986485, 1506, 4.5], "-5": [267193, -704.0, 356578.0, 93135.982517359, 1141, 20.5], "-1": [188974, 431.5, 249639.25, 294772.86696273496, 2820, 46.5], "-2": [208732, 1319.0, 276440.0, 257354.17281525992, 2371, 68.5], "0": [167551, 1215.0, 220836.0, 319256.94270918565, 3103, 68.5], "2": [127315, 1195.0, 165838.5, 334471.2871638318, 3630, 105.0], "6": [63100, 837.5, 81313.75, 264028.7908912764, 3189, 138.0], "7": [51091, 1432.0, 65373.5, 234245.78281120717, 2949, 132.0], "4": [91974, 684.0, 119324.5, 311488.8656018955, 3596, 101.0], "5": [76957, 1131.5, 99167.75, 291223.17572554434, 3461, 60.5], "3": [109441, 964.5, 141928.75, 328287.94229392725, 3744, 100.5], "8": [40379, 857.5, 51355.25, 201863.9206297674, 2561, 95.0], "-20": [67031, -1908.0, 92458.5, -224058.0569182886, 0, 0.0], "-18": [111347, -1813.5, 154023.75, -305209.0283573914, 1, 1.0], "1": [146705, 1003.5, 193331.75, 331411.1672984157, 3423, 78.0], "-17": [140046, -2621.0, 192427.0, -339754.98181660526, 1, -0.5], "-19": [86787, -1739.5, 120337.25, -263239.1089760937, 0, 0.0], "-22": [38127, -1106.0, 53695.0, -149362.81606174947, 0, 0.0], "-23": [28242, -841.5, 39927.75, -119981.01954826117, 0, 0.0], "-25": [14751, -442.5, 20618.75, -71434.56370873826, 0, 0.0], "-24": [20383, -590.5, 28664.25, -91841.77816827389, 0, 0.0], "-27": [6989, -256.5, 9905.25, -38247.981048403126, 0, 0.0], "-26": [10341, -458.0, 14478.5, -52916.500491508756, 0, 0.0], "-28": [4836, -194.5, 6867.25, -27567.714881901466, 0, 0.0], "10": [24233, 459.5, 30495.25, 141220.58897020505, 1775, 56.0], "-21": [51078, -1093.5, 71328.75, -185999.37525227846, 1, 1.0], "12": [13633, 269.5, 17165.75, 90621.77389968032, 1103, 38.0], "14": [7137, 266.0, 8727.0, 53236.61309199853, 642, 79.5], "13": [9953, 217.5, 12322.25, 70150.26187445922, 842, 53.0], "11": [18582, 409.5, 23172.25, 115909.10699045644, 1445, 93.5], "9": [31308, 931.0, 39533.5, 168999.6846989642, 2156, 15.5], "16": [3614, 109.0, 4509.5, 29919.773703966355, 323, 14.0], "18": [1613, 151.5, 1968.75, 14813.213961482259, 151, 19.0], "19": [1130, 48.0, 1351.5, 10834.262959187734, 87, 21.0], "17": [2359, 66.5, 2867.75, 20595.81232519142, 224, 26.0], "15": [5106, 248.5, 6285.75, 40187.239470626744, 444, 3.0], "-30": [2138, -119.5, 3134.25, -13741.18141832133, 0, 0.0], "-31": [1393, -91.0, 2013.5, -9428.334257368688, 0, 0.0], "-29": [3223, -153.0, 4628.0, -19583.426884769913, 0, 0.0], "-32": [917, -50.0, 1385.0, -6307.480500097239, 0, 0.0], "20": [681, -6.5, 854.75, 6789.508150041485, 60, 0.0], "-34": [374, -11.5, 528.75, -2783.802976247017, 0, 0.0], "21": [446, -8.0, 543.0, 4652.721878749979, 45, 0.0], "25": [66, 9.0, 73.0, 765.1025063379033, 9, 1.5], "22": [270, 0.5, 317.75, 2946.6360450259185, 31, 8.5], "23": [162, -32.0, 204.0, 1808.90676729971, 11, -1.0], "-33": [621, -30.0, 897.5, -4608.006683816973, 0, 0.0], "-35": [211, -5.5, 270.25, -1648.664366454837, 0, 0.0], "-38": [43, 1.5, 64.25, -350.15329936267767, 0, 0.0], "24": [84, 0.5, 110.75, 964.6274602566455, 9, 0.0], "-36": [142, -4.0, 225.0, -1158.0308595236083, 0, 0.0], "-37": [60, -12.5, 96.25, -477.49772696957837, 0, 0.0], "-40": [31, -1.5, 37.25, -263.6714056037522, 0, 0.0], "27": [20, -5.5, 23.25, 242.85324282852872, 1, 1.0], "-39": [27, 4.5, 61.25, -215.2079131758933, 0, 0.0], "26": [33, 1.0, 28.5, 397.2312414090593, 2, 2.0], "28": [8, -3.0, 7.0, 100.87873111588813, 1, 1.0], "29": [5, -2.5, 6.25, 70.37429547919157, 0, 0.0], "33": [1, -1.0, 1.0, 12.518518518518519, 0, 0.0], "31": [1, -1.0, 1.0, 12.254777070063694, 0, 0.0], "30": [1, -1.0, 1.0, 11.945945945945946, 0, 0.0]}, "ko_rc": {"-24": [360472, -3842.5, 487251.25, -274838.88455598254, 2, 0.5], "-22": [246162, -2913.5, 333612.25, -264367.4550582248, 5, 0.5], "-23": [238113, -3453.5, 324641.75, -273428.9659924773, 6, 0.0], "-20": [249072, -2827.5, 337384.25, -244771.63842918994, 27, -3.0], "-19": [248128, -2082.5, 335894.75, -229309.72848819036, 41, 0.5], "-18": [245480, -3547.5, 331401.75, -210544.43517894394, 63, 7.5], "-17": [243455, -1723.0, 328756.5, -190371.21728661022, 138, 3.0], "-25": [192296, -3374.0, 262014.0, -268610.52395437105, 1, 1.0], "-21": [249705, -1852.0, 338896.5, -256496.02085173197, 13, -0.5], "-12": [215961, -1170.5, 290361.25, -14881.183357482982, 732, -31.5], "-14": [229105, -2599.0, 307474.5, -94962.85641139318, 386, 0.5], "-11": [207047, -1165.0, 277549.5, 28632.809926470727, 1017, 54.0], "-8": [174506, 315.0, 232742.0, 155713.42472975398, 1977, 30.0], "-9": [187654, -564.5, 249931.25, 115897.09374333381, 1614, 39.0], "-10": [197266, -387.0, 263066.0, 71829.19689902205, 1298, 18.5], "-16": [239644, -1675.0, 323964.0, -162517.2928547975, 157, -11.0], "-15": [235591, -2034.5, 317983.25, -132048.19610593034, 249, -9.0], "-6": [148544, 89.5, 196969.75, 220952.35893081492, 2761, 4.0], "-2": [94081, 1303.5, 122630.75, 271374.55765722774, 3401, 123.5], "0": [69168, 839.0, 89749.0, 252892.29232765466, 3260, 74.0], "-3": [106855, 1169.0, 139385.0, 268210.6725549858, 3258, 43.5], "-5": [135206, 636.5, 178098.75, 244437.65470530838, 2919, 100.5], "-4": [120880, 445.5, 158187.75, 259714.89819987296, 3210, 162.0], "1": [57835, 1209.5, 74111.25, 234532.8246853732, 2998, 67.0], "2": [47791, 825.0, 60963.0, 213921.0502326012, 2778, 69.0], "3": [38689, 775.5, 49156.75, 189515.95696159726, 2529, 67.5], "-13": [223558, -1876.5, 300738.75, -56449.16158959622, 574, -9.5], "-7": [162104, 485.5, 214571.25, 190845.76960683384, 2307, 18.0], "-26": [160899, -2128.5, 219589.25, -253774.6029511437, 0, 0.0], "-30": [51440, -1240.5, 70821.75, -136448.1205929507, 0, 0.0], "-28": [95308, -1559.5, 130626.75, -199367.44187229485, 0, 0.0], "-27": [125370, -1139.5, 171935.75, -229234.78529225968, 1, 1.0], "-29": [69990, -1256.0, 97044.0, -166681.65471326705, 0, 0.0], "-31": [38116, -1078.5, 52631.25, -110992.33161504439, 0, 0.0],