{"kind": "count_curves", "rules": "STANDARD_6D_H17", "arm": "ins", "penetration": 0.75, "seed": 14100000001, "custom": null, "rounds": 6000000, "total_profit": -44223.5, "signals": {"hilo_tc": {"0": [1577597, -11474.5, 2113219.75, -7065.874849825931, 2690, 45.5], "-1": [1027133, -12853.5, 1387802.75, -963392.8146846035, 1154, 23.0], "1": [961928, 63.5, 1277641.25, 904808.7666719063, 5758, 151.0], "-2": [548386, -10444.5, 750365.25, -1069763.1836538573, 409, -15.5], "-4": [175403, -5573.5, 244158.75, -693312.4488654725, 47, 9.5], "-6": [57009, -2419.5, 81133.25, -339733.23690901056, 5, -1.0], "2": [523517, 1940.5, 689756.25, 1021292.4255571354, 8835, 189.0], "-3": [304768, -6269.0, 421389.5, -899515.5797111179, 144, -6.0], "-5": [96866, -3239.0, 136181.5, -479632.5439737058, 11, -4.0], "-7": [29041, -1577.0, 41393.0, -202077.58252747616, 2, 2.0], "-8": [33314, -2046.5, 49946.75, -296402.8802710053, 0, 0.0], "3": [292909, 2864.0, 380890.5, 864271.0177691703, 9715, 221.5], "4": [166686, 1564.0, 215201.0, 658750.9227594167, 7957, 164.5], "5": [92121, 1754.5, 116919.25, 456234.6921497087, 5369, 270.5], "6": [54005, 1362.5, 68383.25, 321900.57597412745, 3899, 116.0], "7": [27426, 965.5, 34217.75, 190862.1918051644, 2097, 124.5], "8": [31891, 1159.0, 38783.5, 284196.3853719064, 2746, 161.5]}, "red7_rc": {"-12": [457439, -5131.5, 618273.75, -347584.1965454464, 46, 5.5], "-14": [257602, -3842.5, 349657.25, -398824.2039769889, 17, 8.0], "-13": [290711, -3785.0, 394748.0, -383350.18077968445, 39, 3.0], "-11": [329893, -4553.0, 447124.5, -300913.039362297, 92, -4.0], "-8": [313146, -2896.0, 421046.0, -111633.25935228796, 394, -11.0], "-7": [298457, -2076.5, 400177.25, -42236.776081188815, 578, 9.5], "-5": [266512, -1493.5, 356649.75, 93310.75075731146, 1089, 4.5], "-4": [248658, -1182.0, 330640.0, 156030.66293223086, 1546, 35.5], "-10": [331882, -3186.0, 446584.0, -243040.81205982747, 176, 3.5], "-15": [215878, -4070.5, 295002.25, -394014.07139435725, 7, 1.0], "-6": [283135, -2137.5, 378052.75, 26879.52882792933, 756, 19.5], "-9": [324114, -2531.0, 438424.5, -177632.558536205, 228, 3.0], "-2": [208792, 647.5, 277211.25, 258681.05481427384, 2243, 47.0], "-1": [187654, 223.5, 247929.25, 293758.3685989708, 2715, 123.0], "-16": [176131, -3213.5, 240541.75, -373967.2447797926, 4, 1.0], "-3": [228900, -472.5, 304098.75, 211464.57209875516, 1901, 23.0], "0": [167584, 855.5, 220642.25, 320315.6634921915, 3198, 52.5], "1": [146982, 1258.0, 191876.0, 333553.06966613064, 3434, 50.0], "-17": [140238, -2811.0, 192593.0, -340888.24070169596, 2, 0.5], "-18": [110276, -2705.0, 152219.5, -299769.60695289436, 0, 0.0], "-20": [66681, -2153.0, 92626.5, -223166.5076858427, 0, 0.0], "-19": [86733, -2558.5, 119895.25, -261882.8717875209, 0, 0.0], "-22": [37687, -1086.0, 52664.5, -149244.62737957982, 0, 0.0], "2": [128079, 303.0, 167128.5, 337406.602990635, 3675, 84.0], "4": [92677, 1016.5, 119759.75, 314475.04414254666, 3602, 63.5], "3": [109883, 904.5, 142763.75, 330706.20638205955, 3718, 122.5], "-21": [50141, -1277.5, 70011.75, -182135.23247790922, 0, 0.0], "-23": [27706, -906.0, 39148.5, -118099.12114503968, 0, 0.0], "-24": [20004, -768.5, 28109.25, -90952.66181430817, 0, 0.0], "-25": [14582, -330.5, 20643.25, -70669.6743829198, 0, 0.0], "-26": [10301, -254.0, 14817.0, -53011.60292270964, 0, 0.0], "-27": [7065, -183.0, 10061.5, -38623.51717739722, 0, 0.0], "-30": [2105, -43.0, 3084.5, -13254.703351075183, 0, 0.0], "-28": [4776, -310.0, 6927.0, -27516.302655463, 0, 0.0], "5": [76572, 723.5, 99208.75, 290125.58247182093, 3440, 78.5], "7": [50663, 1040.0, 64444.5, 233103.6199425718, 2961, 58.5], "9": [31544, 569.5, 40077.75, 170477.57551645066, 2156, 75.5], "8": [40037, 665.5, 51219.75, 200384.27610242108, 2477, 62.0], "11": [18207, 269.5, 22740.25, 113534.89858829914, 1386, 85.5], "13": [9832, 414.5, 12047.25, 69793.31230725128, 794, 66.5], "16": [3527, 232.0, 4263.0, 29442.437801700184, 333, 16.5], "14": [7151, 479.5, 8969.25, 53434.87201781971, 627, 16.5], "-31": [1417, -87.5, 2033.75, -9328.39120358441, 0, 0.0], "-29": [3266, -86.5, 4672.25, -19599.802002755932, 0, 0.0], "6": [62586, 1006.0, 80344.0, 262242.8939124889, 3218, 137.0], "10": [24160, 840.5, 30425.25, 140548.3212245398, 1772, 62.0], "12": [13723, 321.5, 16967.75, 91307.8299145122, 1106, 77.0], "17": [2538, 31.5, 3051.75, 22030.300952944872, 209, 20.0], "15": [5168, 138.5, 6381.25, 40840.10830633738, 442, 37.0], "18": [1683, 13.5, 2045.75, 15220.95271701842, 173, 11.0], "21": [507, 27.0, 645.0, 5210.0097961469, 51, 1.5], "23": [179, 14.5, 216.25, 1985.8858782841392, 16, -2.0], "24": [103, -9.0, 117.0, 1212.5455088376639, 8, 5.0], "19": [1117, 59.0, 1371.5, 10524.09730693676, 102, 3.0], "-33": [608, 5.5, 919.75, -4426.274977601983, 0, 0.0], "-32": [870, -88.0, 1248.5, -6132.987433550823, 0, 0.0], "-35": [222, -36.0, 330.0, -1766.8506324279442, 0, 0.0], "20": [747, 19.5, 927.75, 7380.636101956808, 69, -4.5], "-34": [338, -16.0, 484.5, -2523.295781205583, 0, 0.0], "-37": [85, 0.5, 120.75, -696.8586483748784, 0, 0.0], "-38": [54, -16.0, 69.0, -463.3559223234801, 0, 0.0], "22": [276, 16.0, 346.0, 2930.5909882256437, 19, -2.0], "-36": [103, -26.5, 171.25, -824.1995110322706, 0, 0.0], "26": [47, 3.0, 44.5, 585.3505397416877, 6, 1.5], "28": [29, -0.5, 48.25, 387.54402026922406, 5, -1.0], "25": [76, 3.5, 72.75, 877.8482805673468, 5, 2.0], "-39": [45, -6.5, 49.75, -380.5558983808852, 0, 0.0], "27": [24, 0.5, 19.75, 309.82165273699917, 3, 0.0], "-40": [76, -1.0, 135.0, -726.3988616274245, 0, 0.0], "31": [3, 0.5, 3.25, 45.63870820495264, 0, 0.0], "30": [5, -1.0, 7.0, 69.77428632395373, 0, 0.0], "32": [2, 2.5, 3.25, 31.20323433369616, 0, 0.0], "29": [6, 2.0, 7.5, 81.36400561349095, 0, 0.0]}, "ko_rc": {"-24": [360184, -4201.5, 486646.25, -273646.25610031653, 2, -1.0], "-26": [161994, -2757.0, 220384.5, -255277.62922484105, 0, 0.0], "-25": [191933, -2575.5, 261631.75, -268529.87339500635, 1, 1.0], "-22": [246509, -3591.5, 334132.25, -264522.52071777254, 4, 1.0], "-18": [246209, -2688.5, 332330.75, -211223.29795857772, 84, -4.5], "-17": [243074, -2262.0, 328258.5, -188159.70794380576, 102, 4.5], "-14": [229924, -1550.0, 310328.5, -95972.40858339072, 382, 14.5], "-12": [216101, -2090.5, 289843.75, -15032.773087463207, 730, 11.5], "-13": [223522, -2938.5, 299893.75, -57646.86154089959, 546, 21.0], "-16": [239342, -2441.5, 323937.75, -159107.92797342417, 161, 17.0], "-19": [247475, -3730.0, 335463.5, -228955.28418164005, 46, 1.0], "-21": [250140, -2536.5, 338915.25, -255705.68192465662, 10, -3.5], "-20": [250214, -3204.0, 338517.5, -243394.78060237935, 38, 6.5], "-10": [197440, -855.5, 263338.25, 72760.37499631832, 1290, 15.0], "-9": [186623, -1370.0, 248780.0, 115104.34179630737, 1534, -5.0], "-5": [135477, 764.0, 178177.0, 245845.88870586193, 2875, 110.5], "-4": [121327, 112.0, 159158.5, 262170.37042545975, 3222, 46.5], "-3": [107953, 511.5, 141248.75, 271921.82864014676, 3389, 95.0], "-7": [162494, 852.5, 215126.25, 191932.31984438302, 2397, 60.0], "-8": [173999, 162.0, 230879.5, 153983.13325134086, 1950, 0.0], "-15": [236152, -1481.0, 318135.0, -130845.79568266103, 239, -2.5], "-11": [207268, -783.0, 277960.5, 29230.022937349244, 1006, 5.5], "-6": [148819, -15.5, 196177.25, 221903.60659537098, 2662, 127.0], "-2": [93316, 877.0, 121024.0, 270050.6377301722, 3394, 26.5], "-27": [125261, -2723.0, 170860.0, -226793.43326498807, 0, 0.0], "-29": [69784, -1513.5, 95792.25, -165664.2176552677, 0, 0.0], "-23": [236903, -3131.5, 320789.25, -270724.7149793381, 3, 3.0], "-31": [36982, -696.5, 51301.75, -108205.51304871065, 0, 0.0], "-28": [95623, -1641.0, 131489.5, -198819.49100057923, 0, 0.0], "0": [68684, 965.5, 88542.75, 251514.75172433018, 3245, 99.5], "-1": [81174, 192.0, 104848.0, 265636.31875362183, 3394, 16.0], "-30": [51800, -1600.5, 71303.75, -137435.35907560235, 0, 0.0], "-33": [18537, -643.5, 25885.25, -64457.3657875829, 0, 0.0], "-32": [26601, -644.5, 37265.75, -85217.4251465112, 0, 0.0],