{"kind": "count_curves", "rules": "STANDARD_6D_H17", "arm": "ins", "penetration": 0.75, "seed": 13500000001, "custom": null, "rounds": 6000000, "total_profit": -38582.5, "signals": {"hilo_tc": {"0": [1576184, -8889.0, 2115796.0, -7416.814659006707, 2782, 49.0], "1": [964162, 53.5, 1282037.25, 907113.1974877197, 5812, 107.5], "2": [522856, 1690.5, 686754.75, 1020160.0111523927, 8940, 169.5], "-1": [1025733, -12009.5, 1388823.75, -962260.885061308, 1176, 0.0], "-2": [553105, -7866.0, 757242.5, -1079086.7477870176, 394, 16.0], "-3": [306926, -6033.0, 423731.5, -905793.5550463547, 122, 8.0], "3": [291651, 2224.5, 379803.25, 860546.4454487201, 9652, 221.5], "4": [165801, 1926.5, 213539.75, 655393.4820779354, 7960, 235.0], "5": [91179, 1635.5, 116018.25, 451444.30262608174, 5537, 302.0], "-4": [175406, -5280.5, 244882.75, -693448.9421702579, 44, -2.5], "-5": [97625, -3171.5, 137645.75, -483296.01077017153, 15, 4.5], "-6": [56192, -2447.5, 80037.25, -334875.8393170804, 3, 1.5], "-7": [28472, -1595.0, 41124.5, -198125.0152383834, 1, 1.0], "-8": [32887, -1801.0, 48566.5, -292410.2977466379, 0, 0.0], "8": [31061, 1032.5, 37805.75, 276176.7371810999, 2824, 220.0], "7": [27161, 682.5, 33777.25, 189048.68424024107, 2119, 107.5], "6": [53599, 1265.0, 67656.5, 319446.1391875571, 3841, 134.5]}, "red7_rc": {"-12": [458650, -4227.5, 619421.75, -351908.8072191674, 58, -6.5], "-13": [291275, -4173.5, 395518.25, -384892.0112950258, 17, 0.5], "-11": [328882, -3339.0, 445737.5, -301335.3252464023, 87, 12.0], "-8": [312489, -2622.5, 421433.25, -112778.58273710703, 402, -21.0], "-6": [284968, -1552.5, 380729.75, 25777.057051156135, 844, 28.0], "-7": [299724, -2444.0, 401878.0, -43290.732971659374, 578, 12.5], "-2": [209067, 1311.0, 276589.0, 257915.9640090539, 2312, 23.0], "1": [147461, 139.5, 193135.25, 333324.3544662836, 3464, 119.0], "-3": [229619, 40.0, 305132.0, 211726.675319976, 1952, 96.5], "-4": [248546, -408.5, 331323.25, 155641.15064128966, 1506, 45.0], "-5": [267105, -835.5, 357408.75, 92736.43776480595, 1192, 4.0], "-1": [188408, 47.0, 248224.5, 294599.71964155085, 2762, 63.5], "-9": [322866, -1644.5, 436278.25, -179684.52043589155, 241, 4.0], "-10": [329344, -2983.0, 445781.5, -242769.52161815323, 143, -10.0], "-15": [216606, -2796.0, 296685.5, -397065.6767903051, 6, -3.0], "0": [168396, 408.0, 221566.5, 320983.42297299276, 3073, 43.0], "5": [75963, 691.5, 98345.25, 287002.46425166226, 3521, 42.5], "2": [127296, 627.0, 165736.5, 334547.3304979219, 3512, 59.0], "4": [91714, 1155.0, 118557.5, 311179.94656712137, 3652, 82.0], "7": [50674, 1063.0, 64984.5, 231714.547285053, 2945, 147.5], "8": [39729, 656.5, 50497.25, 197886.24807227915, 2459, 108.5], "10": [23980, 248.0, 29920.0, 139362.07888291482, 1800, 57.0], "9": [31582, 884.5, 39930.25, 170366.69603038585, 2192, 15.5], "6": [62395, 905.5, 80236.75, 260340.9365785664, 3166, 172.0], "3": [109506, 424.0, 142111.5, 328741.7310110155, 3792, 103.5], "-16": [175066, -2653.5, 240699.25, -371554.34966258885, 2, -1.0], "-19": [86984, -2665.5, 120886.25, -263180.6506356207, 1, -0.5], "-18": [111501, -2360.5, 153509.75, -303913.33201669436, 1, 1.0], "-22": [37595, -1399.5, 52547.75, -147561.92881255044, 0, 0.0], "-23": [27658, -657.5, 39081.25, -117245.94689379283, 0, 0.0], "-20": [66610, -1694.0, 92817.5, -221016.17571206842, 0, 0.0], "-14": [258008, -4362.5, 352217.25, -399522.6209336006, 17, -1.0], "-17": [140300, -2280.5, 194230.25, -341505.27182698424, 0, 0.0], "-21": [50176, -1565.0, 70339.5, -181533.45257034505, 1, 1.0], "-24": [19655, -562.5, 27409.75, -88952.9012541674, 0, 0.0], "-25": [14266, -319.5, 19796.25, -68835.33201462963, 0, 0.0], "-26": [9961, -434.0, 14092.5, -50663.35252715308, 0, 0.0], "11": [18318, 449.5, 22921.25, 114091.06861867399, 1418, 108.5], "15": [5105, 189.0, 6217.0, 40262.81681422292, 482, 38.0], "13": [10236, 147.0, 12555.0, 72371.73086444862, 871, 31.0], "12": [13611, 393.0, 17179.5, 90471.4450525537, 1064, 65.0], "14": [7215, 146.0, 8915.5, 53728.47348200014, 646, 38.5], "-27": [7048, -177.0, 10001.5, -38128.896321940694, 0, 0.0], "-28": [4919, -260.5, 6959.25, -28066.311143503455, 0, 0.0], "16": [3514, 174.5, 4375.25, 29256.82205839066, 337, 14.5], "-30": [2111, -197.5, 2999.25, -13336.23831005692, 0, 0.0], "-31": [1429, -61.0, 2065.0, -9434.602481459975, 0, 0.0], "-34": [355, -49.0, 494.5, -2678.1155889337065, 0, 0.0], "-33": [547, -14.5, 775.75, -3876.7498831016132, 0, 0.0], "17": [2517, 102.5, 3059.25, 22180.337949111658, 260, 50.0], "20": [686, 20.5, 841.75, 6810.328495065079, 78, 7.5], "18": [1567, 60.0, 1934.5, 14263.413646023677, 152, 2.0], "-29": [3388, -130.5, 4729.25, -20465.187722366452, 0, 0.0], "-32": [881, 3.5, 1337.25, -6069.176151474015, 0, 0.0], "19": [1023, 19.5, 1200.75, 9707.88574729848, 112, 13.0], "21": [406, 37.0, 495.5, 4128.286484683097, 40, 2.5], "22": [240, 19.5, 290.75, 2550.987584549619, 26, 0.5], "23": [132, -1.0, 139.5, 1415.3448974823275, 7, -0.5], "-35": [207, -34.0, 296.5, -1553.7953265222786, 0, 0.0], "-36": [130, -10.5, 185.75, -1040.6337885944065, 0, 0.0], "-37": [80, -13.5, 97.25, -661.01604574552, 0, 0.0], "24": [90, -9.5, 103.25, 1021.2444026488243, 11, 2.0], "26": [26, -5.0, 27.0, 301.5178519149149, 6, 1.5], "25": [73, 8.0, 93.5, 828.779528096632, 10, 1.0], "-40": [13, -4.0, 12.0, -110.13042119383209, 0, 0.0], "-38": [47, -3.0, 79.0, -392.9124616751596, 0, 0.0], "-39": [18, 3.0, 27.0, -153.40343795202864, 0, 0.0], "28": [14, -5.0, 13.0, 200.36827838728925, 1, 1.0], "27": [22, -0.5, 25.75, 259.9863080806326, 3, 1.5], "30": [1, 1.0, 1.0, 10.715151515151515, 0, 0.0], "29": [6, 0.5, 5.25, 84.2396044200706, 0, 0.0]}, "ko_rc": {"-24": [359604, -3619.0, 486124.0, -273313.98503379413, 1, -0.5], "-23": [236772, -2205.0, 321566.5, -271898.57212717744, 3, 0.0], "-20": [249746, -2948.5, 338792.25, -245325.03165100096, 22, 2.5], "-21": [249276, -2678.0, 339180.0, -256703.44475236913, 8, -2.5], "-17": [243035, -3154.0, 328153.0, -191790.19955701067, 111, -7.5], "-15": [235608, -1739.5, 317770.25, -132834.37411523864, 252, 6.0], "-16": [239450, -2643.0, 323448.0, -163227.46716500112, 193, 11.5], "-11": [208250, 674.5, 278623.75, 28004.465695480856, 968, 9.5], "-8": [174780, -19.5, 232250.75, 154510.13614132328, 1948, 8.5], "-12": [216570, -2464.5, 290314.25, -15607.949371001283, 768, 24.0], "-13": [225278, -1186.0, 303540.5, -58127.60309484263, 565, -8.0], "-14": [231625, -2595.5, 312309.75, -96602.64341549961, 384, 7.5], "-9": [187054, -935.5, 248634.75, 115921.17764191478, 1728, 46.5], "-10": [198229, -1011.5, 265129.75, 71494.96786451577, 1310, 18.5], "-5": [135374, 349.0, 177802.5, 245340.71651175924, 2886, 87.0], "-7": [162615, -24.5, 215650.75, 191039.67262603034, 2276, 33.5], "-6": [148900, 698.5, 196370.75, 221073.79289252267, 2635, 64.0], "-22": [246381, -2937.0, 334500.5, -265516.70275813947, 3, -1.5], "-19": [247077, -1354.0, 335646.0, -229101.72649591687, 32, -2.5], "-18": [245596, -2532.5, 331546.25, -211549.37583797696, 58, -2.0], "-27": [125364, -2863.0, 171701.5, -227075.11520935316, 1, 1.0], "-3": [107485, 107.5, 140505.75, 269174.3681763173, 3315, 28.5], "-2": [93777, 996.0, 122770.0, 269669.53352773347, 3358, 68.5], "0": [68770, 786.0, 88098.5, 250975.40027247078, 3330, 150.0], "-1": [81049, 984.5, 104739.75, 263981.98659348453, 3433, 68.5], "-4": [120526, 13.0, 157032.5, 259616.36871911012, 3155, 92.0], "2": [47354, 683.5, 60595.25, 210959.36559268658, 2767, 98.5], "-25": [191787, -2294.5, 262305.75, -267743.88626703643, 0, 0.0], "-28": [95288, -1882.0, 130796.5, -196995.69416758302, 0, 0.0], "-26": [160450, -1704.5, 220683.75, -251402.91085234558, 0, 0.0], "-29": [69769, -1537.5, 96179.75, -165729.05572436005, 0, 0.0], "-30": [51661, -1338.0, 70860.5, -135037.37357672953, 0, 0.0], "-31": [37336, -972.5, 51927.25, -107667.74833627825, 0, 0.0], "-32": [26324, -417.0, 36630.5, -83903.37238210734, 0, 0.0], "-33": [18469, -475.5, 25738.25, -63443.0259710939, 0, 0.0], "-34": [12973, -348.5, 18063.75, -48404.820925265434, 0, 0.0],