{"kind": "count_curves", "rules": "STANDARD_6D_H17", "arm": "ins", "penetration": 0.75, "seed": 14000000001, "custom": null, "rounds": 6000000, "total_profit": -38260.0, "signals": {"hilo_tc": {"0": [1578468, -9156.0, 2117849.0, -7724.292848545133, 2696, 41.0], "-1": [1026672, -9929.0, 1390107.5, -963260.1527446525, 1152, 37.5], "-2": [552965, -9328.5, 756136.75, -1078678.2160707328, 377, -7.0], "-3": [305269, -6333.0, 420232.5, -900612.2366651072, 149, 5.0], "-4": [176015, -4870.0, 245502.0, -695683.9164605454, 47, 8.0], "2": [520531, 1541.0, 685649.0, 1015711.3716263361, 8799, 0.0], "4": [166456, 1982.5, 215570.25, 658220.1630154306, 8066, 203.0], "3": [288264, 2659.5, 375165.75, 850593.6065382092, 9548, 95.0], "1": [961288, -1455.5, 1278232.25, 904025.9627810316, 5716, 85.0], "-5": [98165, -3103.0, 138830.0, -486247.2308777338, 13, -2.0], "-6": [56877, -2077.0, 81436.5, -339033.77072764933, 1, 1.0], "5": [92598, 1535.0, 118048.5, 458626.2934606945, 5643, 150.0], "6": [54337, 1233.0, 68505.5, 323779.34176542034, 3719, 164.0], "7": [27480, 611.5, 34197.25, 191284.1517800497, 2215, 115.0], "-7": [29152, -1103.5, 41922.25, -202799.54809822244, 0, 0.0], "-8": [33883, -2040.0, 49767.0, -301882.8842346993, 0, 0.0], "8": [31580, 1573.0, 38835.0, 280852.8860341868, 2726, 159.5]}, "red7_rc": {"-12": [458001, -5316.5, 620082.75, -347956.1041675821, 53, -2.5], "-14": [257395, -2521.5, 350637.25, -396949.111825967, 11, 0.5], "-18": [112659, -2050.5, 155586.25, -307579.77744314354, 1, -0.5], "-19": [87534, -1792.5, 120700.75, -266175.3056045476, 0, 0.0], "-17": [139757, -2147.5, 192941.75, -340052.6537682882, 3, 0.0], "-15": [216411, -2897.5, 296472.25, -394975.7471313636, 7, -3.5], "-13": [291336, -3112.5, 396289.75, -382404.521376125, 21, 1.5], "-16": [176192, -3495.5, 241306.25, -374463.6502281207, 2, 0.5], "-20": [67448, -1629.5, 94142.25, -224791.86821644427, 0, 0.0], "-21": [50934, -1231.0, 70857.0, -185463.38489509214, 0, 0.0], "-22": [37951, -900.0, 53309.0, -150393.79127451062, 0, 0.0], "-23": [28166, -780.0, 39429.5, -119157.16011696095, 0, 0.0], "-7": [299008, -2503.0, 400383.0, -43112.41926895102, 547, 67.0], "-4": [247906, -247.5, 330162.25, 154884.07949401703, 1444, 8.5], "0": [166661, 602.5, 218775.25, 317931.28028341243, 3012, 3.0], "1": [146551, 753.5, 191777.25, 331202.1656570888, 3416, -22.0], "-10": [330776, -3468.5, 445221.25, -242838.35188582528, 186, 22.5], "-9": [324827, -2644.5, 438069.75, -180334.5219668497, 264, 0.0], "-11": [329675, -4026.5, 446331.25, -301274.72190281434, 75, 4.5], "-6": [284345, -1299.5, 381208.75, 26701.552080611706, 833, 35.0], "-3": [228268, 35.5, 304543.25, 210591.44921516377, 1886, 15.5], "-8": [311660, -2835.0, 419465.5, -111891.20623676085, 348, 3.0], "-5": [265886, -1457.5, 355940.25, 93023.72144171274, 1143, 9.0], "-2": [207725, 229.0, 276175.5, 256876.32946942124, 2284, -45.5], "2": [126546, 648.5, 165634.25, 332430.94710939255, 3701, 5.0], "-1": [187363, 351.5, 247376.25, 292663.2220041415, 2725, 89.5], "3": [108803, 1214.5, 141222.75, 327026.58632432384, 3604, 79.0], "6": [62688, 1305.0, 80601.0, 262285.2261482624, 3246, 64.5], "9": [31609, 426.5, 40029.75, 171049.81773131853, 2148, 69.0], "7": [50828, 1102.0, 65286.5, 233334.69250689846, 2847, 105.0], "5": [76280, 495.5, 98652.25, 289141.43671157816, 3565, 119.5], "4": [91962, 480.5, 118766.25, 312096.1876092518, 3702, 54.0], "8": [40277, 519.5, 51591.25, 201147.20806779343, 2577, 33.0], "13": [10029, 269.0, 12341.5, 70831.2361403029, 792, 34.5], "-25": [14866, -472.5, 21008.75, -72174.86472638701, 0, 0.0], "-24": [20721, -805.0, 28876.5, -93943.53865602512, 0, 0.0], "11": [18593, 428.5, 23377.25, 115838.61780202003, 1446, 75.0], "14": [7182, 314.0, 8865.0, 53606.261527806164, 618, 1.5], "10": [24197, 359.5, 30687.25, 141121.2621065566, 1774, 101.5], "12": [13839, 471.0, 17291.5, 92178.0519704963, 1112, 32.0], "-26": [10350, -239.5, 14659.25, -52930.86961971753, 0, 0.0], "-29": [3112, -86.5, 4541.75, -18946.474043503356, 0, 0.0], "-28": [5018, -313.5, 7239.25, -28834.554662769904, 0, 0.0], "-27": [7225, -273.5, 10456.25, -39111.761188469594, 0, 0.0], "16": [3490, 127.0, 4301.5, 28808.049815674374, 342, 1.5], "15": [5154, 181.5, 6311.25, 40458.14713129516, 464, 45.5], "17": [2433, 137.0, 3045.5, 21202.211466995785, 236, 9.5], "18": [1657, 115.5, 2051.75, 14965.760926630654, 129, 15.0], "-30": [2118, -42.0, 3094.5, -13502.003398773673, 0, 0.0], "-32": [837, -117.0, 1256.0, -5773.60564435429, 0, 0.0], "-31": [1369, -99.5, 1975.75, -9286.146225481327, 0, 0.0], "-33": [532, 13.5, 796.25, -3829.2848121219554, 0, 0.0], "19": [1129, 7.0, 1349.0, 10635.519269068483, 125, 2.0], "20": [698, 25.5, 850.25, 6854.861228806593, 70, 13.0], "22": [309, -10.0, 358.0, 3325.7930767576327, 24, 4.5], "21": [486, 2.0, 626.5, 5016.868856945591, 43, 2.5], "-34": [309, -67.0, 447.0, -2424.407232369069, 0, 0.0], "23": [173, 10.5, 214.25, 1963.483673412071, 21, 1.5], "24": [112, -1.5, 113.25, 1279.7161904137615, 10, 1.0], "-35": [229, -6.5, 323.75, -1791.228918402133, 0, 0.0], "-37": [68, 1.5, 90.25, -610.6152878361511, 0, 0.0], "-36": [116, -25.5, 188.75, -935.8703753341547, 0, 0.0], "25": [65, 26.0, 85.0, 762.304701421351, 4, 1.0], "-38": [37, -12.5, 48.25, -345.75470500734394, 0, 0.0], "-39": [27, 0.0, 34.0, -252.44724039743065, 0, 0.0], "26": [34, 11.0, 38.0, 397.38855272228943, 2, -1.0], "27": [14, 6.5, 14.25, 170.20695031726063, 2, 0.5], "29": [3, 0.5, 4.25, 33.81652142338417, 1, -0.5], "-40": [29, -2.0, 41.5, -284.4093028596171, 0, 0.0], "28": [8, 3.5, 11.75, 84.28922785581354, 1, -0.5], "30": [2, -2.0, 2.0, 21.816053511705686, 0, 0.0], "32": [1, -1.0, 1.0, 11.039106145251395, 0, 0.0], "31": [1, -1.0, 1.0, 11.057471264367816, 0, 0.0]}, "ko_rc": {"-24": [360264, -2805.0, 489365.0, -274763.63025104895, 2, 0.5], "-26": [161834, -1163.0, 220190.5, -255139.74679834733, 0, 0.0], "-25": [192978, -2694.0, 262910.5, -270859.7928922911, 0, 0.0], "-29": [70457, -927.5, 97293.75, -167950.0926469521, 0, 0.0], "-30": [52088, -711.0, 72006.0, -138013.83507728812, 0, 0.0], "-28": [95597, -2556.5, 130785.25, -198704.31664608006, 0, 0.0], "-22": [246605, -2623.5, 334545.75, -265258.39176432404, 4, -2.0], "-23": [237937, -1963.5, 323075.25, -274082.1170890464, 2, -1.0], "-27": [125832, -1916.0, 172579.5, -230409.04637086936, 0, 0.0], "-21": [249064, -3414.0, 337241.0, -256255.86148304527, 11, 2.0], "-18": [245784, -3068.5, 332005.25, -212168.2746239461, 63, 10.5], "-17": [244117, -2203.5, 330036.75, -189696.73903936037, 108, 4.5], "-16": [239864, -2342.0, 324044.5, -161031.49019790706, 165, 3.0], "-15": [236042, -2107.5, 319020.25, -131051.02352527216, 267, 0.0], "-10": [196317, -1605.0, 262603.5, 71212.57346589534, 1268, 20.0], "-6": [148797, 59.5, 195697.25, 221250.79842874044, 2577, 30.0], "-2": [93936, 1337.5, 121963.75, 270456.47068366635, 3416, 30.5], "-1": [80540, 1427.5, 104764.75, 262978.03376242396, 3357, 85.5], "-20": [249793, -4126.0, 337816.0, -243489.87991062063, 24, 0.0], "-13": [222441, -1977.0, 298451.0, -57165.549871877236, 531, 52.5], "-19": [247549, -3337.5, 335826.25, -228259.81213381025, 34, 7.0], "-14": [230539, -1474.0, 310691.0, -97638.22557130705, 393, 24.0], "-11": [206989, -721.5, 278093.75, 28036.997729781066, 982, 26.5], "-12": [215034, -1545.0, 288557.0, -15486.350036818969, 743, 11.0], "-8": [174554, 239.5, 231741.75, 153458.86079934015, 1915, -38.0], "-9": [186144, 112.5, 247773.75, 111823.87956561499, 1561, 5.5], "-5": [134295, 39.5, 176539.75, 242707.92440702565, 2885, -40.0], "3": [39227, 584.5, 49947.75, 191759.19978469337, 2522, 74.0], "1": [57783, 450.0, 74496.5, 234830.5897516821, 3069, 24.0], "0": [68689, 1070.5, 89348.25, 251191.58229362796, 3263, 125.0], "-3": [106048, 945.5, 138742.25, 266020.1873552996, 3349, 20.5], "-7": [161726, -603.0, 214533.0, 188704.11876672445, 2252, -31.0], "-4": [120530, 466.5, 158008.75, 259054.73148718107, 3213, 3.0], "-31": [37743, -1134.5, 52208.75, -110156.55913260362, 0, 0.0],