{"kind": "count_curves", "rules": "STANDARD_6D_H17", "arm": "ins", "penetration": 0.75, "seed": 13800000001, "custom": null, "rounds": 6000000, "total_profit": -42900.0, "signals": {"hilo_tc": {"0": [1575237, -11581.0, 2115416.0, -6890.18865434595, 2736, -21.0], "-1": [1023259, -12059.0, 1386656.0, -959946.6795642726, 1124, 17.0], "1": [964554, -1664.5, 1283994.75, 907386.3473041275, 5824, 80.5], "-2": [549342, -9926.0, 752211.0, -1071860.9146763056, 432, -18.0], "2": [524914, 1331.0, 690895.5, 1024200.2364001579, 9133, 233.5], "3": [291068, 2647.5, 379683.75, 859134.2027036882, 9596, 317.0], "4": [168283, 2129.0, 216165.5, 665190.0977935462, 8203, 265.0], "5": [92472, 2000.5, 118119.75, 458021.86128444725, 5639, 152.0], "-3": [304660, -6411.5, 421018.25, -899071.2033896721, 150, 9.0], "-4": [175610, -3919.0, 245074.0, -694410.8221619456, 51, -1.5], "-5": [97685, -3413.0, 138839.0, -483483.0378168282, 10, -2.0], "-6": [56829, -2195.0, 80356.0, -338654.0517996723, 4, 1.0], "-8": [33661, -2227.0, 49599.5, -300168.73182898806, 0, 0.0], "-7": [28985, -1085.5, 42039.75, -201773.71459261325, 0, 0.0], "6": [53869, 1402.0, 67911.5, 321016.8846634609, 3808, 251.5], "8": [32191, 1280.0, 39551.5, 285531.1853224554, 2726, 237.5], "7": [27381, 791.5, 34415.75, 190598.638188115, 2129, 152.0]}, "red7_rc": {"-12": [456044, -6095.0, 618398.0, -346180.90063538763, 58, -2.0], "-14": [256568, -4522.0, 350119.0, -398853.1249333721, 17, -2.5], "-11": [327743, -3893.5, 445129.75, -298726.6682009615, 95, -7.0], "-16": [175491, -3526.5, 239978.25, -371413.2142635134, 2, -1.0], "-9": [323099, -3468.5, 435452.75, -177515.82107650177, 233, 3.5], "-10": [330847, -4353.0, 447491.0, -242138.9930388339, 179, 8.0], "-3": [228744, -1367.0, 303937.5, 211178.08057963732, 1929, 1.5], "-4": [248269, -722.0, 330991.5, 155718.3602080432, 1609, -33.5], "-7": [298981, -639.5, 402259.25, -41437.70994212292, 562, 1.0], "-13": [290670, -3819.5, 396371.25, -380691.36689830915, 27, -4.5], "-15": [215747, -2789.5, 294830.25, -393850.32123842306, 7, -2.0], "-5": [267217, -1977.5, 357857.25, 93704.25682164765, 1102, 11.5], "-6": [282752, -2508.0, 379901.5, 26603.921355310373, 789, -6.0], "-1": [188149, -127.0, 248455.5, 293683.2064941989, 2701, 55.0], "0": [168076, 295.5, 221372.25, 320306.88785552536, 3178, 89.5], "2": [128888, 714.0, 167770.5, 339524.9919145347, 3615, 109.5], "5": [76197, 960.0, 97959.0, 288650.2533826111, 3570, 78.0], "6": [62715, 1183.0, 80541.0, 262420.3205015554, 3239, 141.5], "3": [109558, 1374.5, 142349.75, 329865.7272001212, 3688, 193.0], "4": [92212, 1027.0, 119369.5, 313295.7937417283, 3735, 177.0], "1": [147900, 761.0, 194470.0, 334910.6934916171, 3519, 54.0], "-18": [111751, -2424.5, 154433.25, -304630.05350564414, 1, 1.0], "-17": [140384, -2652.5, 192283.25, -342853.37819686957, 1, 1.0], "-19": [86814, -1868.5, 120876.75, -263627.88439463376, 0, 0.0], "-21": [50791, -1217.5, 70857.75, -185056.1451612317, 0, 0.0], "-23": [27922, -825.0, 39120.5, -118111.11162582246, 0, 0.0], "-24": [20336, -522.0, 28523.0, -92963.99838930379, 0, 0.0], "-25": [14657, -657.0, 20515.0, -70831.97072878809, 0, 0.0], "-20": [66883, -1344.0, 93362.5, -222843.95759955002, 0, 0.0], "-8": [311396, -2019.5, 419546.75, -110823.46665383987, 369, 9.0], "-2": [210335, 1168.5, 279198.25, 259892.60596249835, 2425, 34.0], "8": [40239, 994.5, 51326.75, 200455.60515449377, 2548, 80.5], "7": [50570, 591.0, 64354.0, 231623.15975754595, 3011, 150.5], "-22": [37654, -949.5, 53164.25, -147982.7024124237, 0, 0.0], "9": [31977, 661.5, 40570.25, 172862.4962499059, 2092, 95.5], "11": [18545, 755.0, 23599.0, 115345.97567559806, 1433, 102.5], "12": [13841, 542.0, 17206.0, 92148.47272101678, 1059, 55.5], "10": [24470, 673.0, 31205.0, 142505.58070031917, 1854, 75.0], "15": [5221, 141.5, 6361.75, 41003.30328897648, 457, 13.0], "14": [7350, 266.5, 9185.75, 54812.03970453664, 616, 40.0], "13": [10177, 357.0, 12741.5, 71976.02508763186, 840, 48.0], "17": [2519, 137.5, 2962.25, 21819.707636500872, 244, 11.5], "19": [1093, 31.0, 1336.5, 10558.358605446196, 108, 7.5], "-26": [10197, -301.5, 14405.75, -53079.724440161706, 0, 0.0], "-28": [5026, -220.5, 7094.75, -28828.86444141117, 0, 0.0], "-27": [7228, -162.5, 10291.25, -39475.04247082349, 0, 0.0], "-29": [3375, -261.0, 4827.5, -20453.031270395873, 0, 0.0], "-31": [1511, -220.0, 2080.0, -10043.129278653038, 0, 0.0], "-33": [587, -56.5, 827.75, -4268.280113505227, 0, 0.0], "-30": [2233, -154.5, 3323.25, -14325.981752205269, 0, 0.0], "16": [3695, 125.0, 4548.5, 30685.958963454115, 310, 47.5], "-32": [968, -70.5, 1355.25, -6693.613315083129, 0, 0.0], "-36": [145, -7.5, 193.75, -1176.8472638360388, 0, 0.0], "-37": [81, -2.0, 133.0, -667.7962630196198, 0, 0.0], "-39": [25, 3.0, 33.0, -203.50882221698032, 0, 0.0], "-38": [56, 2.0, 93.5, -488.5747175564532, 0, 0.0], "-35": [208, -28.5, 295.25, -1563.8952340521403, 0, 0.0], "18": [1680, 33.0, 2048.5, 15223.708866446897, 146, 20.0], "22": [276, 17.5, 348.75, 2922.79233686765, 28, -3.5], "20": [695, 34.5, 816.25, 6867.399765343064, 68, 15.5], "25": [61, 2.5, 72.75, 677.4342485188998, 6, -1.5], "24": [103, 7.0, 109.0, 1127.0390410858315, 14, 2.0], "21": [450, 21.5, 535.75, 4560.77215008337, 53, 2.0], "23": [153, 25.0, 213.0, 1690.1835387117708, 16, -3.5], "-34": [347, -28.0, 439.5, -2615.9683282690307, 0, 0.0], "-40": [32, -9.0, 37.0, -276.9376052597964, 0, 0.0], "27": [12, 6.0, 16.5, 134.89601395110662, 2, 0.5], "29": [6, 2.5, 5.25, 69.03827326927794, 1, 1.0], "28": [15, -1.0, 16.0, 176.81842084673312, 5, 2.0], "26": [36, -2.5, 46.75, 421.0988146894722, 2, 0.5], "30": [2, -1.0, 1.0, 26.29904888299049, 0, 0.0], "31": [4, 0.0, 2.0, 53.79951075695051, 2, 2.0], "32": [1, 1.5, 2.25, 11.030303030303031, 0, 0.0]}, "ko_rc": {"-24": [359368, -4897.5, 485921.75, -274789.446627362, 2, 0.5], "-26": [161551, -2758.5, 220373.25, -254454.2736650835, 0, 0.0], "-23": [235786, -2545.0, 321640.5, -271413.4071092504, 3, -1.5], "-28": [95641, -1538.5, 131229.75, -199861.7196484998, 0, 0.0], "-20": [248772, -3832.0, 338298.0, -242524.25569144776, 26, -2.5], "-19": [247853, -3120.5, 336790.75, -229648.55829488748, 45, -6.0], "-12": [216145, -1654.5, 290283.75, -13700.216433183514, 750, -21.0], "-13": [224104, -2169.5, 301831.75, -56261.93433380381, 575, 12.5], "-15": [235274, -1911.5, 318456.75, -127732.481610286, 272, -8.5], "-22": [245937, -3433.0, 333151.5, -265754.9621017185, 5, 0.5], "-21": [248979, -3241.0, 338130.0, -254760.82333202672, 18, -1.5], "-17": [242729, -3631.5, 329095.75, -189220.3643032955, 91, -3.5], "-11": [206849, -450.5, 276385.75, 29797.563260192866, 979, 2.5], "-7": [162313, -559.0, 214841.5, 191452.014644072, 2348, 56.0], "-6": [149115, 745.0, 197708.5, 222042.17883490043, 2587, 13.0], "-4": [121486, 1230.0, 159050.0, 262098.65568595668, 3210, 60.0], "-1": [80228, 1140.0, 103488.5, 262786.12829727505, 3383, 143.0], "0": [68866, 952.5, 87820.25, 252221.58091139974, 3199, 125.5], "1": [57783, 745.5, 74678.75, 235311.53914938652, 3135, 130.5], "-2": [94297, 920.5, 123152.25, 272063.7234029928, 3505, 82.0], "-25": [193037, -2570.0, 263351.0, -270938.6509821109, 0, 0.0], "-27": [125963, -2162.0, 172707.0, -229881.75827389213, 0, 0.0], "-29": [69652, -1073.0, 95997.5, -165972.54911291783, 0, 0.0], "-30": [51855, -1015.0, 71356.5, -137715.15148277613, 0, 0.0], "-32": [26899, -435.0, 37249.0, -85631.14886578613, 0, 0.0], "-34": [13080, -404.0, 18398.5, -49005.72435957596, 0, 0.0], "-35": [8861, -226.0, 12312.5, -36058.06062883801, 0, 0.0], "-36": [6045, -132.0, 8609.0, -26230.133830794235, 0, 0.0], "-31": [37531, -1022.5, 52099.75, -109602.78070719093, 0, 0.0], "-16": [239197, -1394.0, 323526.0, -158978.6312430377, 158, -1.0], "-14": [230212, -2723.5, 310306.75, -95555.68207918273, 385, -8.0], "-9": [186604, -1317.5, 249406.75, 115771.12386561953, 1671, -16.5], "-8": [174460, -236.5, 232151.25, 154923.1266981634, 2062, 34.0], "-18": [244814, -2948.5, 331674.25, -209230.26939352206, 73, -2.0],