{"kind": "count_curves", "rules": "STANDARD_6D_H17", "arm": "ins", "penetration": 0.75, "seed": 13700000001, "custom": null, "rounds": 6000000, "total_profit": -37821.0, "signals": {"hilo_tc": {"0": [1576311, -8957.5, 2117441.75, -7755.810263403745, 2705, 59.0], "1": [963738, -163.5, 1283291.75, 906354.1670271031, 5891, 123.5], "-1": [1022575, -11526.0, 1383767.0, -958569.9916468194, 1130, -2.5], "3": [292140, 2636.0, 379450.5, 861949.8345583918, 9718, 226.0], "4": [166534, 2624.0, 214778.5, 658202.1465313871, 7898, 234.5], "2": [525091, 2883.5, 690867.75, 1024588.8833250521, 8992, 211.0], "5": [92522, 1976.0, 117932.0, 458000.26134136895, 5681, 185.0], "7": [27087, 438.5, 34031.25, 188585.9902372146, 2107, 43.0], "8": [31566, 1270.0, 38831.0, 280495.5826532057, 2811, 246.0], "6": [53692, 895.5, 67746.25, 319998.8225809009, 3769, 197.5], "-2": [551092, -8656.0, 753041.0, -1075643.393684158, 434, 14.0], "-4": [175603, -4375.5, 244809.25, -694128.557590836, 47, 3.5], "-3": [306010, -7288.0, 422259.0, -902861.9636382972, 140, 6.5], "-5": [96831, -3107.0, 136809.5, -479478.9495037162, 9, -3.0], "-7": [29011, -1529.0, 41572.0, -201938.11090391068, 1, -0.5], "-6": [56833, -2440.0, 80916.5, -338516.7240864432, 4, 2.5], "-8": [33364, -2502.0, 49072.0, -297113.79601273517, 0, 0.0]}, "red7_rc": {"-12": [458007, -4433.0, 618058.5, -349554.46360588144, 45, -3.0], "-13": [291322, -3524.5, 395775.25, -383150.5025597622, 36, -1.5], "-10": [330023, -4219.0, 446745.5, -241752.7280634483, 146, 15.5], "-9": [322599, -2852.0, 434893.0, -177485.41958500491, 268, -9.5], "-8": [311758, -2931.0, 418861.5, -111572.89197764399, 337, 23.5], "-14": [257668, -4102.0, 351183.5, -397863.10445411253, 15, 3.0], "-11": [327901, -3866.0, 445119.0, -298212.0027427979, 104, 2.0], "-5": [265643, -1348.0, 354997.0, 93784.06739162387, 1138, 20.5], "-3": [229499, -63.0, 304861.5, 211363.83607052136, 1947, -21.0], "-1": [189770, 310.0, 250551.0, 296889.7829048514, 2786, 47.0], "-4": [248724, -351.0, 333046.5, 156422.11437360913, 1483, 16.0], "-6": [283248, -1889.0, 380003.5, 27000.072922595078, 845, 17.0], "-7": [298187, -1003.0, 400996.5, -42186.139217986994, 570, 21.0], "-2": [209844, 40.5, 278446.75, 259177.19525770258, 2391, 87.0], "0": [168317, 1371.0, 222021.5, 321359.5232468785, 3062, 129.5], "2": [127684, 854.0, 166885.0, 335363.02640476305, 3745, 115.0], "3": [109743, 1326.0, 142275.0, 330268.57589609514, 3769, 97.0], "1": [147635, 1863.0, 193228.5, 334423.56111279014, 3402, 43.5], "4": [92214, 1047.5, 118859.25, 312910.2672460191, 3683, 158.0], "7": [50358, 676.5, 64266.75, 230917.46070897655, 2887, 95.5], "6": [62519, 854.0, 80691.0, 261092.96595855962, 3266, 71.0], "10": [23897, 689.5, 30214.75, 138681.35158711893, 1707, 88.5], "14": [7259, 226.0, 9079.5, 54026.09497741034, 604, 41.5], "15": [5357, 103.5, 6679.25, 41914.28332696884, 465, 30.0], "13": [9942, 91.0, 12456.0, 70288.66564166365, 784, 95.5], "12": [13492, 514.5, 17137.75, 89349.28490678158, 1081, 67.0], "9": [31513, 630.0, 39544.5, 170204.794427079, 2136, 60.0], "-16": [175379, -2876.0, 241306.0, -372849.78545222624, 3, -1.5], "-15": [216122, -3260.0, 295209.5, -394854.56110292225, 10, -3.5], "-17": [139334, -2369.5, 192394.75, -340038.1459260111, 1, -0.5], "-18": [111272, -2738.5, 153371.25, -303227.4614908168, 1, 1.0], "-21": [50925, -1253.5, 70759.75, -184838.16444977475, 0, 0.0], "-22": [38181, -1076.0, 53505.0, -150419.3182365346, 0, 0.0], "-20": [66994, -1842.5, 93061.25, -223373.81813662892, 0, 0.0], "-25": [14594, -224.0, 20873.5, -70466.47120845788, 0, 0.0], "-27": [7080, -332.5, 9959.75, -38186.73497933235, 0, 0.0], "-23": [28096, -632.5, 39387.25, -118518.61458853695, 0, 0.0], "-19": [87136, -1890.0, 120610.5, -264673.3496407616, 0, 0.0], "-26": [10294, -552.0, 14961.5, -52757.017019486964, 0, 0.0], "5": [76662, 1093.0, 98293.5, 290209.34516939265, 3557, 66.5], "8": [39792, 644.0, 50660.0, 198223.3304975203, 2537, 98.0], "-28": [4985, -194.5, 7087.25, -28638.145154075824, 0, 0.0], "-29": [3355, -194.0, 4957.0, -20313.29059184698, 0, 0.0], "-31": [1398, -81.5, 1905.75, -9242.977762362596, 0, 0.0], "-24": [20256, -806.5, 28118.25, -91596.2202607342, 0, 0.0], "16": [3731, 121.5, 4629.25, 30785.926908474154, 373, 14.5], "18": [1748, 46.0, 2132.0, 15895.853136060132, 172, 22.0], "20": [715, 24.5, 875.25, 7117.090267524708, 83, 3.5], "17": [2567, -15.5, 3211.75, 22129.534127783045, 239, 15.5], "11": [18531, 708.0, 23422.5, 115352.49693395803, 1431, 19.5], "-30": [2200, -100.5, 3087.25, -13819.607260035862, 0, 0.0], "-33": [576, 7.5, 839.75, -4147.622609771715, 0, 0.0], "-32": [855, -50.0, 1158.0, -5952.749699756185, 0, 0.0], "19": [1133, 46.0, 1416.5, 10778.907757088109, 112, -2.0], "23": [163, 19.5, 190.25, 1734.3429397584064, 16, -2.0], "26": [40, 0.0, 47.5, 508.8962266806314, 1, 1.0], "24": [91, -5.0, 113.0, 1071.3550752688275, 12, 1.5], "25": [56, 2.0, 64.5, 676.8011930555436, 5, -2.5], "21": [463, 12.0, 547.5, 4713.751317232082, 43, -5.0], "-35": [189, -18.0, 251.0, -1446.6618317591397, 0, 0.0], "-34": [338, -33.5, 536.75, -2501.0721829705926, 0, 0.0], "-36": [117, -9.5, 188.75, -950.3133301311253, 0, 0.0], "-40": [37, -6.5, 50.25, -342.4614673697666, 0, 0.0], "22": [305, 17.0, 339.5, 3207.9290266978596, 36, 9.0], "-38": [42, -7.0, 71.0, -360.56335016514953, 0, 0.0], "-37": [71, -9.5, 81.25, -583.1347671077981, 0, 0.0], "-39": [22, -9.0, 23.0, -196.2601367439764, 0, 0.0], "28": [11, 5.0, 16.5, 142.64006835757786, 0, 0.0], "27": [15, 4.0, 16.0, 168.5775794625045, 1, 1.0], "29": [4, 0.5, 5.25, 54.64392047438654, 2, 0.5], "30": [2, 0.5, 3.25, 31.819260184173558, 0, 0.0]}, "ko_rc": {"-24": [359422, -3311.0, 486045.5, -272927.60620385886, 1, -0.5], "-25": [192631, -2737.0, 262474.0, -268513.4061639126, 1, -0.5], "-21": [249036, -3825.5, 337701.25, -256017.3532428554, 11, -2.5], "-20": [249304, -2469.0, 336920.0, -244610.7889450623, 20, -7.0], "-19": [248611, -3197.0, 337216.5, -229963.47372468948, 38, 2.0], "-23": [236943, -2746.0, 322238.0, -272973.84219292836, 3, 1.5], "-22": [246718, -3464.5, 335801.75, -268815.71996989526, 4, -0.5], "-17": [242284, -1650.5, 328093.75, -188592.4029734552, 106, 13.0], "-18": [246103, -3476.5, 332604.25, -210859.69421747807, 62, -1.0], "-16": [240124, -1979.5, 324632.25, -163022.22711776072, 184, 10.0], "-12": [216178, -1652.5, 290440.25, -13374.196974889097, 773, 6.5], "-9": [186665, 549.5, 248717.25, 115173.79570763535, 1605, -3.0], "-11": [207276, -1230.0, 277667.0, 29151.01119906748, 1035, 51.0], "-7": [162673, 813.5, 215374.25, 192047.6592036214, 2364, 61.5], "-10": [197174, -1403.0, 264515.5, 73125.82835590532, 1283, 24.5], "-13": [223478, -2229.5, 301450.75, -55213.231110963156, 573, -3.0], "-6": [150031, 719.0, 197591.5, 223287.72658722984, 2612, 51.5], "-5": [135383, 778.0, 178208.0, 245932.29444285866, 2927, 95.0], "-4": [121789, 610.5, 159381.25, 262946.72194204055, 3221, 78.5], "-1": [80479, 820.5, 104647.25, 262579.8383782943, 3235, 89.5], "0": [69158, 1345.0, 89179.5, 252331.38391546297, 3209, 105.5], "-14": [229282, -1537.0, 308812.5, -94056.28454975488, 402, 10.5], "-15": [235001, -2272.5, 316403.25, -129893.13782354494, 281, -4.0], "-8": [174704, -189.0, 232097.5, 155773.42233059197, 1938, 18.0], "2": [47888, 945.5, 61260.75, 213614.25813912053, 2794, 122.5], "6": [19418, 412.0, 24478.5, 120131.96120612953, 1480, 43.0], "10": [6089, 90.0, 7570.5, 48329.878244892454, 569, 42.5], "11": [4381, 170.5, 5419.25, 36535.45002186767, 392, 30.5], "7": [14495, 528.0, 18059.0, 95942.51640043453, 1178, 74.0], "5": [24321, 528.5, 30705.25, 139602.77708678672, 1752, 24.0], "1": [57489, 1151.5, 73412.75, 233161.5393435168, 3095, 57.5], "-28": [95473, -1853.0, 130251.0, -198857.17233654347, 0, 0.0], "-27": [125302, -2111.0, 172281.5, -228317.91473264265, 0, 0.0], "-31": [37357, -720.5, 52005.75, -108551.48280335206, 0, 0.0], "-32": [26933, -449.0, 37375.0, -85912.54172583144, 0, 0.0], "-26": [161032, -1769.0, 221085.0, -254390.46952393424, 0, 0.0],