{"kind": "pog_count_curves", "rules": "RIDE_FREE", "penetration": 0.75, "paytable": [3.0, 10.0, 30.0, 60.0, 100.0, 300.0, 1000.0], "arm": "farm", "customs": {"pog2_rc": {"tags": {"1": -1, "2": 0, "3": 1, "4": 1, "5": 0, "6": 1, "7": 1, "8": 0, "9": 0, "10": -1}, "bump": 2, "sign": 1}, "red7_rc": {"tags": {"1": -1, "2": 1, "3": 1, "4": 1, "5": 1, "6": 1, "7": 0, "8": 0, "9": 0, "10": -1}, "bump": 7, "sign": 1}}, "seed": 19100000001, "rounds": 2000000, "pog_total": -113206.0, "main_total": -24503.0, "signals": {"hilo_tc": {"0": [525103, -33768.0, 7665556.0, -6718.5, 596997.25, -2304.8044993535914, 98651], "1": [321045, -34160.0, 4217046.0, -3238.0, 363404.0, 301930.11207838205, 58194], "2": [174377, -22855.0, 2211717.0, -1598.5, 196501.25, 340325.16150699306, 30607], "3": [97037, -18485.0, 1046957.0, -322.0, 109011.5, 286237.33657140017, 16154], "-1": [340245, -4154.0, 7959846.0, -4575.5, 387824.75, -319122.40005820093, 66261], "-2": [184064, 4166.0, 4005346.0, -2706.5, 211303.25, -359205.18119958095, 37064], "5": [30646, -7840.0, 322682.0, 392.0, 34298.0, 151683.28635709538, 4786], "4": [55916, -11787.0, 727797.0, -147.0, 62459.0, 220986.91081606428, 8968], "-3": [102210, 5199.0, 1734245.0, -2873.5, 117134.25, -301691.4832745083, 21263], "-4": [58992, 7376.0, 2190600.0, -1123.0, 68568.0, -233303.43185108097, 12818], "-5": [32925, 4986.0, 1513434.0, -722.0, 38080.5, -163080.81304477045, 7368], "-6": [19114, 3387.0, 332623.0, -677.0, 22103.5, -113869.69704725675, 4452], "-7": [9997, 2583.0, 169967.0, -250.5, 11710.25, -69613.5552277307, 2476], "-8": [5614, 1435.0, 105737.0, -230.5, 6496.25, -44624.629126099855, 1373], "6": [17853, -4656.0, 144120.0, 331.0, 20097.0, 106367.42842369141, 2777], "7": [9067, -2769.0, 73051.0, 209.5, 10181.25, 63077.845779667725, 1332], "8": [5227, -1984.0, 31426.0, -20.0, 5696.0, 41546.919696216835, 698], "9": [2481, -982.0, 11368.0, 23.5, 2743.75, 22174.678472026604, 331], "10": [1310, -383.0, 16627.0, 44.0, 1474.0, 12979.206775799545, 186], "11": [628, -238.0, 2178.0, 20.0, 684.5, 6855.662174968952, 90], "-9": [2846, 612.0, 44178.0, -158.0, 3320.0, -25460.053190259376, 690], "-10": [1450, 708.0, 38964.0, -40.5, 1759.25, -14389.031582693904, 400], "-11": [735, 353.0, 15359.0, -79.0, 861.5, -8027.200575895744, 213], "-12": [624, 328.0, 10764.0, -60.0, 758.0, -7825.904339271245, 185], "12": [494, -278.0, 1542.0, 17.0, 531.0, 6266.924413568094, 48]}, "pog2_rc": {"12": [153978, -16538.0, 3024556.0, -1454.0, 174600.5, 108325.46168928477, 27829], "16": [51943, -8666.0, 582946.0, -938.5, 57852.75, 104514.75467645843, 8846], "20": [17897, -3574.0, 221972.0, 16.5, 19995.75, 54918.83958739655, 2858], "18": [31531, -6207.0, 298285.0, 38.0, 35523.5, 81085.71167589443, 5251], "14": [78908, -11359.0, 1067449.0, -253.5, 88953.75, 116955.13434906842, 13817], "15": [64670, -9889.0, 719637.0, -674.0, 72761.5, 112116.32392267819, 11129], "17": [40885, -5714.0, 570850.0, -328.0, 46086.5, 93727.75981669701, 7040], "13": [94374, -10611.0, 1233751.0, -594.5, 106790.75, 116422.48342842223, 16924], "9": [115816, -9671.0, 1482707.0, -1753.0, 131391.5, 55048.892333653355, 21496], "8": [111262, -7652.0, 1507618.0, -1143.5, 126776.25, 34055.57989991794, 20876], "10": [118004, -10498.0, 1796328.0, -911.5, 133756.25, 75363.85366466729, 21583], "6": [100925, -6581.0, 1464309.0, -1222.5, 114672.75, -11846.412457521878, 18890], "11": [114352, -10575.0, 1697179.0, -1015.5, 129575.75, 94104.34849739645, 20868], "4": [87600, -3227.0, 1384961.0, -871.5, 100058.75, -53840.99070938447, 16850], "3": [80824, -1784.0, 1377132.0, -1694.5, 91784.25, -71624.31287797078, 15708], "5": [94009, -1772.0, 1690462.0, -676.5, 107964.25, -32938.3570565898, 18250], "0": [57841, 1868.0, 899306.0, -486.0, 66669.5, -105792.72023824694, 11924], "2": [73457, 1626.0, 3290248.0, -1521.0, 83319.5, -87375.4988507609, 14537], "7": [105961, -6158.0, 1445694.0, -1422.0, 120349.0, 10921.848012843995, 19995], "1": [65483, -66.0, 1082014.0, -1621.5, 74546.25, -97735.7002027769, 13007], "-3": [36915, 1959.0, 766487.0, -540.0, 42738.0, -105295.67616193254, 7662], "-2": [43580, 2013.0, 841063.0, -931.5, 50125.75, -109308.68042326061, 8942], "-1": [50271, 2568.0, 874324.0, -613.0, 57902.5, -108098.6872721244, 10373], "19": [23747, -4883.0, 243297.0, 1.5, 26633.25, 67059.11025391816, 3900], "21": [13219, -3251.0, 122247.0, 44.0, 14906.0, 44493.62666949115, 2078], "-4": [30992, 1768.0, 525560.0, -857.5, 35645.25, -99154.59350573806, 6491], "-6": [20639, 5373.0, 2433699.0, -481.5, 24030.25, -81739.27507009744, 4713], "-5": [25114, 2602.0, 424184.0, -399.0, 28932.5, -89535.47145850032, 5406], "-8": [12866, 2250.0, 219416.0, -548.0, 14911.5, -60845.11661541032, 3003], "-10": [7377, 1697.0, 153201.0, -307.5, 8368.75, -40703.91635653901, 1745], "-9": [9844, 1348.0, 138170.0, -316.0, 11287.0, -49794.32435181573, 2276], "-11": [5574, 1867.0, 137355.0, -147.0, 6549.0, -32621.196658500372, 1388], "-7": [16334, 2193.0, 320437.0, -400.5, 19019.25, -70858.69063050636, 3680], "24": [4875, -1334.0, 33652.0, -56.0, 5401.0, 20645.362746846185, 760], "25": [3231, -632.0, 23602.0, 0.0, 3656.5, 14585.464859676198, 553], "26": [2182, -405.0, 29665.0, 1.5, 2444.25, 10463.294051613779, 352], "28": [969, -259.0, 11787.0, -36.0, 1056.0, 5152.350956884255, 138], "22": [9524, -2109.0, 100399.0, -70.0, 10542.5, 34817.580095993246, 1526], "23": [6768, -1871.0, 58299.0, 0.5, 7524.75, 26821.747890679082, 1031], "27": [1430, -372.0, 10560.0, 7.0, 1623.5, 7104.4485781814155, 220], "-12": [4116, 816.0, 74228.0, -91.0, 4793.5, -25622.36669561018, 954], "-16": [965, 471.0, 28467.0, -55.5, 1164.25, -7445.507856170619, 256], "-17": [595, 389.0, 14045.0, 20.5, 729.25, -4811.834491030209, 184], "-18": [396, 133.0, 5957.0, -24.5, 449.75, -3416.436161074449, 102], "-19": [263, 231.0, 9683.0, -16.5, 323.75, -2343.521127783602, 81], "-21": [101, 43.0, 2217.0, -4.5, 121.75, -900.6124602497946, 25], "-20": [163, 103.0, 10723.0, -18.5, 183.25, -1450.7367399168518, 44], "-13": [2861, 676.0, 50200.0, -101.5, 3347.75, -18916.487886117302, 680], "-14": [2129, 740.0, 59090.0, -93.5, 2484.25, -14847.805661789997, 535], "29": [607, -207.0, 5269.0, 43.5, 691.75, 3327.236624047161, 85], "-15": [1455, 250.0, 20296.0, -35.0, 1705.0, -10815.073743523368, 345], "31": [266, 17.0, 3805.0, 21.5, 294.75, 1668.8130595728617, 52], "30": [412, -154.0, 2150.0, 23.0, 440.0, 2362.466511598903, 56], "33": [92, -56.0, 164.0, 4.5, 100.75, 632.5481295189103, 9], "32": [155, -76.0, 390.0, -1.5, 173.75, 987.4731271387311, 19], "-22": [43, 9.0, 147.0, -2.0, 49.5, -389.65116773509226, 13], "-23": [39, -11.0, 95.0, 0.0, 44.0, -394.36362065124445, 7], "34": [56, -40.0, 88.0, -8.0, 53.5, 367.455159549464, 4], "38": [5, -5.0, 5.0, 4.0, 7.5, 39.04197431174456, 0], "37": [17, -9.0, 33.0, 2.0, 16.0, 145.0168708460255, 2], "36": [22, -22.0, 22.0, 2.5, 19.25, 172.48129228246037, 0], "-24": [15, 28.0, 938.0, -2.0, 10.0, -156.33861854832097, 6], "-25": [8, 7.0, 115.0, 2.0, 8.0, -87.20046640776097, 3], "35": [36, -13.0, 159.0, -0.5, 42.25, 266.6954508954628, 5], "39": [4, -4.0, 4.0, 2.0, 4.0, 31.05506219067587, 0], "40": [1, -1.0, 1.0, 1.0, 1.0, 11.386861313868613, 0], "-28": [1, -1.0, 1.0, 1.0, 1.0, -11.926605504587155, 0], "-30": [2, 2.0, 10.0, -2.0, 2.0, -28.42666666666667, 1], "-29": [1, -1.0, 1.0, -1.0, 1.0, -15.48936170212766, 0], "-27": [1, -1.0, 1.0, -1.0, 1.0, -15.191011235955058, 0], "-26": [2, 6.0, 18.0, 4.0, 8.0, -23.76849237718803, 2]}, "red7_rc": {"-12": [153024, -6183.0, 3282283.0, -2392.5, 174273.75, -116474.32181335136, 29410], "-9": [107588, -4029.0, 1586991.0, -1356.0, 122451.5, -59739.71530267576, 20709], "-5": [88431, -7918.0, 1062418.0, -1265.5, 100115.25, 30781.284370423054, 16327], "-7": [99293, -4349.0, 1632089.0, -1478.5, 113028.75, -13916.059693193787, 18753], "-8": [104265, -4378.0, 1913728.0, -1658.5, 118722.25, -37631.06444186507, 19844], "-10": [109693, -3128.0, 2527100.0, -1361.5, 125172.25, -79885.68903439568, 21200],