{"kind": "pog_count_curves", "rules": "RIDE_FREE", "penetration": 0.75, "paytable": [3.0, 10.0, 30.0, 60.0, 100.0, 300.0, 1000.0], "arm": "farm", "customs": {"pog2_rc": {"tags": {"1": -1, "2": 0, "3": 1, "4": 1, "5": 0, "6": 1, "7": 1, "8": 0, "9": 0, "10": -1}, "bump": 2, "sign": 1}, "red7_rc": {"tags": {"1": -1, "2": 1, "3": 1, "4": 1, "5": 1, "6": 1, "7": 0, "8": 0, "9": 0, "10": -1}, "bump": 7, "sign": 1}}, "seed": 18500000001, "rounds": 2000000, "pog_total": -119575.0, "main_total": -25061.0, "signals": {"hilo_tc": {"0": [525507, -33645.0, 9040437.0, -6417.5, 596900.25, -2948.847496359082, 98383], "1": [320010, -32043.0, 4187075.0, -2550.0, 362726.0, 300963.5687527692, 58232], "2": [174992, -22704.0, 2412926.0, -1265.0, 197415.0, 341446.7644870949, 30702], "-1": [340487, -12307.0, 5568471.0, -5900.5, 388022.75, -319406.78852963884, 65755], "-2": [183722, 1310.0, 2886676.0, -2744.0, 210311.5, -358612.60023790394, 36950], "-4": [58579, 5062.0, 1233906.0, -1879.5, 66868.25, -231563.3632502003, 12521], "3": [96559, -16742.0, 1128086.0, -449.0, 109414.0, 284851.7137436707, 16266], "5": [31122, -7747.0, 324133.0, 152.5, 34711.25, 154165.46561859414, 4810], "7": [8974, -3054.0, 69906.0, 17.0, 9934.5, 62455.28099714426, 1226], "6": [17924, -4948.0, 134984.0, 441.5, 20154.75, 106822.90433507499, 2750], "-3": [102493, 6553.0, 2784917.0, -2279.5, 117503.25, -302372.9183634019, 21420], "-5": [32668, 4786.0, 771364.0, -971.0, 37493.5, -161766.33890266967, 7192], "-6": [19208, 4013.0, 388743.0, -593.5, 22351.25, -114480.2957392203, 4425], "-7": [9767, 3460.0, 1287034.0, -233.5, 11348.75, -67950.29544331257, 2333], "-8": [5745, 1644.0, 193816.0, -315.0, 6441.0, -45661.78718284498, 1401], "4": [55943, -11970.0, 598378.0, 99.0, 62880.5, 221110.69822834866, 9088], "-9": [2870, 1142.0, 148728.0, -158.5, 3313.75, -25661.385474504896, 729], "-11": [750, 716.0, 191268.0, -33.5, 889.25, -8190.195720879394, 191], "8": [5315, -1812.0, 37758.0, -22.5, 5933.25, 42253.179129657256, 753], "9": [2552, -1011.0, 13855.0, 139.5, 2847.25, 22801.193277216622, 338], "-10": [1508, 883.0, 54537.0, -59.5, 1798.25, -14970.217280508248, 436], "-12": [619, 127.0, 7955.0, -69.0, 708.0, -7817.467985802072, 159], "10": [1380, -675.0, 4705.0, -24.0, 1439.0, 13679.043550751627, 161], "11": [689, -249.0, 12059.0, 38.5, 760.25, 7528.119891120315, 83], "12": [617, -364.0, 1354.0, 16.0, 669.0, 7833.254846044181, 61]}, "pog2_rc": {"12": [153298, -13138.0, 2222958.0, -1634.0, 174053.0, 106994.40783010528, 28134], "10": [116432, -11314.0, 1583700.0, -1143.5, 132024.25, 74224.7633437037, 21267], "11": [113983, -9379.0, 1813819.0, -876.5, 129589.25, 93155.9102528558, 20870], "13": [94596, -12239.0, 1176543.0, -1089.0, 106863.5, 117922.09643941218, 16764], "17": [40902, -6277.0, 608271.0, -628.5, 46167.25, 93313.8803360618, 6953], "14": [79653, -10913.0, 953069.0, -786.0, 89961.0, 117938.52320867991, 14006], "6": [100032, -6838.0, 1419186.0, -1585.5, 113370.25, -11112.289326491518, 18754], "9": [114807, -11281.0, 1498053.0, -1218.5, 130375.75, 54284.05976471221, 21130], "8": [110497, -8639.0, 1651901.0, -1315.5, 125265.25, 33153.43808585603, 20330], "5": [94670, -5611.0, 1359277.0, -987.0, 108329.5, -32971.49782080588, 17962], "3": [81350, -254.0, 2241928.0, -938.0, 92733.5, -70904.74606464988, 16028], "1": [65639, -1640.0, 863440.0, -1153.5, 74955.25, -97402.9038162403, 13003], "7": [104939, -8306.0, 1449220.0, -878.5, 118774.25, 10781.560244944636, 19487], "2": [73784, -1350.0, 1322600.0, -1429.0, 83700.0, -86931.37282608286, 14469], "4": [88046, -3306.0, 1542514.0, -1370.0, 100501.0, -53430.27993225676, 16797], "15": [65209, -8336.0, 1002414.0, -182.0, 73698.0, 112712.76015124652, 11429], "18": [31675, -5823.0, 345447.0, -19.5, 35687.75, 81149.28433825227, 5261], "20": [18047, -3931.0, 167147.0, -352.5, 20149.75, 56646.837705665836, 2947], "21": [13282, -3398.0, 126018.0, -83.0, 14896.0, 46069.90601268084, 2065], "19": [23936, -4682.0, 246206.0, -164.5, 26819.25, 68282.64830685382, 3973], "16": [52710, -6467.0, 810967.0, -71.0, 59670.5, 105567.14540891552, 9180], "-2": [43954, 1303.0, 837255.0, -683.0, 50507.0, -109051.29450724686, 9035], "-4": [30978, 1542.0, 630390.0, -717.5, 35500.75, -99752.8342180672, 6402], "-7": [16407, 2204.0, 354144.0, -431.5, 18824.75, -70951.04587551915, 3600], "-5": [25725, 3348.0, 421498.0, -504.0, 29745.5, -92231.34191417065, 5750], "-6": [20349, 3257.0, 543757.0, -331.0, 23647.5, -80150.23221402179, 4491], "-10": [7344, 1906.0, 236194.0, -232.0, 8354.5, -40226.78694330126, 1740], "-9": [9831, 3101.0, 1257869.0, -291.5, 11314.25, -50323.15621006998, 2320], "-1": [50638, 2287.0, 1818823.0, -1172.5, 57725.75, -108731.2997826604, 10322], "0": [58496, 1309.0, 1170001.0, -767.0, 66907.0, -106093.50066431025, 11794], "-8": [12715, 2529.0, 242103.0, -324.0, 14756.5, -59930.254530593746, 2970], "-3": [37374, 2194.0, 590770.0, -1097.0, 42549.5, -106495.87149021558, 7868], "22": [9604, -2400.0, 83894.0, 68.5, 10754.75, 35624.71116097172, 1521], "24": [4734, -1100.0, 53718.0, -21.0, 5218.5, 20606.249309860075, 751], "-11": [5509, 2053.0, 311849.0, -225.5, 6540.25, -32590.324758277093, 1330], "-13": [2769, 700.0, 51116.0, -110.5, 3252.25, -18385.1349105798, 684], "-14": [1972, 680.0, 119818.0, -111.5, 2243.75, -14078.924190257576, 486], "-15": [1337, 502.0, 33966.0, -36.0, 1522.0, -9999.183315338714, 339], "25": [3187, -772.0, 28326.0, 45.0, 3608.5, 14588.99368069976, 492], "27": [1450, -287.0, 18787.0, 39.0, 1635.0, 7474.100269007894, 226], "23": [6906, -1751.0, 66495.0, 38.5, 7738.75, 27869.80146081362, 1078], "26": [2268, -838.0, 8506.0, -81.0, 2500.5, 11180.734602676916, 328], "28": [935, -37.0, 20585.0, -55.5, 1037.25, 5203.44237983711, 162], "-12": [3967, 1705.0, 117211.0, 26.5, 4770.75, -25129.521608259598, 1034], "-16": [946, 127.0, 15607.0, -52.5, 1084.25, -7374.956390514412, 212], "-17": [609, 155.0, 11997.0, -30.5, 703.25, -5117.781333954848, 147], "-20": [197, 137.0, 12413.0, -10.0, 235.0, -1848.7673076685442, 53], "-21": [99, 49.0, 1463.0, -15.5, 107.25, -949.8109730746983, 30], "-19": [259, 1.0, 2155.0, -13.5, 303.25, -2250.722017366639, 55], "-18": [402, 207.0, 10787.0, -41.5, 441.25, -3541.6013114950674, 115], "-22": [68, 7.0, 295.0, -15.5, 69.25, -656.6249372852612, 18], "29": [591, -216.0, 2794.0, 8.5, 651.25, 3315.6453232463177, 83], "30": [370, -149.0, 1351.0, 14.5, 414.75, 2243.659859892686, 50], "31": [182, -72.0, 1316.0, -13.0, 196.0, 1143.612054275484, 22], "33": [71, -44.0, 202.0, -4.5, 79.25, 508.73199313252303, 6], "32": [119, -38.0, 512.0, 7.5, 142.25, 812.1019057372093, 18], "-23": [23, 1.0, 71.0, 3.0, 30.5, -244.86554268844, 6], "37": [14, -10.0, 22.0, -2.0, 19.5, 125.25234840186587, 1], "35": [25, -17.0, 41.0, -3.5, 24.75, 175.6799456098321, 2], "-24": [13, 7.0, 53.0, 1.0, 13.0, -138.10221300206763, 5], "-25": [6, -6.0, 6.0, -3.0, 5.0, -54.4214526959109, 0], "-26": [6, 2.0, 22.0, 0.0, 6.0, -63.50886255782955, 2], "34": [43, -16.0, 174.0, -7.0, 52.0, 330.3027389094755, 6], "36": [10, -6.0, 18.0, -2.0, 8.0, 94.12274680113606, 1], "38": [2, 2.0, 10.0, 0.0, 0.0, 23.743450567709775, 1], "40": [7, -7.0, 7.0, -2.5, 8.25, 83.08189915549406, 0], "39": [2, -2.0, 2.0, 1.0, 1.0, 22.455952380952382, 0]}, "red7_rc": {"-12": [152901, -4408.0, 2571170.0, -2319.0, 173850.5, -115713.87359219037, 29447], "-13": [97163, 93.0, 1688587.0, -1692.0, 111266.5, -127147.8365573536, 19144], "-11": [109382, -3560.0, 1877190.0, -1831.0, 124913.0, -99530.37298705886, 21089], "-10": [109941, -5577.0, 1612323.0, -1592.5, 124361.75, -81059.11823831321, 21061], "-9": [107291, -5229.0, 1579561.0, -1334.5, 122301.25, -59549.462589091745, 20634], "-7": [99168, -5234.0, 1518630.0, -881.0, 113504.0, -14465.594168151141, 18817], "-8": [104163, -4986.0, 1651096.0, -1471.0, 117915.0, -37461.04184054153, 19747], "-5": [88495, -6054.0, 1207488.0, -906.0, 100775.5, 31084.28511904454, 16527], "-6": [94108, -7086.0, 1163564.0, -1185.5, 106870.25, 8980.240013457858, 17643],