{"kind": "pog_count_curves", "rules": "RIDE_FREE", "penetration": 0.75, "paytable": [3.0, 10.0, 30.0, 60.0, 100.0, 300.0, 1000.0], "arm": "farm", "customs": {"pog2_rc": {"tags": {"1": -1, "2": 0, "3": 1, "4": 1, "5": 0, "6": 1, "7": 1, "8": 0, "9": 0, "10": -1}, "bump": 2, "sign": 1}, "red7_rc": {"tags": {"1": -1, "2": 1, "3": 1, "4": 1, "5": 1, "6": 1, "7": 0, "8": 0, "9": 0, "10": -1}, "bump": 7, "sign": 1}}, "seed": 19200000001, "rounds": 2000000, "pog_total": -117471.0, "main_total": -25117.0, "signals": {"hilo_tc": {"0": [525061, -31435.0, 8931111.0, -7249.0, 595803.0, -2625.909105254719, 98862], "1": [320080, -32845.0, 4122049.0, -3081.5, 363189.75, 300864.5899085624, 58255], "2": [173480, -24404.0, 2281718.0, -1200.5, 196851.25, 338344.86073607265, 30389], "-1": [340793, -7527.0, 5576271.0, -4892.0, 388875.0, -319796.4429377212, 66307], "-2": [183086, 935.0, 2976385.0, -3446.0, 209412.5, -357445.88732141734, 36669], "-3": [102481, 4551.0, 2563873.0, -2272.5, 117819.25, -302462.6676171158, 21189], "-4": [59123, 8641.0, 2270943.0, -862.0, 68344.0, -233734.99451266494, 12910], "-5": [32915, 4704.0, 618946.0, -1121.0, 37895.5, -163065.21751915617, 7311], "-6": [19385, 4330.0, 454368.0, -632.0, 22495.5, -115518.472435734, 4530], "3": [96144, -17296.0, 1049970.0, 69.0, 108433.0, 284104.3837610481, 16189], "4": [56061, -12247.0, 513167.0, -140.0, 63062.0, 221724.10999145117, 9104], "5": [31267, -8682.0, 270906.0, 167.5, 34774.75, 154804.38508078604, 4727], "6": [18331, -5087.0, 163463.0, 47.5, 20367.25, 109252.2157948662, 2776], "8": [5430, -1898.0, 40244.0, 10.5, 5916.75, 43111.13498801098, 735], "-7": [9976, 2407.0, 201811.0, -295.5, 11788.25, -69456.53465307356, 2417], "-8": [5859, 870.0, 95152.0, -190.5, 6628.25, -46509.992733862055, 1378], "-11": [695, 411.0, 13783.0, -94.5, 780.25, -7595.376098143838, 217], "-12": [615, 600.0, 43508.0, -46.5, 754.25, -7817.082669999379, 194], "7": [9523, -3287.0, 61719.0, 65.5, 10504.25, 66247.45224914477, 1334], "9": [2638, -913.0, 19075.0, 94.5, 2895.75, 23609.92502889106, 367], "10": [1347, -505.0, 7149.0, 44.5, 1521.75, 13364.202424051597, 184], "12": [576, -244.0, 8348.0, -25.5, 609.25, 7288.932705308314, 59], "-9": [2898, 1118.0, 55402.0, 6.5, 3508.75, -25898.395039222152, 796], "-10": [1556, 533.0, 37913.0, -97.5, 1886.75, -15453.668261575844, 400], "11": [680, -201.0, 12657.0, 24.0, 755.5, 7429.056654519242, 91]}, "pog2_rc": {"12": [152949, -12985.0, 2127841.0, -2148.5, 173596.75, 106740.14149869171, 28048], "11": [114161, -10810.0, 1761580.0, -1118.0, 129214.5, 93590.82725778724, 20766], "17": [41006, -6444.0, 534114.0, -266.5, 46592.75, 93759.92813848688, 7016], "16": [52511, -9172.0, 626170.0, -458.5, 59387.75, 105555.20295365769, 8914], "15": [65123, -10517.0, 614675.0, -402.0, 73404.0, 113204.35126321917, 11395], "21": [13259, -2554.0, 128106.0, 5.5, 14842.25, 45344.698694001476, 2207], "20": [18037, -1838.0, 544086.0, 233.5, 20566.75, 56375.4065359377, 3113], "25": [3407, -925.0, 26313.0, -142.5, 3756.25, 15693.481370607089, 525], "24": [5051, -976.0, 52894.0, 76.5, 5615.25, 21467.33448737774, 833], "18": [31582, -5966.0, 317628.0, 130.5, 35615.25, 81299.70399240394, 5278], "14": [79518, -10352.0, 996792.0, -529.5, 90235.25, 117544.4547197136, 14184], "9": [114711, -8981.0, 1617065.0, -801.5, 129981.75, 54607.5374494059, 21157], "13": [93875, -12469.0, 1088965.0, -1175.0, 105965.0, 115742.8158976711, 16684], "10": [117526, -13277.0, 1511215.0, -1678.0, 133124.5, 75126.3254979584, 21229], "7": [105606, -8244.0, 1640372.0, -1562.0, 120297.0, 11639.02452261057, 19601], "6": [100179, -6991.0, 1407425.0, -1159.0, 113688.0, -11920.063869301172, 18984], "4": [87554, -5289.0, 2055025.0, -543.5, 99761.25, -54413.89371495267, 16609], "5": [94305, -3630.0, 1710816.0, -1423.0, 107078.0, -33728.17044011303, 17933], "8": [111309, -8322.0, 1520578.0, -1387.5, 126256.75, 32822.46576035291, 20723], "3": [80589, -154.0, 1547114.0, -985.0, 92628.0, -71748.98703901943, 15908], "1": [65633, 1051.0, 1142145.0, -1214.5, 74831.75, -98217.37700550673, 13139], "-2": [43865, 2781.0, 825685.0, -1339.0, 50155.0, -110214.41286678244, 9084], "2": [73128, -1626.0, 1026424.0, -1120.5, 83376.25, -86932.20410461571, 14261], "0": [58311, 2697.0, 917905.0, -852.0, 67160.5, -106132.64176428296, 11974], "-1": [50401, 610.0, 655294.0, -1108.5, 57747.25, -109109.43017504034, 10286], "-4": [30949, 4614.0, 2462646.0, -477.0, 35729.0, -100106.55052284092, 6703], "-3": [37132, 2498.0, 658836.0, -571.0, 42757.5, -106279.4847492855, 7870], "-6": [20671, 2790.0, 419654.0, -602.0, 23795.5, -82397.36854900047, 4595], "23": [7044, -1752.0, 56880.0, -64.5, 7799.25, 28174.7519557696, 1106], "22": [9796, -1853.0, 96809.0, -125.5, 10896.75, 36253.293405506935, 1619], "19": [24388, -4416.0, 275890.0, -60.5, 27368.25, 69166.3193361777, 4043], "-7": [16260, 3503.0, 433483.0, -268.0, 19084.0, -70868.69329082394, 3697], "-12": [3988, 1769.0, 142963.0, -101.0, 4818.5, -24918.73387651081, 1025], "-11": [5547, 1214.0, 111838.0, -251.0, 6337.0, -32452.82455838933, 1302], "-14": [1990, -19.0, 18929.0, -76.0, 2288.0, -13991.853136338917, 425], "-13": [2850, 663.0, 57811.0, -44.0, 3372.5, -19010.969614661703, 693], "-9": [9753, 1985.0, 166585.0, -313.0, 11151.5, -50005.48416394606, 2305], "-10": [7173, 1467.0, 125253.0, -197.5, 8325.75, -39316.16407438382, 1683], "-5": [25213, 3077.0, 492393.0, -432.0, 29232.5, -91328.64902287531, 5577], "-8": [12838, 1624.0, 215420.0, -440.0, 14773.5, -60434.367006432476, 2853], "-15": [1481, 702.0, 114912.0, -18.0, 1780.0, -10855.384167190245, 380], "-16": [932, 264.0, 23160.0, -66.5, 1099.75, -7190.028604536036, 224], "28": [1043, -211.0, 18579.0, 42.5, 1150.75, 5692.636829600103, 158], "26": [2271, -588.0, 18778.0, -7.5, 2463.75, 11093.490960631538, 355], "-17": [674, 149.0, 7429.0, -13.5, 811.25, -5382.121805594244, 173], "27": [1597, -542.0, 13644.0, 35.0, 1756.0, 8249.046279244805, 219], "29": [672, -314.0, 2302.0, 8.0, 734.0, 3719.596669561126, 84], "-18": [427, 173.0, 5591.0, -13.0, 494.0, -3540.0695342558765, 125], "31": [270, -141.0, 759.0, -6.5, 297.25, 1637.750243157212, 30], "30": [432, -133.0, 5729.0, -26.5, 472.25, 2554.107294723323, 55], "-19": [235, 231.0, 13783.0, 7.5, 302.75, -2022.3415774102468, 79], "-23": [41, 193.0, 20103.0, 0.0, 70.0, -435.6748915942241, 18], "-25": [19, -11.0, 35.0, 2.0, 25.5, -232.18174079240936, 2], "-24": [17, 10.0, 148.0, -1.0, 20.5, -194.62913257880976, 6], "-21": [101, 62.0, 1572.0, -18.0, 126.5, -977.2000929790821, 33], "-22": [64, 26.0, 398.0, -16.5, 77.75, -626.3458262902411, 21], "-20": [162, 128.0, 10770.0, 1.0, 199.5, -1482.9384565220912, 50], "32": [151, -103.0, 247.0, -8.5, 152.75, 1000.2846945803689, 12], "34": [54, -34.0, 94.0, -7.5, 53.25, 366.0245934665775, 5], "35": [30, -22.0, 46.0, 2.0, 33.5, 217.72042454703475, 2], "33": [101, -73.0, 157.0, -19.5, 96.75, 644.735931095706, 7], "-26": [7, -3.0, 15.0, -3.0, 7.0, -89.34863571250484, 1], "37": [9, -9.0, 9.0, -2.5, 10.25, 59.68387889364416, 0], "36": [13, -9.0, 21.0, 5.5, 21.25, 72.8649900066014, 1], "-28": [2, -2.0, 2.0, 0.0, 2.0, -23.58460517584605, 0], "-27": [6, 6.0, 30.0, -1.0, 7.0, -78.65506478321596, 3], "38": [1, -1.0, 1.0, 0.0, 0.0, 7.428571428571429, 0]}, "red7_rc": {"-12": [153424, -4300.0, 3337920.0, -2532.0, 174308.0, -116729.61418256868, 29751], "-6": [93462, -6517.0, 1226823.0, -1013.5, 106408.75, 8760.710913651603, 17612], "-7": [98556, -4994.0, 1461448.0, -1553.0, 112427.0, -14215.145752786988, 18769], "-8": [103420, -5140.0, 1434666.0, -1170.0, 117789.0, -36792.01047155686, 19715], "-1": [62711, -10327.0, 578489.0, -486.0, 70779.0, 97514.80990575759, 10934], "0": [55419, -7466.0, 773726.0, -946.0, 62561.5, 105202.04584781398, 9742], "4": [30776, -6246.0, 279238.0, -55.5, 34323.75, 104588.56707133331, 5106], "-3": [76222, -7245.0, 1061523.0, -559.0, 86453.0, 70142.13938859808, 13919], "-2": [69082, -7709.0, 1131023.0, -490.0, 78448.5, 85502.42107822455, 12333],