{"kind": "pog_eor", "rules": "RIDE_FREE", "penetration": 0.75, "paytable": [3.0, 10.0, 30.0, 60.0, 100.0, 300.0, 1000.0], "arm": "farm", "seed": 17900000001, "rounds": 2000000, "xtx": [[2000000.0, 116.40049540833502, 391.79047654816253, 391.74323076234623, 17.70224642839571, 67.6365470531528, 50.493268120661256, -75.85773817645111, -157.84062616721752, -29.0976879684959, -772.9702120095959], [0.0, 381.7925952079438, -30.79527492933399, -33.362251847154745, -32.25473244769828, -33.35760447204151, -31.917670404290035, -31.17923026538736, -31.992672788375234, -32.365001612250985, -124.56815644107516], [0.0, 0.0, 375.60395521244067, -29.907136495971613, -30.822959762270045, -31.692522410662733, -29.801427531910427, -30.740538394387787, -31.987315174823028, -32.41125318918939, -127.44552732364298], [0.0, 0.0, 0.0, 379.41962252936986, -33.66183730391137, -30.78466536654359, -31.620620704151595, -31.873789369902696, -31.889992258483346, -33.16043715534552, -123.15889202767157], [0.0, 0.0, 0.0, 0.0, 382.4679295582962, -31.117723754989306, -30.658580476939523, -32.62503361619786, -31.389841207095326, -30.31525554032362, -129.62196544857903], [0.0, 0.0, 0.0, 0.0, 0.0, 379.68354964960207, -31.90067091995897, -30.234980204343238, -31.868261820645653, -33.85713147166096, -124.86998922850606], [0.0, 0.0, 0.0, 0.0, 0.0, 0.0, 375.01415600448263, -31.99603164595946, -32.99563446105763, -29.487647937135755, -124.63587192281763], [0.0, 0.0, 0.0, 0.0, 0.0, 0.0, 0.0, 378.23629480883756, -32.214895413042505, -30.44637200229767, -126.92542389704538], [0.0, 0.0, 0.0, 0.0, 0.0, 0.0, 0.0, 0.0, 382.23019788361637, -31.38556942463954, -126.50601533515731], [0.0, 0.0, 0.0, 0.0, 0.0, 0.0, 0.0, 0.0, 0.0, 382.0347825049062, -128.6061141717713], [0.0, 0.0, 0.0, 0.0, 0.0, 0.0, 0.0, 0.0, 0.0, 0.0, 1136.3379557973742]], "xty_side": [-113838.0, -936.736846515779, 762.4231634456081, 838.040425854239, 1055.4695890990995, 451.8067146791435, 764.2305090414984, 897.9614927518078, 291.9385957059617, -231.31022594400193, -3893.823418139602], "xty_main": [-26613.0, 129.88082717261761, -73.43074763092109, -52.15204284114394, -49.147304929525966, -104.85231638965006, -91.98128297738971, -9.386771593926682, 12.311762146504824, 18.66167201558035, 220.09620502804304], "side_sq": 31700590.0, "main_sq": 2272422.5}