{"kind": "pog_eor", "rules": "RIDE_FREE", "penetration": 0.75, "paytable": [3.0, 10.0, 30.0, 60.0, 100.0, 300.0, 1000.0], "arm": "farm", "seed": 18100000001, "rounds": 2000000, "xtx": [[2000000.0, -105.74350289605424, 295.5978049774949, 313.4164004357468, 137.71016844542135, 155.11607292198184, 70.67461595368911, 25.870134160132668, -98.42558068028548, -135.41918590065524, -658.7969274177943], [0.0, 379.60182730353256, -32.03048154972526, -31.991340927314884, -32.0849457359781, -32.928222174617716, -31.05885897476866, -30.148921461070508, -30.333379087089416, -33.58176657374745, -125.44391081891285], [0.0, 0.0, 380.57854112840613, -30.941252190508727, -32.206350369597956, -32.02969010559263, -32.67097721929883, -31.171859808748746, -32.175055895530996, -32.55827053930046, -124.79460344987567], [0.0, 0.0, 0.0, 378.569019085998, -30.91235599841221, -31.628530606259726, -31.282206272808324, -30.65432228459116, -31.41091810160798, -29.84128767417161, -129.90680503007601], [0.0, 0.0, 0.0, 0.0, 379.85235727896827, -32.76482826739028, -29.63217245068951, -32.192413792181284, -31.613424288040274, -34.100524061815136, -124.3453423146015], [0.0, 0.0, 0.0, 0.0, 0.0, 379.5561547171654, -32.24724190013153, -32.043571295032656, -30.694595108457026, -30.01998816385689, -125.19948709556571], [0.0, 0.0, 0.0, 0.0, 0.0, 0.0, 377.7278052038144, -30.19873883304434, -33.31638114046842, -32.98092181018644, -124.34030660216276], [0.0, 0.0, 0.0, 0.0, 0.0, 0.0, 0.0, 379.38290586153767, -31.552904673407877, -32.496154199427906, -128.92401951374148], [0.0, 0.0, 0.0, 0.0, 0.0, 0.0, 0.0, 0.0, 378.1735810896032, -29.3656370185707, -127.71128577614401], [0.0, 0.0, 0.0, 0.0, 0.0, 0.0, 0.0, 0.0, 0.0, 382.95433327054167, -128.00978322913352], [0.0, 0.0, 0.0, 0.0, 0.0, 0.0, 0.0, 0.0, 0.0, 0.0, 1138.6755438313648]], "xty_side": [-115494.0, -1008.8069383742854, 731.3929666769151, 967.3088107019985, 775.9767895063262, 498.8830721868372, 909.3601063519278, 801.4474963562138, 436.61158094139483, -101.71581333858752, -4010.4580710327145], "xty_main": [-24792.0, 114.99345368000547, -108.17832914871695, -37.29413926718333, -54.46173950626585, -126.96085037883266, -83.72704310251991, -29.78823235335499, 62.845355069567795, 20.81805411474289, 241.75347089280322], "side_sq": 34865158.0, "main_sq": 2273833.0}