{"kind": "pog_count_curves", "rules": "RIDE_FREE", "penetration": 0.75, "paytable": [3.0, 10.0, 30.0, 60.0, 100.0, 300.0, 1000.0], "arm": "farm", "customs": {"pog2_rc": {"tags": {"1": -1, "2": 0, "3": 1, "4": 1, "5": 0, "6": 1, "7": 1, "8": 0, "9": 0, "10": -1}, "bump": 2, "sign": 1}, "red7_rc": {"tags": {"1": -1, "2": 1, "3": 1, "4": 1, "5": 1, "6": 1, "7": 0, "8": 0, "9": 0, "10": -1}, "bump": 7, "sign": 1}}, "seed": 18800000001, "rounds": 2000000, "pog_total": -113852.0, "main_total": -25338.5, "signals": {"hilo_tc": {"0": [526532, -27876.0, 9786174.0, -7453.5, 597682.25, -2611.897483138468, 98819], "-1": [341820, -9663.0, 4820747.0, -5786.0, 389345.5, -320439.98237446183, 66841], "-2": [183384, 2557.0, 2795935.0, -3088.0, 210286.0, -357961.00099339854, 37336], "1": [320516, -30111.0, 5380655.0, -2993.0, 363470.5, 301474.4149587588, 58211], "-3": [101843, 5825.0, 2885181.0, -1988.5, 116984.75, -300548.70920024224, 21062], "-4": [58344, 5946.0, 1148800.0, -1362.5, 67313.75, -230769.9308249115, 12570], "-5": [32960, 4955.0, 746341.0, -784.5, 38218.25, -163258.90160077385, 7338], "2": [174586, -25813.0, 2049283.0, -910.0, 197083.0, 340934.933846559, 30336], "3": [96908, -17351.0, 1097999.0, 278.0, 109366.0, 285982.9838472823, 16234], "4": [55285, -11345.0, 583991.0, -447.5, 61807.75, 218374.21296156122, 8936], "5": [30554, -8367.0, 235245.0, 332.0, 34414.0, 151284.883458338, 4703], "6": [17864, -5970.0, 202266.0, -169.5, 19617.25, 106436.63715287983, 2505], "-6": [18904, 4316.0, 349694.0, -545.0, 21951.5, -112719.70878743657, 4537], "-7": [9931, 2543.0, 181839.0, -219.0, 11729.5, -69080.90206831384, 2447], "-9": [2840, 1762.0, 317956.0, -11.5, 3445.75, -25402.75200144422, 766], "-10": [1525, 474.0, 20656.0, -118.0, 1741.0, -15145.791040343067, 418], "7": [8858, -3030.0, 83110.0, 174.0, 9733.0, 61662.18843122602, 1198], "8": [5195, -1960.0, 30310.0, 31.0, 5722.0, 41309.81734364387, 703], "-8": [5603, 1077.0, 102251.0, -224.5, 6423.25, -44530.09061814343, 1295], "-12": [594, 270.0, 9490.0, -31.5, 734.25, -7580.934307489096, 170], "-11": [709, 145.0, 9637.0, -66.5, 829.75, -7749.259110277969, 176], "11": [680, -295.0, 3509.0, -14.0, 756.5, 7423.99287292093, 83], "10": [1416, -694.0, 4842.0, 80.0, 1580.0, 14074.680441794368, 168], "9": [2647, -1048.0, 13912.0, -23.0, 2928.5, 23682.140192489493, 354], "12": [502, -199.0, 2561.0, 2.5, 555.75, 6337.498146356962, 65]}, "pog2_rc": {"12": [153718, -14422.0, 2329478.0, -2093.5, 174058.25, 106360.53066312628, 27978], "11": [114460, -10718.0, 2637024.0, -1222.5, 129581.75, 92241.91137464001, 20757], "14": [79916, -8769.0, 1251593.0, -296.5, 90204.75, 117491.83922916571, 14193], "9": [115195, -9397.0, 1612097.0, -1681.5, 130664.75, 53872.73257501268, 21127], "8": [110636, -6170.0, 2549742.0, -1514.0, 125109.0, 33505.78092457205, 20631], "10": [117314, -11052.0, 1615956.0, -1253.5, 132832.75, 74734.17840103248, 21401], "7": [105867, -7025.0, 1452969.0, -1091.5, 120553.25, 11651.137637285436, 19870], "6": [100148, -5606.0, 1551144.0, -1950.5, 113559.75, -10957.3014601271, 18870], "5": [93918, -4845.0, 1161673.0, -1090.0, 107740.5, -32977.48621787771, 18053], "2": [73132, -449.0, 1243129.0, -1353.0, 83573.5, -85836.33098927453, 14386], "1": [65320, -685.0, 927509.0, -797.5, 74606.25, -96859.94216079547, 13043], "0": [58843, 811.0, 1148113.0, -561.5, 67115.75, -105409.74777656612, 11802], "-1": [51217, 1062.0, 781094.0, -1160.5, 58672.25, -109493.68612258867, 10510], "3": [80533, -1843.0, 1394797.0, -905.5, 92231.25, -71208.16482885795, 15745], "-2": [43942, 1202.0, 660432.0, -494.0, 50780.5, -109236.83616331144, 9103], "13": [94315, -10574.0, 1197950.0, -1124.0, 106929.5, 115648.07112002626, 16872], "16": [52082, -7027.0, 708331.0, -321.5, 58765.25, 104353.88785632802, 9027], "15": [65229, -10148.0, 683682.0, -0.5, 73316.75, 113230.46020720185, 11324], "20": [17788, -3016.0, 197534.0, -161.0, 20035.5, 55803.28819677667, 2986], "19": [23886, -4951.0, 217261.0, -74.5, 26587.75, 68020.48974698655, 3952], "22": [9510, -2421.0, 159773.0, 101.5, 10633.25, 34716.279853033644, 1452], "24": [4720, -862.0, 128950.0, -58.0, 5370.5, 20027.906718722905, 732], "25": [3341, -1137.0, 22045.0, 69.0, 3708.5, 15516.47439872804, 474], "28": [968, -331.0, 14175.0, 40.5, 1069.75, 5270.553960095294, 125], "29": [631, -303.0, 1595.0, -69.5, 680.75, 3613.258950775587, 79], "26": [2350, -768.0, 10412.0, -27.5, 2579.25, 11437.634060953611, 358], "21": [13097, -2891.0, 142161.0, 147.5, 14914.25, 44650.39716147671, 2081], "17": [40818, -6792.0, 469960.0, -446.0, 45638.0, 94283.52886766373, 6873], "18": [31423, -6078.0, 282844.0, 11.5, 35548.25, 80878.73493093734, 5289], "4": [87833, -3536.0, 1393590.0, -1597.0, 99625.0, -53864.760390342, 16829], "-4": [31239, 3429.0, 527737.0, -821.5, 35920.75, -100749.91463114943, 6792], "-6": [20608, 3269.0, 458653.0, -685.5, 23846.75, -81762.36324096598, 4611], "-3": [37078, 2856.0, 843408.0, -825.5, 42673.75, -105262.17344669062, 7854], "-5": [25484, 2101.0, 394675.0, -424.0, 29617.5, -91221.59198975639, 5492], "-7": [16254, 3250.0, 477204.0, -450.5, 18604.75, -70431.8610177104, 3689], "-8": [12679, 3788.0, 1327462.0, -276.5, 14787.25, -59905.64786508231, 2971], "-9": [9740, 1211.0, 135989.0, -163.0, 11320.0, -49804.22606015373, 2224], "23": [6696, -1183.0, 74297.0, -31.5, 7620.25, 26569.001257094456, 1100], "27": [1564, -447.0, 11855.0, -10.0, 1697.0, 7834.825362537646, 237], "-11": [5423, 1162.0, 105028.0, -64.5, 6267.25, -32160.6457678078, 1301], "-12": [3821, 1279.0, 147841.0, -165.0, 4479.5, -24104.55165560575, 960], "-10": [7484, 1242.0, 130966.0, -296.5, 8666.25, -41422.6169593847, 1710], "-13": [2794, 814.0, 51598.0, -8.5, 3270.25, -18497.84396465051, 708], "-15": [1342, 295.0, 30065.0, 9.5, 1576.75, -9865.21365823327, 309], "-17": [642, 258.0, 13514.0, -9.0, 786.5, -5196.689142507861, 176], "-18": [425, 436.0, 106040.0, -50.0, 472.5, -3538.9436053093814, 106], "-14": [1943, 734.0, 43434.0, -81.0, 2356.0, -13593.033715789441, 495], "-16": [934, 370.0, 11984.0, -31.0, 1138.5, -7123.59234208133, 280], "30": [400, -125.0, 3615.0, 23.0, 470.5, 2438.41037282716, 53], "-19": [307, 133.0, 6877.0, -28.5, 349.75, -2685.0255035774417, 84], "31": [261, -167.0, 603.0, 17.0, 272.0, 1654.581188317281, 22], "-20": [171, 69.0, 2787.0, -6.0, 183.0, -1534.165784106206, 46], "-21": [96, 8.0, 612.0, -13.5, 100.75, -878.7198264244115, 23], "32": [169, -9.0, 4043.0, -2.5, 211.75, 1109.8661265657545, 28], "33": [71, -28.0, 234.0, 10.5, 76.25, 450.79541064197014, 10], "-22": [47, 54.0, 2000.0, 2.5, 61.25, -471.3939320808207, 15], "34": [40, 61.0, 1993.0, 9.5, 49.75, 267.5590155166366, 15], "35": [28, -12.0, 60.0, 3.0, 30.5, 244.14947558858938, 4], "-23": [35, 30.0, 396.0, 11.0, 57.0, -383.6414546258109, 14], "36": [13, -5.0, 29.0, -2.0, 8.0, 90.75379810626738, 2], "38": [2, 2.0, 10.0, 1.0, 1.0, 18.409344563446673, 1], "37": [10, -2.0, 26.0, -3.0, 11.0, 98.082389613073, 2], "-24": [22, -6.0, 54.0, -2.5, 18.25, -268.48863266978964, 4], "-26": [10, 9.0, 125.0, -1.0, 9.0, -123.70312529604016, 4], "-28": [1, 3.0, 9.0, 2.0, 4.0, -13.528455284552845, 1], "-27": [7, 5.0, 31.0, 0.0, 10.0, -97.879290372158, 3], "-25": [3, 8.0, 102.0, -1.0, 3.0, -28.551124031007753, 2], "39": [2, -2.0, 2.0, 2.0, 2.0, 22.725822102425877, 0], "-29": [1, 3.0, 9.0, 0.0, 0.0, -20.428571428571427, 1], "40": [4, -4.0, 4.0, -1.0, 3.0, 60.977717906629394, 0]}, "red7_rc": {"-12": [153152, -3559.0, 2729123.0, -2519.5, 174547.75, -115432.5388374569, 29640], "-14": [85676, -2351.0, 1160583.0, -1859.0, 97257.5, -131896.05015053603, 16825], "-10": [110182, -1856.0, 1921578.0, -1216.5, 125867.25, -81093.11773483314, 21467], "-13": [96897, -1249.0, 1400419.0, -1377.5, 110556.25, -127484.81805321055, 19221], "-15": [71359, 2093.0, 1136877.0, -1226.0, 81821.5, -130003.84087693378, 14550], "-16": [58630, 2226.0, 1051156.0, -925.0, 67230.5, -124084.5182405021, 12148], "-17": [46654, 1478.0, 756780.0, -1197.0, 53524.5, -113827.65127365058, 9578],