{"kind": "pog_count_curves", "rules": "RIDE_FREE", "penetration": 0.75, "paytable": [3.0, 10.0, 30.0, 60.0, 100.0, 300.0, 1000.0], "arm": "farm", "customs": {"pog2_rc": {"tags": {"1": -1, "2": 0, "3": 1, "4": 1, "5": 0, "6": 1, "7": 1, "8": 0, "9": 0, "10": -1}, "bump": 2, "sign": 1}, "red7_rc": {"tags": {"1": -1, "2": 1, "3": 1, "4": 1, "5": 1, "6": 1, "7": 0, "8": 0, "9": 0, "10": -1}, "bump": 7, "sign": 1}}, "seed": 18900000001, "rounds": 2000000, "pog_total": -119529.0, "main_total": -23620.5, "signals": {"hilo_tc": {"0": [525302, -36240.0, 9495004.0, -5154.5, 598733.25, -2359.3885159186707, 98163], "1": [320279, -34128.0, 4046996.0, -2075.0, 363532.0, 301467.5148075169, 58063], "2": [174298, -23424.0, 3428348.0, -1089.5, 196527.75, 340171.4870493537, 30455], "3": [96550, -17547.0, 1142087.0, -370.5, 108368.75, 284825.6203463279, 16112], "4": [55808, -12668.0, 571504.0, -4.0, 62267.5, 220654.64302238167, 8952], "5": [30871, -8960.0, 259752.0, -31.5, 34409.75, 152844.91505304753, 4602], "6": [17803, -4975.0, 141943.0, 66.0, 19966.0, 106085.95551138224, 2700], "-1": [341376, -8630.0, 6261856.0, -5189.5, 389625.25, -320316.94311815035, 66169], "-2": [184536, 4377.0, 4252375.0, -3336.0, 211077.0, -360030.1151708115, 37365], "7": [9144, -2835.0, 79481.0, 185.0, 10273.0, 63651.498686661515, 1320], "-3": [101754, 5448.0, 1813704.0, -2535.0, 116635.5, -300392.16023636016, 21103], "-4": [58868, 6465.0, 1153817.0, -1607.0, 68022.0, -232703.85871822177, 12770], "8": [5161, -1650.0, 45612.0, -7.0, 5684.0, 41031.73319014246, 736], "-5": [32353, 5198.0, 1662744.0, -981.5, 37420.25, -160205.9377508809, 7102], "9": [2538, -1312.0, 7896.0, 17.0, 2756.0, 22710.893468359074, 285], "10": [1367, -603.0, 8585.0, 3.0, 1463.5, 13558.383935583934, 165], "11": [645, -296.0, 2642.0, 18.0, 705.0, 7038.234695667198, 78], "-6": [19218, 4654.0, 691192.0, -887.5, 22286.75, -114556.37859135262, 4488], "-7": [10092, 3606.0, 406644.0, -235.5, 11757.25, -70288.69360753606, 2470], "-8": [5709, 1722.0, 131696.0, -183.0, 6568.5, -45343.73066293863, 1414], "-9": [2939, 889.0, 62085.0, -193.0, 3474.0, -26283.453678994727, 731], "-10": [1528, 791.0, 42813.0, -30.5, 1838.25, -15150.771894529465, 440], "-11": [747, 692.0, 36172.0, 3.5, 1002.75, -8163.663010789472, 239], "-12": [616, 124.0, 5608.0, -65.0, 683.0, -7903.92099695539, 161], "12": [498, -227.0, 1425.0, 62.5, 570.25, 6318.401704854239, 64]}, "pog2_rc": {"12": [153549, -16538.0, 1983778.0, -1219.5, 174212.75, 106275.9012582707, 27869], "13": [93333, -12222.0, 1183212.0, -771.5, 105125.75, 115272.93160288986, 16573], "11": [114469, -12651.0, 1698773.0, -642.5, 130204.25, 93554.48483976735, 20640], "15": [64746, -8916.0, 901188.0, -379.0, 73500.0, 112615.05169806714, 11261], "14": [78945, -9871.0, 1955571.0, -1015.5, 88839.25, 116989.82224762975, 13882], "17": [40711, -7172.0, 530102.0, -47.5, 45658.75, 93119.92992981512, 6825], "16": [52067, -8755.0, 709015.0, -632.5, 58300.25, 104299.9394433358, 8832], "18": [31620, -5243.0, 339981.0, 109.0, 35587.0, 80694.15448153163, 5371], "10": [117276, -10553.0, 1613627.0, -489.0, 133704.5, 74656.75160940207, 21327], "9": [114752, -10342.0, 2419112.0, -970.5, 130758.75, 54221.57083189737, 21123], "19": [24247, -5448.0, 286290.0, -40.5, 27226.25, 68219.5916631928, 3932], "8": [110714, -7911.0, 2509091.0, -1265.5, 125827.75, 32816.14603303066, 20470], "7": [105167, -5060.0, 2637308.0, -1034.5, 119945.75, 11287.511238282217, 19797], "6": [100549, -7260.0, 1544512.0, -1549.0, 114144.0, -11220.038588059555, 18652], "4": [88063, -3918.0, 1265226.0, -1808.0, 99996.0, -52695.15703477632, 16917], "5": [93748, -4954.0, 1265010.0, -948.5, 106800.75, -32819.188109730545, 17868], "3": [81350, -1724.0, 1317964.0, -583.5, 92883.75, -71746.03719804726, 15855], "-1": [50575, 2708.0, 857648.0, -1164.5, 58259.25, -108286.0138659292, 10496], "0": [58860, 2379.0, 1933433.0, -429.5, 67808.25, -106347.04017049809, 11988], "1": [65821, -968.0, 986470.0, -1495.0, 74939.0, -97145.13879664696, 13072], "-3": [37161, 3054.0, 752594.0, -937.5, 42786.75, -106022.97179503212, 7857], "-4": [30895, 2771.0, 1421121.0, -384.5, 35868.75, -99262.94342171993, 6569], "-5": [25430, 3405.0, 593001.0, -732.0, 29128.0, -90880.2584939885, 5581], "-6": [20450, 2331.0, 518197.0, -229.5, 23690.75, -80676.95050125814, 4380], "-7": [16336, 2273.0, 371283.0, -548.0, 18887.5, -70968.49551958099, 3607], "-8": [13009, 1871.0, 243821.0, -558.5, 14852.25, -61464.594519480874, 2857], "2": [73955, -733.0, 1368051.0, -1558.5, 84085.75, -86975.88939585349, 14522], "-2": [43712, 3397.0, 839505.0, -1140.5, 50307.25, -109216.63834588214, 9266], "20": [18123, -3660.0, 173244.0, -34.5, 20425.75, 56202.22795696318, 3004], "22": [9669, -2640.0, 66578.0, -1.0, 10718.0, 35510.19325235113, 1512], "23": [6877, -1536.0, 61562.0, 76.0, 7596.0, 27016.35080779213, 1107], "21": [13251, -3174.0, 123630.0, -73.0, 14946.0, 45187.13728657786, 2074], "24": [4807, -1254.0, 38538.0, 36.5, 5334.25, 20253.15928553291, 741], "-9": [10040, 2265.0, 188947.0, -291.5, 11644.75, -51257.65045159393, 2378], "-10": [7521, 3416.0, 458052.0, -411.0, 8900.0, -41468.44426216093, 1876], "-12": [4077, 1187.0, 180013.0, -127.0, 4720.0, -25838.1695136281, 960], "-11": [5565, 1209.0, 114715.0, -40.5, 6478.25, -33112.873877769336, 1311], "-14": [1987, 753.0, 57871.0, -136.5, 2298.25, -14052.660619203401, 500], "-16": [895, 258.0, 18058.0, -85.5, 1044.75, -7087.366467583356, 225], "-17": [573, 99.0, 8367.0, -1.5, 675.75, -4663.727741969678, 138], "-20": [144, 71.0, 2479.0, 16.5, 178.25, -1346.2677178708623, 42], "-13": [2775, 1298.0, 82226.0, -3.5, 3388.25, -18608.257249147457, 753], "-15": [1368, 534.0, 38384.0, -101.5, 1615.25, -10405.451011415542, 359], "27": [1516, -473.0, 10539.0, 50.5, 1734.25, 7789.032712065464, 217], "29": [693, -186.0, 4228.0, -35.0, 748.0, 4073.5281489132653, 109], "28": [1012, -286.0, 6582.0, 67.0, 1158.0, 5545.019655165357, 155], "25": [3323, -543.0, 36503.0, -37.0, 3842.5, 15012.773943833477, 568], "-18": [396, 167.0, 6323.0, 6.0, 496.0, -3353.207554425715, 111], "-23": [46, 18.0, 482.0, 12.5, 65.25, -500.2029063072924, 13], "-22": [83, 14.0, 1268.0, 5.0, 104.5, -814.4649849660573, 18], "-19": [218, 16.0, 1148.0, 0.5, 279.75, -1959.931281766617, 54], "26": [2261, -736.0, 14436.0, 21.5, 2496.75, 10911.513296503837, 332], "30": [443, -161.0, 4715.0, -78.0, 463.5, 2581.391718199711, 57], "32": [146, 46.0, 4392.0, 3.0, 190.0, 927.0089926593193, 33], "31": [282, -147.0, 1389.0, -21.5, 304.25, 1787.5270447022851, 29], "34": [57, -37.0, 97.0, -1.5, 66.75, 393.76638113055685, 5], "33": [93, -38.0, 280.0, 25.0, 127.0, 602.8538604915326, 13], "35": [35, -11.0, 83.0, -2.0, 41.5, 259.7042092264402, 6], "37": [8, 4.0, 32.0, 4.5, 11.25, 84.46088776884442, 3], "-21": [107, 41.0, 1471.0, 2.5, 116.75, -1034.8310553446363, 30], "-25": [14, -2.0, 38.0, 4.0, 18.0, -151.30183032627002, 3], "-24": [23, 8.0, 162.0, 1.0, 26.5, -242.7691250723121, 7], "36": [21, -2.0, 136.0, -1.0, 21.0, 177.39281054210292, 4], "-26": [13, 15.0, 69.0, 2.0, 18.0, -120.01062346440997, 7], "-27": [3, -3.0, 3.0, 2.5, 3.25, -33.429175613247445, 0], "38": [7, 1.0, 23.0, 2.0, 8.0, 52.69931741064068, 2], "39": [4, -4.0, 4.0, -1.0, 3.0, 43.70549157421459, 0], "-29": [2, -2.0, 2.0, 0.0, 2.0, -35.76454388984509, 0], "-31": [1, -1.0, 1.0, -1.0, 1.0, -18.01980198019802, 0], "-32": [1, 3.0, 9.0, -1.0, 1.0, -19.157894736842106, 1], "-30": [1, -1.0, 1.0, -1.0, 1.0, -18.696629213483146, 0], "40": [9, -5.0, 17.0, -6.0, 6.0, 95.04365720644876, 1]}, "red7_rc": {"-12": [152780, -7758.0, 2053170.0, -1803.0, 174317.5, -115764.59981215875, 29344], "-11": [109595, -5388.0, 1717586.0, -1664.0, 124661.0, -101243.3540239717, 20995], "-13": [97118, 1133.0, 2103035.0, -1273.0, 111342.5, -127211.32542217585, 19229], "-10": [110456, -2178.0, 2957424.0, -1602.0, 125809.5, -81206.97196410118, 21305], "-5": [88393, -8288.0, 1052814.0, -919.0, 100175.0, 31219.333365472958, 16390],