{"kind": "pog_count_curves", "rules": "RIDE_FREE", "penetration": 0.75, "paytable": [3.0, 10.0, 30.0, 60.0, 100.0, 300.0, 1000.0], "arm": "farm", "customs": {"pog2_rc": {"tags": {"1": -1, "2": 0, "3": 1, "4": 1, "5": 0, "6": 1, "7": 1, "8": 0, "9": 0, "10": -1}, "bump": 2, "sign": 1}, "red7_rc": {"tags": {"1": -1, "2": 1, "3": 1, "4": 1, "5": 1, "6": 1, "7": 0, "8": 0, "9": 0, "10": -1}, "bump": 7, "sign": 1}}, "seed": 19300000001, "rounds": 2000000, "pog_total": -110703.0, "main_total": -25317.0, "signals": {"hilo_tc": {"0": [525958, -31372.0, 8561598.0, -6773.0, 598057.0, -2633.446452896268, 99201], "-1": [340431, -8308.0, 6270624.0, -4456.0, 388196.5, -319613.2964402852, 66385], "-2": [184833, 5086.0, 4797524.0, -3439.5, 210858.25, -360620.19726706913, 37091], "1": [318643, -33884.0, 4472768.0, -4086.5, 360323.75, 299681.1600714554, 57661], "2": [174302, -24523.0, 2133867.0, -922.5, 197241.75, 340387.0206167886, 30519], "3": [97338, -16168.0, 1363368.0, 25.5, 109944.75, 287239.55406221247, 16322], "4": [56192, -11336.0, 662934.0, 324.0, 63096.5, 222123.49536132725, 9212], "6": [17942, -4976.0, 157324.0, 21.0, 19858.0, 106916.07547750624, 2744], "-3": [102674, 6617.0, 2689285.0, -2218.0, 117393.5, -302923.28330475296, 21497], "-4": [58790, 7280.0, 1205498.0, -1297.0, 67838.5, -232399.0445194055, 12940], "5": [30789, -8548.0, 236360.0, 63.0, 34300.0, 152523.650856614, 4736], "-5": [32516, 3594.0, 505836.0, -1299.0, 37254.5, -161071.81791058648, 7146], "-6": [18974, 4802.0, 582372.0, -680.5, 22220.25, -113060.35389360065, 4448], "-8": [5603, 1950.0, 112608.0, -143.5, 6723.75, -44513.08458967023, 1460], "-7": [9650, 2429.0, 179679.0, -329.5, 11211.75, -67249.28237755159, 2334], "-9": [2786, 1362.0, 147288.0, -94.5, 3388.75, -24902.939122597432, 754], "-10": [1464, 1372.0, 85990.0, -45.0, 1842.0, -14509.278686777765, 451], "-11": [714, 339.0, 15499.0, 4.0, 883.0, -7805.14885363489, 202], "7": [9114, -3044.0, 64050.0, -18.5, 10054.75, 63431.40690113218, 1292], "9": [2644, -889.0, 18329.0, 76.5, 2947.25, 23680.067388374704, 370], "8": [5363, -1826.0, 48258.0, 87.5, 5890.25, 42599.601926026386, 717], "-12": [564, 452.0, 23644.0, -52.0, 647.0, -7137.988353861454, 174], "10": [1455, -530.0, 9842.0, -37.0, 1577.0, 14467.396069512002, 197], "12": [546, -312.0, 1928.0, -30.5, 602.25, 6921.194694661421, 53], "11": [715, -270.0, 3212.0, 4.0, 786.0, 7829.307675791357, 99]}, "pog2_rc": {"12": [154000, -11899.0, 3154333.0, -1216.0, 174628.0, 107749.79840342667, 28343], "9": [114820, -12930.0, 1352196.0, -1373.0, 129744.5, 54188.19110842569, 20805], "6": [100204, -4046.0, 2699040.0, -1069.0, 114182.5, -10491.50063883765, 19104], "5": [94847, -5217.0, 1377053.0, -838.0, 107960.0, -33272.42965290861, 18088], "2": [73195, 146.0, 1101190.0, -1427.5, 83204.25, -86756.78827414733, 14596], "3": [80430, 126.0, 1420588.0, -904.0, 92766.0, -71230.78915083165, 15812], "1": [65652, -772.0, 1103470.0, -1093.0, 74547.0, -97592.20431190188, 12959], "-1": [51272, 3261.0, 2099999.0, -1257.5, 58450.25, -110348.02462585852, 10490], "4": [87940, -2761.0, 2212145.0, -1041.0, 100673.5, -53800.69981757408, 17020], "7": [105525, -7205.0, 1666475.0, -1512.5, 120013.25, 11410.688498282554, 19774], "10": [116418, -9370.0, 1594058.0, -1503.5, 131806.75, 73495.96622916895, 21572], "8": [110462, -8215.0, 1687347.0, -860.5, 125253.75, 33240.668138563866, 20482], "11": [114288, -11673.0, 1472681.0, -902.5, 130007.25, 92787.72878201176, 20829], "13": [94117, -12231.0, 1260833.0, -606.5, 106483.25, 115744.57021105202, 16638], "0": [58512, 1176.0, 1151892.0, -917.0, 66852.0, -105992.44975595947, 11814], "-3": [37266, 2663.0, 546111.0, -634.0, 43143.0, -106288.53998088364, 7988], "-2": [44200, 1965.0, 777029.0, -1055.0, 50393.0, -110841.17446393619, 9102], "14": [79093, -9475.0, 1097749.0, -1430.5, 89153.25, 116795.50328172046, 14024], "-4": [30987, 2750.0, 574096.0, -648.5, 35361.25, -99839.32574567206, 6664], "-6": [20564, 2939.0, 347053.0, -501.0, 23837.0, -81344.05313020578, 4606], "-5": [25596, 3081.0, 481731.0, -463.0, 29870.0, -91952.09874295363, 5568], "16": [51879, -8237.0, 720955.0, -484.0, 57797.5, 104261.56784859514, 8802], "18": [31833, -5786.0, 325960.0, -191.0, 35646.0, 82237.13098987535, 5376], "19": [24323, -4286.0, 267324.0, -23.5, 27062.25, 69367.86712163649, 4093], "15": [65007, -9282.0, 1049460.0, -830.0, 73224.0, 112897.09165450843, 11237], "17": [41168, -7435.0, 490315.0, -281.5, 46685.75, 94778.61702113303, 6964], "-7": [16369, 2258.0, 280486.0, -430.5, 18980.75, -70746.46289111905, 3673], "-8": [12898, 2393.0, 375397.0, -287.0, 14958.0, -60579.65539482006, 2950], "-9": [9681, 2190.0, 251842.0, -493.5, 11112.25, -49707.44077804334, 2292], "-10": [7111, 2594.0, 246082.0, -96.5, 8351.25, -39059.446076547865, 1771], "-11": [5247, 1225.0, 160207.0, -303.5, 5980.25, -31066.166289194876, 1265], "-12": [3762, 1596.0, 106694.0, -68.5, 4537.25, -23567.004756541788, 960], "-15": [1291, 497.0, 33913.0, -112.0, 1493.0, -9586.379945465565, 318], "20": [18368, -4091.0, 167849.0, -134.0, 20384.0, 57795.60920437518, 2994], "21": [13561, -2840.0, 126186.0, 23.5, 15165.75, 45984.75592073099, 2242], "23": [6693, -1776.0, 48492.0, -101.5, 7470.75, 26362.70379705423, 1047], "25": [3290, -904.0, 22656.0, -45.5, 3687.75, 14607.717898113919, 520], "24": [4932, -1141.0, 46175.0, -141.0, 5534.0, 21110.186078271257, 775], "26": [2174, -555.0, 19621.0, -19.5, 2442.25, 10530.146715948642, 332], "27": [1492, -407.0, 12027.0, 30.5, 1723.75, 7981.53557865691, 226], "29": [649, -241.0, 3149.0, -29.5, 679.25, 3748.1302441440275, 89], "32": [154, -34.0, 394.0, 22.0, 185.0, 1008.5954591956555, 30], "33": [103, -14.0, 512.0, -3.0, 113.5, 729.3127139327398, 20], "31": [228, -97.0, 567.0, 6.5, 253.75, 1402.316035210276, 32], "28": [979, -378.0, 6068.0, -53.5, 1013.25, 5241.7215550094, 126], "22": [9817, -2041.0, 112901.0, -15.0, 11038.5, 36313.63257704479, 1552], "-13": [2697, 994.0, 57812.0, -27.5, 3290.25, -17856.407857046783, 700], "-14": [1891, 985.0, 57113.0, 25.0, 2361.5, -13438.588142461884, 520], "-16": [905, 659.0, 106263.0, -4.0, 1106.5, -7019.574089586109, 259], "30": [381, -44.0, 3874.0, 19.0, 449.5, 2294.828623490319, 67], "-18": [385, 133.0, 8991.0, -21.5, 467.25, -3258.8927423585046, 101], "-17": [596, 412.0, 24626.0, 2.5, 698.25, -4759.3027101618045, 175], "-19": [251, 61.0, 3011.0, -11.0, 282.5, -2156.669447937493, 64], "34": [69, -7.0, 1107.0, 1.5, 78.25, 453.39467347223035, 10], "-20": [153, 226.0, 9924.0, 6.0, 205.0, -1421.0618367774373, 59], "-22": [44, 7.0, 223.0, 9.5, 54.25, -432.6433318040416, 12], "-21": [71, 100.0, 4804.0, 5.0, 91.0, -690.2632493654355, 26], "37": [15, 62.0, 3646.0, 4.0, 40.0, 115.51683331067069, 8], "36": [24, 6.0, 238.0, -6.0, 27.5, 176.6694314375176, 6], "38": [6, -6.0, 6.0, 3.0, 5.0, 47.50801147169975, 0], "35": [36, -12.0, 84.0, -5.0, 36.5, 252.74455755344863, 6], "-23": [27, 143.0, 13641.0, 0.0, 46.0, -306.8579465740028, 11], "-24": [20, 46.0, 1066.0, 3.0, 21.0, -206.10698793221528, 11], "-26": [4, -4.0, 4.0, -2.0, 2.0, -60.447397194499814, 0], "-28": [3, 28.0, 902.0, 0.0, 2.0, -42.71563260340633, 3], "-25": [7, -3.0, 15.0, 1.5, 10.25, -83.10795438596962, 1], "-27": [3, -3.0, 3.0, -3.0, 3.0, -41.238645191962064, 0], "-29": [1, 3.0, 9.0, -1.0, 1.0, -17.333333333333332, 1], "39": [3, -3.0, 3.0, 1.0, 1.0, 23.077010745685445, 0], "40": [11, -7.0, 19.0, -2.0, 8.0, 79.12284922091588, 1]}, "red7_rc": {"-12": [153744, -1483.0, 3834125.0, -2703.5, 174392.25, -116117.29305126856, 29843], "-15": [71693, 2062.0, 1215242.0, -1112.5, 82486.75, -130738.08470413799, 14634], "-13": [97252, -1704.0, 1437624.0, -1358.5, 110578.75, -127565.8648462215, 19222], "-14": [85669, 1633.0, 2423409.0, -1626.0, 97835.5, -132222.10749577946, 17178], "-17": [46787, 2601.0, 801077.0, -446.0, 53859.0, -114351.14439039193, 9787], "-16": [58380, 2145.0, 1245261.0, -1452.0, 66704.0, -123744.52252835098, 11787], "-19": [29295, 764.0, 467862.0, -1121.5, 33287.75, -88539.90250435295, 6046],