{"kind": "pog_eor", "rules": "RIDE_FREE", "penetration": 0.75, "paytable": [3.0, 10.0, 30.0, 60.0, 100.0, 300.0, 1000.0], "arm": "farm", "seed": 18300000001, "rounds": 2000000, "xtx": [[2000000.0, 49.83007053451551, 293.62365560483653, 294.5150275353822, 245.17730039882926, 150.26924980715447, 62.48096009763885, -232.61380222011087, -11.37785205723449, -142.82899529419763, -709.0756144071674], [0.0, 379.3590920952642, -29.797823132668327, -33.607067405846735, -32.04442637372542, -31.08080969832937, -30.85970188588965, -31.89726714861225, -33.578779020774256, -31.248876422578896, -125.24434100651881], [0.0, 0.0, 382.2670059269852, -29.74115162428561, -31.508905525734797, -32.728711415947735, -31.164670409117175, -32.800432765863306, -34.184602993787834, -32.381076133235304, -127.95963192606443], [0.0, 0.0, 0.0, 381.82890636226307, -31.926187225198333, -32.94966327631519, -33.584590085343514, -33.86268638691859, -32.425016639712936, -30.38065548836694, -123.35188822999892], [0.0, 0.0, 0.0, 0.0, 380.28891185189894, -29.613731919672755, -31.85185857781968, -30.813498146941228, -30.60757607520447, -33.33483886317154, -128.58788914414774], [0.0, 0.0, 0.0, 0.0, 0.0, 381.781753277978, -30.80779827644171, -31.705777268497318, -30.38861056320588, -33.48776690532035, -129.0188839539757], [0.0, 0.0, 0.0, 0.0, 0.0, 0.0, 380.1729889017818, -29.720906139162548, -33.164394983332734, -34.283864676928495, -124.73520386748127], [0.0, 0.0, 0.0, 0.0, 0.0, 0.0, 0.0, 380.59670220144045, -32.59464595327442, -29.878230506562797, -127.3232578853307], [0.0, 0.0, 0.0, 0.0, 0.0, 0.0, 0.0, 0.0, 381.86045501530367, -31.458913862712702, -123.45791492298319], [0.0, 0.0, 0.0, 0.0, 0.0, 0.0, 0.0, 0.0, 0.0, 380.1734263206827, -123.71920346149548], [0.0, 0.0, 0.0, 0.0, 0.0, 0.0, 0.0, 0.0, 0.0, 0.0, 1133.3982143991175]], "xty_side": [-111463.0, -920.3393080149787, 615.8169800209038, 818.1380361920208, 887.897311929853, 405.2843171404344, 995.8086636396704, 932.2957278732925, 511.6189825310077, -168.87448105701293, -4077.6462302784225], "xty_main": [-26901.5, 116.83120633718337, -76.52754241289828, -14.712819142160203, -68.30748517965723, -126.54945262795742, -57.178513062202505, -39.65995373624863, 27.817745676545766, 46.36699478460346, 191.9198193629223], "side_sq": 36751111.0, "main_sq": 2271766.25}