{"kind": "pog_count_curves", "rules": "RIDE_FREE", "penetration": 0.75, "paytable": [3.0, 10.0, 30.0, 60.0, 100.0, 300.0, 1000.0], "arm": "farm", "customs": {"pog2_rc": {"tags": {"1": -1, "2": 0, "3": 1, "4": 1, "5": 0, "6": 1, "7": 1, "8": 0, "9": 0, "10": -1}, "bump": 2, "sign": 1}, "red7_rc": {"tags": {"1": -1, "2": 1, "3": 1, "4": 1, "5": 1, "6": 1, "7": 0, "8": 0, "9": 0, "10": -1}, "bump": 7, "sign": 1}}, "seed": 18400000001, "rounds": 2000000, "pog_total": -112401.0, "main_total": -24207.5, "signals": {"hilo_tc": {"0": [527425, -29845.0, 8555971.0, -7834.5, 599334.25, -2820.379678445985, 99326], "1": [322561, -32344.0, 4440454.0, -2768.5, 365566.25, 303627.6078186786, 58307], "2": [174960, -26006.0, 2213160.0, 146.5, 198300.25, 341385.69957543473, 30507], "3": [96779, -17374.0, 1024714.0, 65.5, 108952.25, 285722.5789497392, 16425], "4": [56143, -12624.0, 530704.0, -503.0, 62396.5, 221928.64345102615, 9010], "5": [31291, -7830.0, 281554.0, 69.5, 35140.25, 154986.79799073414, 4879], "8": [5250, -1582.0, 44026.0, 62.5, 5800.75, 41704.55790880815, 763], "9": [2693, -1192.0, 10506.0, 6.0, 2949.5, 24088.307534826632, 342], "7": [9111, -2964.0, 60138.0, 181.0, 10189.5, 63466.89775729624, 1318], "-1": [341035, -6263.0, 6020413.0, -4677.5, 389622.25, -319729.4056054863, 66588], "-2": [182669, 4038.0, 3621522.0, -3538.5, 208729.25, -356445.9537312951, 36849], "-3": [101218, 6708.0, 1898620.0, -1732.0, 116598.0, -298757.8189750534, 21149], "-4": [57505, 5675.0, 919473.0, -1346.0, 66106.0, -227335.85271707928, 12503], "-5": [32124, 5633.0, 1545661.0, -1211.5, 36981.25, -159162.03596533276, 7219], "-6": [18475, 3707.0, 414365.0, -461.5, 21569.25, -110033.3080315434, 4307], "-7": [9323, 2050.0, 182030.0, -303.5, 10845.75, -64918.9688158677, 2199], "-10": [1404, 593.0, 109687.0, -56.5, 1574.75, -13927.70898885145, 354], "-11": [688, 535.0, 34613.0, -49.5, 853.75, -7526.691514905785, 192], "-8": [5442, 1498.0, 125186.0, -220.5, 6360.25, -43232.39483214743, 1326], "6": [17958, -5534.0, 152172.0, 15.0, 19803.5, 107055.61498928464, 2593], "-9": [2755, 1326.0, 73998.0, -132.0, 3282.0, -24636.949826952594, 747], "11": [696, -263.0, 2861.0, -2.0, 771.5, 7612.832823002605, 99], "-12": [522, 312.0, 18976.0, 5.0, 659.5, -6605.856741550587, 153], "10": [1371, -473.0, 17919.0, 29.5, 1543.25, 13593.867034725823, 173], "12": [602, -182.0, 5098.0, 49.0, 715.5, 7620.188697984404, 83]}, "pog2_rc": {"12": [154475, -14938.0, 1941642.0, -1759.0, 175196.5, 107946.53374711586, 28197], "15": [66096, -8758.0, 745146.0, -296.5, 74580.25, 113619.87208037624, 11683], "20": [18233, -3624.0, 266794.0, -379.5, 20385.75, 56835.31507741773, 2941], "25": [3523, -1039.0, 26279.0, 50.5, 3967.25, 15987.896417094482, 527], "21": [13522, -2881.0, 145689.0, -85.5, 14972.75, 45887.019109273664, 2168], "18": [31878, -6200.0, 318154.0, -208.0, 35575.0, 81812.50620271688, 5310], "19": [24182, -3738.0, 525864.0, -242.5, 27250.75, 68611.80802900316, 4036], "17": [41351, -7255.0, 508133.0, -121.0, 46643.5, 94260.11974494392, 6980], "14": [80473, -12487.0, 908473.0, -363.0, 90961.5, 117982.25502245293, 14070], "11": [114779, -9874.0, 1710206.0, -1413.0, 130201.0, 92474.77170376311, 20969], "8": [110289, -8692.0, 1640560.0, -1543.5, 125225.25, 32447.89602323688, 20462], "7": [105677, -7814.0, 1442870.0, -1187.5, 119998.75, 11975.213015220683, 19809], "10": [117771, -9888.0, 1960898.0, -1005.0, 133765.5, 75370.51932087536, 21557], "16": [52672, -8928.0, 514942.0, -248.5, 59547.75, 105692.29969171308, 9035], "13": [95280, -9423.0, 1300749.0, -768.0, 107994.0, 116002.81242446441, 17135], "9": [115743, -7327.0, 2013997.0, -1184.0, 131391.0, 54202.838725407, 21485], "6": [99945, -3819.0, 1914401.0, -1476.0, 113545.5, -11190.626717202984, 18985], "4": [87145, -2437.0, 1595027.0, -982.5, 99454.75, -53615.909617638456, 16786], "3": [80066, -3025.0, 1505761.0, -1003.5, 91116.25, -71693.40474714275, 15415], "0": [57782, 1685.0, 1219787.0, -1044.0, 66059.5, -104735.7579559025, 11658], "-3": [36911, 3200.0, 602064.0, -752.5, 42399.75, -105438.69989346623, 7934], "-4": [30936, 3559.0, 1584343.0, -661.0, 35527.5, -99879.50339677648, 6554], "-6": [20091, 3592.0, 379594.0, -554.5, 23195.25, -79789.34014892622, 4576], "-7": [15698, 1194.0, 232276.0, -532.5, 17861.75, -67919.9835844224, 3437], "-9": [9278, 1983.0, 198099.0, -253.5, 11001.25, -47447.157046773005, 2143], "-8": [12055, 3031.0, 320883.0, -232.5, 14139.25, -56890.16274333454, 2849], "-5": [24901, 2168.0, 360410.0, -738.0, 28749.0, -89609.4777882174, 5439], "-1": [50563, 2939.0, 1024111.0, -668.5, 58235.75, -109105.34820382357, 10504], "1": [65259, 167.0, 1032069.0, -978.0, 74814.0, -97479.66396892493, 13047], "-10": [6886, 1947.0, 147155.0, -299.5, 8004.75, -37685.82688101395, 1676], "-13": [2663, 897.0, 61355.0, -15.5, 3188.75, -17572.3807398412, 661], "22": [9661, -2072.0, 94306.0, -63.0, 10874.0, 35582.9462457458, 1563], "2": [73550, -1599.0, 1224291.0, -949.0, 83661.0, -87343.58888020349, 14359], "5": [94047, -6159.0, 1405059.0, -1270.5, 106778.25, -33571.54240912374, 17750], "-2": [43372, 3257.0, 816635.0, -700.0, 50377.5, -108744.66595974288, 9225], "-12": [3599, 927.0, 71579.0, -135.0, 4256.5, -22394.748511365156, 871], "23": [7111, -1959.0, 65385.0, 114.5, 7918.75, 27899.276223464796, 1090], "-14": [1910, 1007.0, 69395.0, -90.5, 2293.25, -13418.696294210762, 515], "-15": [1282, 543.0, 45227.0, -56.0, 1592.0, -9490.198905449142, 325], "-16": [814, 811.0, 111845.0, -31.5, 951.75, -6298.835007213835, 244], "-18": [363, 41.0, 3307.0, -28.5, 399.75, -3059.3470722928337, 87], "-17": [612, 90.0, 11414.0, -49.0, 666.0, -4890.337928239868, 136], "-11": [5125, 1601.0, 131259.0, -99.0, 6013.5, -29969.331338927583, 1244], "27": [1604, -417.0, 19269.0, 80.5, 1780.75, 8156.0775112092415, 240], "28": [1104, -81.0, 13785.0, 43.5, 1313.75, 5956.993642000183, 202], "26": [2392, -632.0, 11272.0, 95.5, 2759.25, 11625.96201497068, 398], "24": [4865, -1347.0, 42017.0, -87.5, 5370.75, 20830.815821779128, 744], "29": [672, -366.0, 1438.0, -34.0, 712.0, 3883.881027272646, 75], "30": [478, -179.0, 2981.0, 6.5, 512.25, 2855.2462269170614, 63], "-19": [241, 52.0, 2886.0, -14.0, 278.5, -2119.8405753316492, 60], "-20": [152, -10.0, 590.0, -23.5, 176.75, -1341.6821209317416, 34], "-21": [64, 20.0, 3786.0, -3.5, 72.75, -575.6643030569178, 9], "31": [296, -88.0, 1020.0, 28.5, 334.75, 1833.1305992791968, 49], "33": [116, -73.0, 279.0, -2.0, 108.0, 739.8552621435545, 10], "35": [33, 10.0, 956.0, -0.5, 35.75, 234.62238942464472, 6], "32": [174, -54.0, 722.0, -7.0, 182.5, 1009.6692603665408, 27], "34": [57, 2.0, 252.0, 7.5, 73.75, 362.484292941136, 14], "-22": [68, 18.0, 394.0, 3.0, 84.0, -656.5508675455422, 20], "-23": [40, 19.0, 995.0, 6.0, 49.5, -418.72517918487506, 10], "-24": [16, 49.0, 3623.0, -5.0, 15.0, -180.08047141070267, 5], "36": [17, -13.0, 25.0, -3.5, 13.25, 131.64740808296293, 1], "-27": [4, 4.0, 20.0, -2.0, 2.0, -41.029369303363524, 2], "-25": [6, -6.0, 6.0, 3.0, 5.0, -68.8487600935835, 0], "-26": [5, -5.0, 5.0, 2.0, 4.0, -57.354090309059885, 0], "37": [11, 1.0, 35.0, 5.0, 13.0, 77.23095634023358, 3], "40": [8, -4.0, 16.0, -2.5, 6.25, 65.27811640423072, 1], "39": [1, -1.0, 1.0, -1.0, 1.0, 6.702222222222223, 0], "38": [4, 0.0, 12.0, 1.0, 7.0, 28.55733667089678, 1], "-28": [2, -2.0, 2.0, -1.0, 1.0, -26.558022261853516, 0], "-29": [1, -1.0, 1.0, 1.0, 1.0, -8.914285714285713, 0]}, "red7_rc": {"-12": [152566, -4154.0, 2711324.0, -2594.5, 173725.75, -115593.99102949558, 29486], "-8": [104470, -3155.0, 1932997.0, -1359.5, 119221.25, -37702.458079453536, 20072], "-2": [70013, -7908.0, 1095414.0, -998.0, 78835.5, 86407.95385851373, 12421], "0": [55870, -7405.0, 787665.0, -350.5, 63220.25, 106448.45764761552, 9807], "6": [21212, -3986.0, 329368.0, 18.5, 23622.75, 88501.57886331789, 3445], "7": [16894, -4251.0, 148477.0, 118.5, 18913.25, 77318.01583369878, 2619], "4": [31125, -7730.0, 263136.0, -336.5, 34756.75, 105660.9476595398, 4941],