{"kind": "pog_count_curves", "rules": "RIDE_FREE", "penetration": 0.75, "paytable": [3.0, 10.0, 30.0, 60.0, 100.0, 300.0, 1000.0], "arm": "farm", "customs": {"pog2_rc": {"tags": {"1": -1, "2": 0, "3": 1, "4": 1, "5": 0, "6": 1, "7": 1, "8": 0, "9": 0, "10": -1}, "bump": 2, "sign": 1}, "red7_rc": {"tags": {"1": -1, "2": 1, "3": 1, "4": 1, "5": 1, "6": 1, "7": 0, "8": 0, "9": 0, "10": -1}, "bump": 7, "sign": 1}}, "seed": 19000000001, "rounds": 2000000, "pog_total": -94920.0, "main_total": -23945.5, "signals": {"hilo_tc": {"0": [524042, -25971.0, 10566615.0, -5935.5, 596064.25, -2328.010192742542, 98669], "-1": [339051, -4399.0, 5362023.0, -4446.0, 387459.0, -318500.271128971, 66527], "-2": [183803, 3932.0, 3338992.0, -2977.5, 210694.25, -358719.03699929424, 37016], "-3": [102166, 2844.0, 1579244.0, -2082.5, 116422.75, -301573.0535504149, 21039], "-4": [59140, 9022.0, 2644102.0, -1274.0, 68293.5, -233829.702520153, 12891], "1": [321316, -26277.0, 5035467.0, -3426.5, 364251.75, 302148.69901989866, 58866], "2": [174997, -21906.0, 2346328.0, -541.5, 197882.25, 341488.0097994926, 30904], "-5": [32774, 7408.0, 1825298.0, -967.0, 37993.0, -162271.17119767598, 7458], "3": [97891, -17197.0, 1090237.0, -830.0, 110180.0, 288717.405465324, 16494], "4": [56216, -10962.0, 666878.0, -61.0, 62895.0, 222307.04173381507, 9235], "-7": [9604, 2848.0, 270542.0, -559.0, 11110.5, -66834.68161529623, 2381], "-8": [5508, 1269.0, 101863.0, -138.5, 6450.75, -43788.26341960863, 1333], "6": [18177, -5303.0, 154141.0, 77.5, 20132.75, 108317.05774029232, 2669], "-6": [19036, 2680.0, 313692.0, -668.5, 22131.25, -113438.04101885844, 4302], "-9": [2771, 774.0, 52790.0, -77.5, 3258.25, -24781.33374135061, 695], "5": [31078, -7932.0, 328468.0, 66.5, 34721.25, 153757.37367900752, 4833], "7": [9089, -2916.0, 58246.0, 95.5, 10134.25, 63251.88190296469, 1315], "8": [5250, -1775.0, 37397.0, 10.0, 5836.0, 41753.22367580048, 723], "-10": [1480, 377.0, 22145.0, -48.0, 1767.0, -14686.999987853107, 375], "-11": [720, 578.0, 108782.0, -62.5, 869.75, -7858.191220400291, 187], "-12": [574, 370.0, 27242.0, -54.5, 672.25, -7225.329096711889, 162], "9": [2636, -1118.0, 11782.0, -76.5, 2823.75, 23557.58309689065, 337], "12": [619, -321.0, 2437.0, 29.0, 689.5, 7848.897778873241, 66], "11": [729, -338.0, 2656.0, 5.5, 791.75, 7967.874199299853, 90], "10": [1333, -607.0, 4623.0, -3.0, 1441.5, 13244.463930688387, 167]}, "pog2_rc": {"12": [153669, -14031.0, 2234005.0, -2008.5, 173818.25, 105939.77309739756, 27967], "9": [114433, -9225.0, 1563155.0, -1383.5, 129954.25, 55074.40806541449, 21160], "10": [116896, -9964.0, 1700424.0, -1452.0, 132659.5, 75449.43764989165, 21443], "11": [114600, -7536.0, 2142772.0, -1008.5, 129992.75, 93753.35340583419, 21085], "6": [100261, -6526.0, 1347914.0, -1750.0, 113944.5, -11850.775665249888, 18838], "8": [110276, -6450.0, 1582762.0, -741.0, 125252.0, 32562.95133161839, 20729], "13": [94028, -12726.0, 1161960.0, -995.5, 105747.25, 115140.37350665744, 16676], "4": [87486, -1858.0, 1562602.0, -1109.5, 99877.75, -53470.39452726346, 16852], "7": [105853, -8125.0, 1491987.0, -1606.0, 120131.0, 10708.917835558996, 19673], "5": [94546, -4026.0, 1609254.0, -1318.0, 107846.0, -33620.70758527541, 18042], "1": [65769, 837.0, 2069429.0, -1262.0, 74858.5, -98316.4050083279, 12997], "0": [57860, 2559.0, 1097661.0, -307.0, 66929.0, -105351.36756265572, 11885], "3": [80465, -87.0, 1350339.0, -776.5, 92211.25, -71742.45505424734, 15997], "14": [79912, -6892.0, 1428628.0, -1013.5, 90346.25, 117685.2115221654, 14325], "16": [52366, -5874.0, 1757322.0, -76.0, 58719.5, 105691.08308805336, 9144], "17": [41342, -5860.0, 569492.0, -224.5, 46840.75, 95108.77255579382, 7133], "15": [65095, -9076.0, 813114.0, -749.0, 73019.5, 113259.32079898438, 11351], "-1": [50067, 580.0, 738224.0, -383.0, 57255.5, -108206.02950390065, 10243], "-2": [43572, 2663.0, 790299.0, -272.5, 50339.25, -108663.88409995605, 9141], "2": [73145, 498.0, 2258890.0, -1093.5, 83714.75, -86694.13500652128, 14407], "-3": [36858, 4449.0, 877191.0, -685.0, 42521.0, -105326.50901189407, 7932], "-5": [25024, 3755.0, 683131.0, -491.0, 29108.5, -89616.73861539303, 5537], "19": [24321, -4347.0, 305559.0, -27.5, 27349.75, 69020.61808763388, 4119], "20": [18558, -3049.0, 201089.0, 161.0, 21105.5, 57701.28820891219, 3157], "18": [31855, -4632.0, 454448.0, -153.0, 36212.0, 81988.5557346014, 5462], "-7": [16250, 3144.0, 679670.0, -613.5, 18499.25, -70394.63287720128, 3622], "-4": [31136, 4616.0, 1549736.0, -600.5, 35976.25, -100017.4684302037, 6770], "-6": [20251, 3578.0, 647514.0, -556.5, 23374.25, -80604.2117021229, 4480], "-9": [9944, 1263.0, 148321.0, -293.5, 11458.25, -50619.476404511566, 2259], "-10": [7352, 1813.0, 128193.0, -69.5, 8696.25, -40439.597380091065, 1819], "-8": [12769, 1461.0, 204459.0, -481.0, 14676.5, -60211.4391460016, 2827], "21": [13628, -2719.0, 140125.0, 0.5, 15374.25, 46193.48938868542, 2230], "27": [1582, -389.0, 15435.0, 23.0, 1752.5, 8246.896497063488, 242], "25": [3427, -1160.0, 20752.0, 34.0, 3809.0, 15327.646494304503, 492], "26": [2386, -684.0, 14036.0, -44.5, 2705.25, 11460.797101424918, 369], "28": [1049, -226.0, 7804.0, 49.0, 1167.0, 5680.839941472282, 173], "24": [5119, -1151.0, 47111.0, 65.0, 5620.5, 21771.19406841001, 812], "22": [9978, -2296.0, 92656.0, -12.0, 11171.5, 37021.35752885981, 1579], "23": [7209, -1423.0, 69177.0, -15.0, 8092.5, 28582.70165964906, 1181], "-11": [5389, 1315.0, 107061.0, -109.0, 6382.0, -31730.60469044601, 1291], "-12": [3960, 567.0, 69073.0, -230.0, 4418.0, -24950.800057127304, 907], "-13": [2872, 911.0, 62313.0, -66.0, 3389.0, -18979.31726943559, 716], "-17": [599, 225.0, 14387.0, -23.5, 723.25, -4897.821186164053, 150], "-18": [369, 313.0, 11993.0, -30.5, 465.25, -3137.5504199062716, 117], "-15": [1326, 330.0, 22570.0, -90.0, 1523.5, -9828.236628002136, 322], "-14": [1990, 371.0, 38611.0, -162.5, 2320.25, -13920.386521584003, 460], "29": [672, -240.0, 3672.0, 66.0, 753.0, 3867.114529559327, 94], "30": [408, -146.0, 1086.0, -6.5, 445.75, 2402.452426733813, 64], "-16": [877, 272.0, 26632.0, -37.5, 1033.25, -6866.010244633453, 203], "31": [240, -84.0, 1620.0, -1.5, 256.75, 1512.6997646854875, 32], "32": [144, -46.0, 1254.0, 8.5, 159.25, 1010.6624332223439, 19], "34": [44, -12.0, 108.0, -11.0, 40.5, 310.3282382768697, 8], "33": [89, 11.0, 1357.0, -11.0, 98.5, 598.0483600070891, 18], "-20": [158, 214.0, 20650.0, -4.5, 217.75, -1444.0556594704406, 51], "-22": [69, 6.0, 296.0, 9.5, 79.75, -660.5890114159916, 18], "-21": [89, 43.0, 3907.0, -16.0, 97.5, -794.1742399409956, 21], "-19": [236, 183.0, 8361.0, 2.0, 268.0, -2142.0054277695476, 70], "-23": [34, 2.0, 106.0, 8.0, 49.5, -347.13916662189104, 9], "35": [34, -26.0, 50.0, 1.5, 37.75, 247.69233941823234, 2], "36": [20, 3.0, 143.0, -1.0, 22.5, 147.44702539745586, 5], "-24": [12, 0.0, 36.0, 1.5, 18.25, -113.40135177359521, 3], "-26": [3, 5.0, 19.0, 3.0, 9.0, -24.28232594045359, 2], "37": [9, -5.0, 17.0, 2.5, 7.25, 66.80250328745169, 1], "39": [4, -4.0, 4.0, -2.0, 4.0, 37.59042386564989, 0], "40": [3, 1.0, 11.0, 0.0, 6.0, 22.448069476814034, 1], "-28": [2, -2.0, 2.0, -2.0, 2.0, -17.15824915824916, 0], "-25": [7, -7.0, 7.0, -2.0, 6.0, -71.32336037768664, 0], "38": [3, -3.0, 3.0, -0.5, 4.25, 20.124930137921265, 0], "-27": [1, -1.0, 1.0, -1.0, 1.0, -15.888888888888888, 0]}, "red7_rc": {"-12": [152405, -3112.0, 2689684.0, -2081.0, 173322.5, -115240.53937968252, 29446], "-14": [85495, 1552.0, 1640678.0, -1454.5, 97625.75, -132840.48525266707, 17000], "-13": [96502, 1695.0, 2708391.0, -1620.0, 110394.0, -127270.50245004326, 19213], "-18": [37445, 1163.0, 552881.0, -632.0, 42983.0, -102305.80836863781, 7652], "-17": [46432, 1036.0, 817308.0, -656.5, 53398.25, -112596.3636915444, 9442], "-15": [71287, 2423.0, 1118889.0, -1442.0, 81537.5, -130506.35409336459, 14523], "-20": [22145, 1793.0, 425593.0, -707.5, 25337.75, -73697.04274611518, 4719], "-16": [58061, 4041.0, 1315837.0, -881.0, 66812.0, -123299.80586393423, 12143],