{"kind": "pog_eor", "rules": "RIDE_FREE", "penetration": 0.75, "paytable": [3.0, 10.0, 30.0, 60.0, 100.0, 300.0, 1000.0], "arm": "farm", "seed": 18000000001, "rounds": 2000000, "xtx": [[2000000.0, -67.3421386540598, 439.5007615466044, 202.93476973013463, 143.03842235047384, 117.3318850337816, 127.35689373538612, 32.385610419927374, -34.780392593548854, -74.8564701362552, -885.569341433443], [0.0, 380.6036852491605, -32.602215789166, -32.976268991950874, -31.194468213718505, -33.05406398663184, -31.655963422133087, -31.280805567716033, -33.0212587966345, -31.34783848619789, -123.47080199468961], [0.0, 0.0, 380.24881369440754, -32.762714249669195, -31.092529965890666, -31.515340361314617, -30.261440225124186, -30.484510021702814, -34.48000043026309, -30.988252748921322, -126.06180990212032], [0.0, 0.0, 0.0, 380.43270811246794, -31.366868955404488, -29.9086707210303, -31.055430226252316, -31.162991753939085, -28.753120489844136, -31.315908567292535, -131.13073415680162], [0.0, 0.0, 0.0, 0.0, 380.9163312265873, -32.815866038722255, -31.503347333573707, -33.4824155498303, -31.60450644511567, -30.648045453383727, -127.20828327071382], [0.0, 0.0, 0.0, 0.0, 0.0, 381.75467129819697, -31.770033103751633, -31.69843326959125, -31.349031104158815, -34.025332975434004, -125.61789973730804], [0.0, 0.0, 0.0, 0.0, 0.0, 0.0, 378.61677283740664, -32.03893300333584, -30.833933046375, -33.8465342385758, -125.65115823800751], [0.0, 0.0, 0.0, 0.0, 0.0, 0.0, 0.0, 380.8680693916464, -30.639727040940482, -32.30114005197886, -127.77911313231638], [0.0, 0.0, 0.0, 0.0, 0.0, 0.0, 0.0, 0.0, 380.91778188884314, -33.98259024333727, -126.25361429189645], [0.0, 0.0, 0.0, 0.0, 0.0, 0.0, 0.0, 0.0, 0.0, 384.27950386529267, -125.82386109986595], [0.0, 0.0, 0.0, 0.0, 0.0, 0.0, 0.0, 0.0, 0.0, 0.0, 1138.997275824936]], "xty_side": [-115007.0, -1172.122553009519, 742.7157617741789, 825.9194614999109, 920.6971831235627, 483.8940233688746, 899.3025786380897, 890.2845451836912, 445.5756758693882, -125.2747340197416, -3910.9919424500486], "xty_main": [-23801.0, 118.6491840136597, -83.60019748140829, -45.26426985789426, -76.82325775120128, -80.40984416104648, -103.03795006162913, -33.53897016974253, 14.68395847323281, 8.387570154349769, 280.9537768418934], "side_sq": 31858767.0, "main_sq": 2274875.5}