{"kind": "pog_count_curves", "rules": "RIDE_FREE", "penetration": 0.75, "paytable": [3.0, 10.0, 30.0, 60.0, 100.0, 300.0, 1000.0], "arm": "farm", "customs": {"pog2_rc": {"tags": {"1": -1, "2": 0, "3": 1, "4": 1, "5": 0, "6": 1, "7": 1, "8": 0, "9": 0, "10": -1}, "bump": 2, "sign": 1}, "red7_rc": {"tags": {"1": -1, "2": 1, "3": 1, "4": 1, "5": 1, "6": 1, "7": 0, "8": 0, "9": 0, "10": -1}, "bump": 7, "sign": 1}}, "seed": 18600000001, "rounds": 2000000, "pog_total": -107417.0, "main_total": -23525.5, "signals": {"hilo_tc": {"0": [526839, -30769.0, 10751201.0, -5604.0, 598675.5, -2559.262919863362, 98836], "-1": [342254, -9084.0, 6582574.0, -4352.5, 391679.25, -321013.1744213136, 66425], "1": [321380, -29222.0, 5007796.0, -2180.5, 364728.75, 302387.82751390745, 58463], "2": [173318, -23068.0, 2172224.0, -1667.5, 194881.25, 338078.1995150409, 30521], "3": [96530, -16621.0, 1183479.0, -557.0, 109300.5, 284873.8748163964, 16355], "4": [56320, -11099.0, 667031.0, -360.5, 63158.75, 222636.34779746793, 9180], "5": [30958, -7761.0, 494781.0, 208.5, 34630.75, 153341.1063938152, 4647], "6": [18082, -4957.0, 157137.0, 438.0, 20135.0, 107712.58472085398, 2745], "7": [9011, -2636.0, 86426.0, 23.0, 9923.0, 62692.50208738297, 1318], "9": [2551, -905.0, 18691.0, 14.0, 2787.5, 22838.392785679145, 343], "-2": [182970, 4440.0, 3278822.0, -3800.5, 209188.75, -357141.35233714734, 37107], "-3": [102183, 6238.0, 2676144.0, -2017.5, 117279.75, -301570.19944600697, 21450], "-4": [58488, 5749.0, 1090703.0, -1052.0, 67634.0, -231150.1442690708, 12633], "-5": [32245, 4781.0, 630231.0, -1332.5, 37100.25, -159556.2826288239, 7218], "-6": [18868, 5419.0, 1536603.0, -444.5, 22178.25, -112427.27038519859, 4392], "-7": [9507, 1571.0, 160823.0, -453.5, 10908.25, -66156.09207719401, 2196], "-8": [5478, 1442.0, 115000.0, -299.5, 6466.25, -43556.738344883124, 1345], "-9": [2647, 1184.0, 70134.0, -105.5, 3180.25, -23710.637773127724, 697], "-10": [1398, 424.0, 21156.0, -97.5, 1628.25, -13891.362767269811, 371], "8": [5130, -1961.0, 20879.0, 165.0, 5718.0, 40775.86296816729, 721], "-12": [583, 264.0, 17186.0, 9.0, 738.5, -7418.864136614191, 157], "-11": [705, 301.0, 19811.0, -70.0, 786.0, -7703.932912886494, 193], "10": [1335, -611.0, 5987.0, 28.0, 1438.0, 13243.369947650426, 160], "11": [657, -233.0, 5675.0, -24.0, 710.0, 7170.259839681772, 88], "12": [563, -303.0, 2151.0, 8.0, 610.5, 7134.474501300517, 58]}, "pog2_rc": {"12": [153396, -14130.0, 2217260.0, -1780.0, 174130.5, 105979.70192237361, 28042], "13": [93166, -10067.0, 1342701.0, -393.5, 105958.25, 113478.91062747246, 16704], "10": [116922, -9003.0, 2861457.0, -1231.5, 132492.25, 73922.92020243892, 21360], "8": [111168, -7674.0, 2862634.0, -1183.0, 126095.5, 33360.80198297754, 20559], "6": [100071, -6736.0, 1532042.0, -1700.5, 113670.25, -10439.267710107055, 18729], "3": [81509, -697.0, 1417001.0, -217.5, 93580.75, -70959.31015998765, 16052], "4": [88369, -5356.0, 1052740.0, -1271.0, 100805.5, -52667.0445094814, 16873], "2": [74038, 52.0, 1209460.0, -937.0, 84935.5, -86719.51196241597, 14700], "1": [66584, 538.0, 1010738.0, -1221.0, 76324.0, -98885.89642365166, 13346], "5": [94546, -4590.0, 1427708.0, -1277.5, 107558.25, -32646.59790361939, 18109], "7": [105506, -6395.0, 2815421.0, -771.5, 119580.25, 11200.102148156271, 19521], "11": [113608, -9448.0, 2526598.0, -1579.0, 128505.5, 90636.83545985539, 20702], "9": [114840, -9359.0, 1814215.0, -1444.0, 130034.5, 53448.66657285792, 21020], "14": [78922, -11022.0, 985944.0, -538.0, 89158.0, 115170.01346008969, 13924], "15": [65068, -9043.0, 724433.0, -328.0, 73637.0, 111850.8370251752, 11427], "16": [52077, -5732.0, 839574.0, -87.0, 58956.5, 103471.83709933543, 9138], "0": [58622, 2301.0, 1086841.0, -1287.5, 67041.25, -105789.20290084276, 12037], "-1": [51047, 1763.0, 910143.0, -765.0, 59003.0, -109214.04814732572, 10451], "-2": [44103, 2201.0, 943523.0, -1189.5, 50559.25, -110375.9797859844, 9108], "-5": [25069, 2662.0, 436226.0, -588.0, 28775.5, -89550.5877435995, 5412], "-3": [37002, 3645.0, 732003.0, -474.5, 42826.25, -104865.46646224738, 8026], "-4": [30627, 3135.0, 577977.0, -637.0, 35044.0, -98135.14405624314, 6643], "-7": [15965, 4954.0, 2274432.0, -398.0, 18625.0, -69046.88506254673, 3704], "-9": [9607, 2513.0, 353057.0, -373.5, 11190.25, -48538.94441210965, 2256], "-6": [20146, 2410.0, 483098.0, -564.0, 23028.5, -79851.0234160941, 4387], "-8": [12319, 1920.0, 186542.0, -294.5, 14523.75, -58090.0270301612, 2838], "-11": [5306, 885.0, 89809.0, -184.0, 6126.0, -30843.67245415146, 1230], "-10": [7236, 948.0, 124146.0, -318.5, 8344.75, -39512.3302315863, 1638], "-12": [3882, 639.0, 55633.0, -57.5, 4529.75, -24073.384788197352, 909], "-14": [1919, 357.0, 30955.0, -108.5, 2285.75, -13511.06602056367, 437], "-13": [2678, 1051.0, 80263.0, -22.5, 3219.75, -17687.11496847375, 688], "-15": [1339, 430.0, 21972.0, -78.5, 1564.25, -9877.169722960714, 355], "-16": [881, 523.0, 36673.0, 18.0, 1075.5, -7028.913090070489, 235], "17": [41107, -6794.0, 410000.0, -183.5, 45982.75, 94363.95154920382, 7077], "19": [24508, -4777.0, 248681.0, 121.5, 27721.25, 70305.15324774024, 4074], "18": [32090, -5863.0, 317585.0, -61.5, 36271.75, 82213.88881785292, 5421], "20": [18444, -4087.0, 159969.0, 32.0, 20494.0, 58185.719928575, 2965], "21": [13345, -2421.0, 176415.0, 17.0, 14921.0, 46034.64400217931, 2188], "23": [7114, -1554.0, 63012.0, -82.5, 8039.75, 28266.37884633096, 1152], "22": [9662, -1907.0, 174091.0, 10.5, 10791.75, 35888.02091201794, 1584], "24": [4875, -1544.0, 30182.0, -63.5, 5329.25, 20583.755082853557, 727], "25": [3321, -618.0, 44676.0, 112.0, 3825.0, 14761.245341596596, 545], "26": [2326, -871.0, 10817.0, -52.0, 2534.0, 10924.84179676855, 323], "-18": [383, 323.0, 17233.0, 9.0, 485.0, -3286.6402792581166, 120], "27": [1496, -350.0, 16390.0, -43.5, 1621.25, 7643.910636270682, 226], "31": [234, 22.0, 12448.0, 4.5, 261.25, 1513.3279554547537, 32], "28": [968, -303.0, 5425.0, 10.0, 1085.0, 5176.166190458088, 146], "-17": [584, 146.0, 12654.0, -49.5, 702.75, -4949.824201371897, 138], "30": [395, -218.0, 980.0, 21.5, 417.75, 2358.83636202378, 42], "34": [67, -9.0, 337.0, 7.0, 80.0, 467.2739950939417, 13], "37": [11, -7.0, 19.0, -2.0, 10.0, 99.65421480971794, 1], "39": [7, 1.0, 23.0, 1.0, 5.0, 67.67956685174293, 2], "38": [9, -5.0, 17.0, 1.0, 11.0, 95.39430519168054, 1], "36": [20, 3.0, 143.0, 0.5, 25.25, 174.05208959331955, 5], "35": [28, -9.0, 143.0, 4.5, 29.25, 239.9625651546119, 4], "33": [91, -14.0, 476.0, 6.0, 113.5, 656.5969906682359, 17], "29": [626, -222.0, 2810.0, -3.0, 708.0, 3512.335404934669, 91], "32": [165, -83.0, 483.0, -3.5, 163.25, 1115.7882768382656, 19], "-19": [228, -16.0, 960.0, -39.5, 242.75, -2079.3899896625467, 50], "-20": [154, 30.0, 1590.0, 2.5, 186.75, -1471.8582195512054, 39], "-21": [88, 56.0, 1444.0, -10.5, 92.25, -861.046204244467, 29], "-22": [51, -3.0, 147.0, -5.5, 57.25, -511.7479738481142, 12], "-25": [6, 6.0, 30.0, -1.0, 7.0, -69.18410661791235, 3], "40": [3, -3.0, 3.0, -1.0, 3.0, 31.345692233248453, 0], "-23": [37, 2.0, 192.0, -4.0, 38.0, -405.10237268622393, 9], "-24": [12, -4.0, 28.0, 2.0, 17.5, -131.19499713212045, 2], "-27": [3, 1.0, 11.0, 1.0, 1.0, -41.547125983389215, 1], "-26": [4, 0.0, 12.0, 0.0, 6.0, -54.937370731884315, 1]}, "red7_rc": {"-12": [152947, -3859.0, 2495175.0, -2182.0, 174372.5, -115515.58101764692, 29448], "-10": [109831, -1081.0, 1915529.0, -1022.5, 125647.75, -81017.31537498799, 21458], "-13": [96696, 556.0, 2601188.0, -1269.5, 110778.75, -126902.11917095204, 19157], "-15": [71957, 321.0, 1347177.0, -1322.0, 82323.5, -130533.83368363164, 14430], "-16": [58928, 2585.0, 1316317.0, -1317.0, 67539.0, -123754.38161421503, 11978], "-18": [36939, 3687.0, 2509897.0, -1138.5, 42685.25, -99858.60760034561, 7816], "-14": [86055, 1719.0, 1439381.0, -1292.5, 98938.75, -133620.2940774746, 17381], "-17": [46878, 1575.0, 1050677.0, -993.0, 53661.0, -113544.50943104962, 9618],