{"kind": "pog_eor", "rules": "RIDE_FREE", "penetration": 0.75, "paytable": [3.0, 10.0, 30.0, 60.0, 100.0, 300.0, 1000.0], "arm": "farm", "seed": 18200000001, "rounds": 2000000, "xtx": [[2000000.0, 60.659532396820715, 339.0563923249817, 366.55996347493283, 111.64320753933613, 105.75415387638195, 46.59529464934053, -57.56660851550892, -88.35297499439852, -80.73615628264336, -803.6128044703122], [0.0, 382.0390354267177, -32.21230446637435, -32.32230501461228, -29.99466180256591, -32.57080930054573, -32.471619166037634, -29.546302261134574, -33.11496768864807, -31.57193598492094, -128.23412974152902], [0.0, 0.0, 378.6485104613093, -31.864387767821558, -33.035214836555916, -29.107057151399783, -31.448027233197493, -30.893311464992188, -32.139591770926266, -32.000376232738695, -125.94823953706232], [0.0, 0.0, 0.0, 381.79246951017655, -31.94907368152179, -28.706922462557287, -32.14264331464839, -32.379431274276634, -32.42523438871669, -32.03073673673931, -127.9717348690384], [0.0, 0.0, 0.0, 0.0, 383.25315581227386, -32.960997336663134, -31.029224092514717, -32.789234628809226, -30.460202568609656, -30.140569709685078, -130.89397715509836], [0.0, 0.0, 0.0, 0.0, 0.0, 381.9378274597487, -33.66015729576416, -32.35613017395228, -32.32652260569506, -32.99138379279276, -127.25784734012751], [0.0, 0.0, 0.0, 0.0, 0.0, 0.0, 379.6575339049135, -31.062124478760193, -30.654021461524152, -31.283874257087742, -125.90584260513481], [0.0, 0.0, 0.0, 0.0, 0.0, 0.0, 0.0, 381.0038904826387, -31.983735863380772, -31.94372249451779, -128.04989784252828], [0.0, 0.0, 0.0, 0.0, 0.0, 0.0, 0.0, 0.0, 377.2166560790455, -30.600166675494382, -123.51221305578633], [0.0, 0.0, 0.0, 0.0, 0.0, 0.0, 0.0, 0.0, 0.0, 379.8097438745072, -127.24697799022329], [0.0, 0.0, 0.0, 0.0, 0.0, 0.0, 0.0, 0.0, 0.0, 0.0, 1145.0208601377346]], "xty_side": [-111632.0, -993.2895072719768, 786.5929721775897, 880.3044872658033, 803.2309333286224, 454.6862900411639, 991.9196246353746, 839.5420698440892, 404.57090828726047, -170.71149214733484, -3996.8462861861576], "xty_main": [-25461.5, 148.42270034242205, -108.02215690827337, -29.201761990300845, -100.10043281474046, -108.1253512076471, -88.49316944529268, -24.36590523597747, 21.34468166999621, 40.608550993687835, 247.9328445964114], "side_sq": 34914862.0, "main_sq": 2274257.75}