{"kind": "pog_count_curves", "rules": "RIDE_FREE", "penetration": 0.75, "paytable": [3.0, 10.0, 30.0, 60.0, 100.0, 300.0, 1000.0], "arm": "farm", "customs": {"pog2_rc": {"tags": {"1": -1, "2": 0, "3": 1, "4": 1, "5": 0, "6": 1, "7": 1, "8": 0, "9": 0, "10": -1}, "bump": 2, "sign": 1}, "red7_rc": {"tags": {"1": -1, "2": 1, "3": 1, "4": 1, "5": 1, "6": 1, "7": 0, "8": 0, "9": 0, "10": -1}, "bump": 7, "sign": 1}}, "seed": 18700000001, "rounds": 2000000, "pog_total": -120423.0, "main_total": -26374.5, "signals": {"hilo_tc": {"0": [525629, -37960.0, 8699804.0, -6043.0, 597183.0, -2790.1522210256608, 98191], "1": [321291, -32646.0, 5545008.0, -3640.0, 362754.5, 302194.08333203784, 58261], "2": [174199, -24576.0, 2149352.0, -1340.5, 196361.75, 339676.7468448767, 30487], "-1": [341574, -5431.0, 7965559.0, -5530.0, 389490.0, -320610.29487538, 66476], "-2": [184033, 2445.0, 3170221.0, -2904.5, 210170.75, -359158.48207805946, 37045], "-3": [102283, 3917.0, 1427443.0, -2173.5, 117450.75, -301889.4263772506, 21340], "-5": [32433, 4467.0, 579385.0, -1150.5, 37535.25, -160573.03350891967, 7221], "-6": [18781, 3849.0, 360251.0, -736.0, 21680.5, -111941.42980118003, 4410], "-4": [58568, 7194.0, 1372224.0, -1618.0, 67361.0, -231572.30703368876, 12596], "-7": [9573, 2505.0, 225927.0, -462.0, 11200.0, -66608.2989045947, 2273], "-8": [5499, 2323.0, 141197.0, -137.5, 6745.75, -43687.62544865316, 1452], "-9": [2829, 1029.0, 61943.0, -144.5, 3270.75, -25322.49363177143, 745], "3": [96917, -17040.0, 2236602.0, -820.0, 109079.0, 285735.85063683515, 16319], "4": [55436, -11651.0, 591003.0, 256.0, 62569.0, 219076.2469628647, 8935], "5": [30558, -7408.0, 294216.0, -117.0, 34139.0, 151290.16822722688, 4771], "8": [5238, -2133.0, 26077.0, 129.5, 5777.75, 41626.92688509618, 687], "7": [9271, -3262.0, 54836.0, 98.5, 10258.75, 64568.10104186749, 1317], "6": [17852, -5050.0, 137560.0, 32.0, 19761.0, 106468.27592851475, 2678], "9": [2647, -1039.0, 16893.0, -14.0, 2895.5, 23678.1553453174, 341], "10": [1301, -451.0, 7427.0, 43.0, 1421.5, 12904.590279864811, 183], "11": [663, -208.0, 5306.0, 42.5, 795.25, 7243.370498090337, 91], "-10": [1424, 469.0, 23681.0, -55.0, 1711.0, -14142.67279647249, 376], "-12": [599, 446.0, 21996.0, -28.5, 726.75, -7558.144684836315, 188], "12": [588, -316.0, 2960.0, -1.5, 659.25, 7508.543017012388, 57], "-11": [814, 104.0, 8144.0, -60.0, 901.5, -8903.816344416162, 193]}, "pog2_rc": {"12": [153091, -15071.0, 2389237.0, -2183.0, 173075.0, 105940.79355050159, 27818], "13": [93437, -11434.0, 1155044.0, -770.5, 105488.75, 113702.94344368041, 16757], "16": [52132, -6728.0, 696348.0, -755.5, 58533.25, 104126.42346749025, 9168], "15": [64961, -9934.0, 741604.0, -676.5, 73095.25, 111840.49779520255, 11269], "18": [32077, -5797.0, 414349.0, -243.5, 35800.25, 82120.81470224538, 5363], "20": [18432, -3310.0, 244616.0, -51.0, 20611.0, 58341.438817597846, 3010], "19": [24326, -4418.0, 246522.0, -252.0, 27301.5, 69485.10678757312, 4093], "17": [41278, -6272.0, 605444.0, -289.5, 46523.25, 94292.19668974991, 7102], "14": [79295, -10368.0, 1174722.0, -853.0, 89399.5, 115986.56248282403, 13839], "11": [113924, -13837.0, 1455537.0, -380.5, 129140.25, 91938.95470415997, 20376], "10": [116972, -11400.0, 2712720.0, -2083.5, 132404.75, 73709.61787262016, 21221], "8": [110302, -9696.0, 1531700.0, -924.0, 124957.0, 33092.50267228967, 20260], "9": [115354, -11687.0, 1459637.0, -1869.0, 130222.5, 53145.47851060737, 21129], "7": [106132, -10126.0, 1113468.0, -1128.0, 120456.5, 10655.812368961839, 19853], "4": [88148, -3993.0, 1177539.0, -662.0, 100795.0, -53677.794693994125, 17091], "6": [100140, -4334.0, 1819890.0, -1300.5, 113968.75, -11160.284771652166, 18956], "5": [94943, -4080.0, 1693176.0, -796.5, 108218.25, -33417.00291887663, 18102], "3": [81099, -831.0, 1516261.0, -762.0, 92757.0, -72502.59412917639, 15894], "0": [58676, 1680.0, 913968.0, -1537.0, 66794.0, -106666.69544910431, 12080], "-2": [43516, 2228.0, 666022.0, -1001.0, 50118.0, -108298.94709414993, 9065], "-4": [30672, 4092.0, 1497790.0, -616.0, 35464.0, -98397.1785567193, 6626], "-6": [20182, 3375.0, 373411.0, -616.5, 23453.75, -79745.50054024876, 4554], "-5": [24725, 3512.0, 626286.0, -519.0, 28810.0, -88342.96704310153, 5390], "-3": [36591, 2991.0, 1610999.0, -1305.0, 41620.0, -104032.4033708906, 7762], "1": [66580, -1311.0, 889869.0, -659.0, 76192.5, -98994.2958304778, 13219], "2": [73703, -2716.0, 1187486.0, -1001.0, 83417.0, -87365.91510741824, 14242], "-1": [50406, 4530.0, 2223732.0, -1038.0, 58117.5, -107823.73624151453, 10353], "-7": [15990, 3006.0, 409132.0, -367.5, 18780.25, -69639.57987859017, 3583], "22": [9941, -2299.0, 81179.0, -112.5, 11104.75, 36758.99480990231, 1614], "21": [13757, -1797.0, 1232709.0, 225.0, 15564.0, 46912.8035555974, 2223], "-8": [12823, 2187.0, 255951.0, -213.5, 14917.25, -60887.085325126944, 2894], "-10": [7057, 793.0, 126905.0, -267.5, 8225.25, -38602.37017146244, 1551], "-9": [9777, 2180.0, 203354.0, -366.5, 11326.75, -50210.70750726088, 2291], "26": [2293, -929.0, 11183.0, 9.5, 2495.25, 11251.04603957406, 307], "27": [1479, -462.0, 8016.0, 84.5, 1664.75, 7785.831512271451, 224], "25": [3277, -719.0, 24013.0, -70.5, 3644.75, 15026.54590749383, 544], "23": [6906, -1675.0, 72481.0, -58.0, 7886.0, 27066.50535277098, 1073], "28": [918, -249.0, 4623.0, -13.0, 1022.0, 5013.533114251335, 151], "30": [379, -78.0, 5526.0, -9.0, 407.0, 2261.110935216217, 57], "29": [622, -69.0, 9827.0, 9.5, 754.75, 3580.1799194778077, 108], "24": [4896, -1151.0, 126945.0, -156.0, 5386.5, 20547.550955585328, 734], "-13": [2795, 1239.0, 70375.0, -37.0, 3378.5, -18507.33524885998, 753], "-11": [5392, 1120.0, 119460.0, -353.0, 6212.0, -31516.611462059303, 1227], "-12": [3860, 1290.0, 70732.0, -102.5, 4541.25, -24068.387403706154, 1011], "-14": [2040, 634.0, 46790.0, -25.0, 2476.0, -14068.218928389319, 507], "-15": [1421, 532.0, 32912.0, -81.5, 1621.75, -10556.883837571948, 374], "-18": [432, 393.0, 29477.0, -42.5, 519.25, -3757.773632020294, 135], "-17": [655, 164.0, 6642.0, -36.5, 757.25, -5367.614997817357, 176], "-16": [977, 445.0, 27845.0, -48.0, 1166.5, -7497.460146701773, 255], "31": [256, -125.0, 595.0, -16.0, 274.5, 1556.9953104632127, 32], "32": [128, -53.0, 355.0, 10.0, 144.0, 800.4259525919899, 18], "33": [87, -51.0, 159.0, 8.5, 87.75, 575.721813181414, 9], "34": [60, -37.0, 183.0, 7.5, 59.75, 417.4071037236475, 5], "-19": [290, 40.0, 1720.0, -43.5, 331.75, -2554.162130743572, 75], "-21": [88, 33.0, 1321.0, 7.5, 93.25, -867.6774860011607, 24], "-22": [49, -25.0, 97.0, -8.5, 52.25, -486.8526028785717, 6], "-23": [31, 38.0, 400.0, -7.0, 29.0, -310.5522324501945, 15], "-20": [148, 129.0, 5555.0, -21.5, 150.75, -1346.7060277333403, 48], "-24": [20, 3.0, 143.0, -7.0, 21.0, -225.51752402442656, 5], "-25": [11, 1.0, 35.0, 0.0, 12.0, -121.0530702818793, 3], "-26": [3, 28.0, 902.0, -2.0, 2.0, -40.541625892194766, 3], "35": [25, -13.0, 49.0, -1.0, 24.5, 177.63094868465413, 3], "37": [5, 3.0, 21.0, 4.5, 9.25, 36.678421900161034, 2], "36": [13, -9.0, 21.0, 1.0, 15.0, 87.28565865820906, 1], "38": [3, -3.0, 3.0, -0.5, 4.25, 18.851902648917576, 0], "40": [1, -1.0, 1.0, -1.0, 1.0, 9.966666666666667, 0], "39": [1, -1.0, 1.0, -1.0, 1.0, 7.0785340314136125, 0]}, "red7_rc": {"-12": [153031, -6294.0, 2308958.0, -2266.0, 173958.5, -116135.69042915959, 29460], "-10": [110162, -3211.0, 2726359.0, -1866.5, 125402.75, -81128.56664951362, 21143], "-8": [103132, -5415.0, 1513145.0, -1314.5, 117197.75, -37426.91364148386, 19710], "-9": [107557, -5076.0, 2612732.0, -1475.5, 122279.75, -60615.031791039226, 20423], "-7": [99901, -5965.0, 2330235.0, -1475.0, 113450.0, -14730.695038613678, 18778], "-5": [89396, -6389.0, 2328035.0, -800.0, 101554.0, 31105.342970110636, 16502], "-3": [76317, -8564.0, 1030098.0, -1087.0, 86238.5, 69936.76635778266, 13780], "-2": [69687, -8570.0, 1002930.0, -670.0, 78784.5, 85412.8444568134, 12344], "0": [55859, -8271.0, 625075.0, -422.5, 62656.25, 105950.35282945218, 9675],