{"kind": "pog_count_curves", "rules": "RIDE_FREE", "penetration": 0.75, "paytable": [3.0, 10.0, 30.0, 60.0, 100.0, 300.0, 1000.0], "arm": "farm", "customs": {"pog2_rc": {"tags": {"1": -1, "2": 0, "3": 1, "4": 1, "5": 0, "6": 1, "7": 1, "8": 0, "9": 0, "10": -1}, "bump": 2, "sign": 1}, "ko_rc": {"tags": {"1": -1, "2": 1, "3": 1, "4": 1, "5": 1, "6": 1, "7": 1, "8": 0, "9": 0, "10": -1}, "bump": 1, "sign": 0}, "simple_rc": {"tags": {"1": -1, "2": 1, "3": 1, "4": 1, "5": 0, "6": 1, "7": 1, "8": 0, "9": 0, "10": -1}, "bump": 1, "sign": 0}}, "seed": 19600000001, "rounds": 2000000, "pog_total": -109816.0, "main_total": -25381.5, "signals": {"hilo_tc": {"0": [525579, -29764.0, 10862002.0, -6320.5, 596819.75, -3223.4476423346186, 98886], "1": [319087, -33864.0, 4271520.0, -3494.5, 361714.75, 299964.9851987789, 57849], "-1": [342567, -5925.0, 5826413.0, -3829.0, 391811.0, -321362.32672090305, 66958], "2": [172910, -23582.0, 3189230.0, -1383.5, 195488.25, 337705.76635126973, 30168], "3": [96445, -18052.0, 956872.0, -498.0, 108131.5, 284824.2552159995, 16214], "4": [55686, -11149.0, 787893.0, 240.5, 62908.75, 220076.73684752436, 9050], "5": [30904, -6951.0, 379091.0, 194.0, 34648.5, 153007.90746132337, 4914], "7": [9239, -2871.0, 66669.0, 33.5, 10146.75, 64292.56821941472, 1330], "6": [18186, -5599.0, 139223.0, -102.0, 20100.0, 108372.8963855923, 2668], "-2": [184317, 2224.0, 2889300.0, -3997.0, 211005.0, -359730.0310887859, 37208], "-4": [58704, 5536.0, 1114146.0, -1535.0, 67257.0, -231958.6574060217, 12553], "-3": [103477, 7329.0, 2037465.0, -2276.0, 118742.5, -305356.4990604739, 21703], "-5": [32318, 6574.0, 984572.0, -997.0, 37652.0, -160013.28842448577, 7314], "-6": [18792, 4694.0, 405486.0, -593.0, 22062.5, -111977.72542035117, 4439], "-7": [9636, 2224.0, 269576.0, -341.0, 11195.0, -67056.7594698049, 2247], "-8": [5771, 1141.0, 92385.0, -233.5, 6687.75, -45867.82809857297, 1384], "-9": [2851, 1070.0, 54134.0, -115.0, 3356.5, -25493.65311532381, 766], "-11": [741, 281.0, 17249.0, -36.5, 864.25, -8090.419130476508, 200], "8": [5258, -2157.0, 21323.0, 28.5, 5796.75, 41768.22643012065, 703], "10": [1426, -633.0, 5687.0, -13.0, 1557.5, 14156.498556535364, 179], "11": [756, -269.0, 6737.0, 18.0, 849.0, 8254.014180956061, 99], "-10": [1531, 936.0, 131238.0, -11.0, 1828.0, -15185.916276138836, 406], "-12": [641, 349.0, 24481.0, -108.5, 743.25, -8188.28498710835, 172], "9": [2562, -981.0, 16985.0, -17.5, 2760.75, 22921.296252549113, 332], "12": [616, -377.0, 2239.0, 5.5, 635.25, 7822.763197510592, 52]}, "pog2_rc": {"12": [153247, -14132.0, 3441118.0, -1527.5, 173295.75, 106523.82798557963, 27871], "11": [113572, -13022.0, 1284032.0, -1303.0, 128249.5, 91772.80880025888, 20615], "13": [93703, -10518.0, 2282204.0, -1308.5, 105662.25, 115791.11858200931, 16655], "17": [40877, -7137.0, 519999.0, -52.0, 45951.5, 94122.96449907828, 6886], "16": [51844, -8057.0, 543959.0, -565.0, 58387.0, 105122.89316401619, 8960], "14": [79403, -12158.0, 1022610.0, -364.5, 89208.75, 117420.94522368474, 13725], "9": [114786, -8452.0, 1784666.0, -1287.5, 130237.75, 53166.48318978922, 21328], "8": [110846, -7553.0, 1613307.0, -908.5, 126025.25, 31968.878954271637, 20803], "7": [105796, -7472.0, 1441842.0, -1178.5, 119945.75, 9420.64274703092, 19942], "4": [87919, -2145.0, 1547541.0, -1479.0, 100310.0, -53665.67394189785, 16967], "6": [100440, -6214.0, 2270956.0, -988.5, 114271.75, -12433.852617735554, 18781], "10": [117377, -11418.0, 1393318.0, -1225.5, 133588.25, 73497.80563708844, 21452], "15": [64777, -8866.0, 718480.0, -569.0, 73261.5, 112963.7696894015, 11413], "20": [18167, -3254.0, 276096.0, -153.0, 20583.0, 57363.65654444949, 2991], "18": [31407, -5000.0, 439634.0, 150.0, 35659.5, 81431.771989706, 5340], "5": [94676, -4591.0, 1466963.0, -1521.0, 107351.0, -33933.98548940933, 18044], "0": [58428, 1541.0, 950279.0, -1214.5, 66902.75, -105078.07797878503, 11922], "1": [65755, 1064.0, 1100694.0, -987.5, 75487.25, -98050.64877502936, 13266], "3": [81186, -1317.0, 2307325.0, -1301.0, 92685.0, -72093.7503815953, 15647], "-1": [50656, 2743.0, 1039265.0, -670.5, 58483.75, -108129.21103488888, 10401], "2": [74228, 849.0, 1228495.0, -1030.5, 84910.25, -87088.14590029504, 14914], "-4": [30957, 3413.0, 761599.0, -843.0, 35592.5, -99672.15212098669, 6663], "-3": [37243, 3028.0, 693002.0, -791.5, 42872.75, -105999.62597053872, 7882], "-2": [43819, 2279.0, 812441.0, -918.5, 50427.25, -109069.15448834891, 9083], "-6": [20561, 3281.0, 459855.0, -682.0, 23801.0, -81503.7137985486, 4586], "-7": [16124, 3244.0, 538530.0, -456.0, 18691.5, -69386.57299704538, 3676], "-10": [7416, 1186.0, 118768.0, -317.5, 8585.25, -40766.76817481586, 1724], "-11": [5489, 1689.0, 208025.0, -184.0, 6340.5, -32262.678877556635, 1300], "-13": [2840, 971.0, 68451.0, 26.5, 3364.25, -19141.067961117078, 707], "-15": [1405, 628.0, 49730.0, -83.5, 1641.75, -10527.993933425547, 352], "-12": [3957, 1019.0, 87557.0, -193.0, 4577.0, -24625.141700710974, 943], "-9": [9881, 3164.0, 410848.0, -196.5, 11915.75, -50165.24434512572, 2325], "-8": [12755, 2165.0, 314247.0, -385.0, 14924.5, -60103.861478928346, 2879], "-5": [25460, 2826.0, 446678.0, -566.0, 29439.5, -90830.88391206454, 5568], "19": [23777, -4999.0, 224771.0, -112.0, 26711.0, 68503.97654576701, 3945], "-14": [2027, 513.0, 40397.0, -132.5, 2264.25, -14356.056290669247, 489], "22": [9588, -1853.0, 109251.0, -108.5, 10793.75, 35537.560043598096, 1586], "21": [13189, -2951.0, 198709.0, 83.5, 14799.25, 45316.46200051924, 2088], "23": [6924, -1675.0, 67273.0, -50.5, 7774.25, 27553.126874236503, 1083], "26": [2404, -783.0, 14175.0, 88.5, 2707.25, 11585.906402568993, 355], "24": [4978, -675.0, 138917.0, -56.5, 5572.75, 21363.195503325303, 824], "29": [660, -184.0, 6542.0, -14.0, 750.5, 3736.082156578166, 97], "28": [924, -160.0, 10278.0, -0.5, 1038.75, 4883.584548098247, 151], "27": [1511, -410.0, 14666.0, 38.0, 1726.0, 7660.641771479136, 215], "-17": [640, 74.0, 4522.0, -27.0, 718.0, -5217.628767046978, 158], "25": [3373, -924.0, 22900.0, 54.0, 3881.0, 15131.861987839391, 523], "-19": [230, 47.0, 2843.0, -10.5, 282.75, -2048.974403035795, 56], "30": [434, -159.0, 2889.0, 4.0, 485.0, 2594.6730377941617, 57], "33": [117, -54.0, 320.0, 10.5, 135.75, 845.3942640401808, 15], "31": [263, -95.0, 907.0, 15.0, 296.5, 1649.9054397595914, 39], "-16": [888, 164.0, 13160.0, -40.5, 985.75, -6898.063331604159, 216], "32": [161, -83.0, 471.0, 2.0, 160.0, 1086.643301550139, 18], "-18": [419, 305.0, 18499.0, -23.0, 484.5, -3642.8526881539196, 127], "-21": [90, 237.0, 14043.0, -0.5, 124.25, -857.5043369185593, 41], "-20": [128, 22.0, 582.0, -27.0, 135.5, -1253.8613037289615, 36], "-22": [45, 28.0, 422.0, -9.0, 57.0, -464.01942842438564, 16], "-24": [11, 1.0, 35.0, -4.0, 8.0, -114.17926555531331, 3], "36": [20, 13.0, 317.0, 5.0, 23.0, 143.22257092887426, 6], "35": [52, 2.0, 314.0, 0.0, 51.5, 386.5588837366434, 12], "34": [75, 3.0, 1145.0, 3.5, 90.25, 514.0843897149011, 14], "38": [12, -4.0, 28.0, 2.5, 16.75, 87.8594207812635, 2], "-23": [19, -7.0, 43.0, 1.0, 17.0, -187.27438558807842, 3], "37": [14, 21.0, 921.0, -2.0, 11.5, 111.58775962178058, 4], "39": [7, -7.0, 7.0, -1.0, 3.0, 61.78640455811202, 0], "40": [8, -4.0, 16.0, 2.0, 8.0, 52.87243800444426, 1], "-25": [5, 3.0, 21.0, 2.0, 8.0, -41.829627609915015, 2], "-27": [2, -2.0, 2.0, 1.5, 2.25, -17.631946805697233, 0], "-26": [4, -4.0, 4.0, 0.5, 5.25, -41.04994269799757, 0], "-28": [1, -1.0, 1.0, -1.0, 1.0, -10.024096385542167, 0], "-29": [2, -2.0, 2.0, 1.0, 1.0, -21.015253203172666, 0], "-30": [1, 3.0, 9.0, -1.0, 1.0, -11.304347826086957, 1]}, "ko_rc": {"-24": [120860, -2372.0, 1998606.0, -1103.5, 138180.25, -92613.3411062462, 23420], "-21": [83410, -2631.0, 1204057.0, -1518.5, 94934.75, -85742.01414576534, 16213], "-17": [80487, -1831.0, 2122863.0, -1312.0, 91488.5, -61820.79250402739, 15607], "-18": [81375, -1598.0, 1259088.0, -888.0, 93234.5, -69328.16334313323, 15967], "-20": [83311, 40.0, 2307484.0, -930.0, 95085.5, -81209.6683867592, 16385],