{"kind": "pog_count_curves", "rules": "RIDE_FREE", "penetration": 0.75, "paytable": [3.0, 10.0, 30.0, 60.0, 100.0, 300.0, 1000.0], "arm": "farm", "customs": {"pog2_rc": {"tags": {"1": -1, "2": 0, "3": 1, "4": 1, "5": 0, "6": 1, "7": 1, "8": 0, "9": 0, "10": -1}, "bump": 2, "sign": 1}, "ko_rc": {"tags": {"1": -1, "2": 1, "3": 1, "4": 1, "5": 1, "6": 1, "7": 1, "8": 0, "9": 0, "10": -1}, "bump": 1, "sign": 0}, "simple_rc": {"tags": {"1": -1, "2": 1, "3": 1, "4": 1, "5": 0, "6": 1, "7": 1, "8": 0, "9": 0, "10": -1}, "bump": 1, "sign": 0}}, "seed": 19900000001, "rounds": 2000000, "pog_total": -111285.0, "main_total": -23685.5, "signals": {"hilo_tc": {"0": [527559, -28835.0, 9444571.0, -6487.5, 598979.75, -2283.4030331512677, 99275], "-1": [341766, -5956.0, 6423024.0, -4804.5, 389884.75, -320975.57415212505, 66644], "-2": [182823, 4352.0, 2686214.0, -2804.0, 209996.5, -356619.3808842054, 37523], "-3": [101509, 6022.0, 1855108.0, -2361.0, 116168.5, -299661.5919593371, 21075], "-4": [58866, 7266.0, 1184014.0, -1422.0, 68384.0, -232834.54718792203, 12898], "1": [321076, -36416.0, 4078776.0, -3910.0, 363646.5, 302046.5105857254, 57938], "2": [174131, -24031.0, 2124847.0, -869.0, 196189.5, 339998.50473667355, 30560], "-6": [19034, 4275.0, 469201.0, -336.5, 22084.25, -113413.74575817355, 4472], "3": [96222, -18949.0, 910907.0, 171.5, 108299.75, 283702.832688216, 16084], "4": [55333, -12248.0, 573656.0, 217.5, 61875.25, 218709.49137702942, 8923], "5": [30765, -7435.0, 389457.0, 102.0, 34522.0, 152274.92475066974, 4821], "6": [17742, -4689.0, 174157.0, 94.0, 19619.0, 105759.18608196398, 2682], "8": [5177, -1563.0, 40659.0, 136.0, 5747.5, 41108.54666696056, 763], "-5": [32853, 5780.0, 877916.0, -1025.0, 37999.0, -162660.41888761957, 7364], "-7": [9770, 2653.0, 306645.0, -223.0, 11475.0, -68054.6490919511, 2308], "-8": [5665, 1842.0, 131330.0, -326.0, 6652.0, -45013.65829506411, 1415], "-9": [2794, 1099.0, 62999.0, -154.5, 3326.75, -24990.299280727017, 736], "7": [9146, -3329.0, 56607.0, 177.0, 10183.0, 63663.912453797464, 1257], "9": [2498, -1020.0, 18056.0, 18.0, 2681.5, 22347.949640949286, 309], "-10": [1413, 392.0, 23980.0, 4.5, 1705.75, -13998.761813991816, 369], "-11": [658, 427.0, 17027.0, -22.0, 832.0, -7192.475354274093, 202], "-12": [556, 339.0, 12529.0, 13.5, 727.75, -7009.7061334695245, 171], "11": [712, -317.0, 3407.0, 62.0, 780.5, 7776.895020057324, 87], "12": [600, -337.0, 1511.0, 33.5, 653.25, 7661.161812273912, 62], "10": [1332, -607.0, 5457.0, 30.0, 1392.5, 13232.442421150768, 162]}, "pog2_rc": {"12": [153736, -14798.0, 2299596.0, -2130.5, 173679.25, 107141.58884842758, 28013], "9": [115241, -10660.0, 1352496.0, -1305.0, 130536.5, 54277.6531136853, 21265], "6": [100768, -6122.0, 1313098.0, -1300.5, 114721.75, -11353.372520386332, 19101], "5": [94495, -4989.0, 1299829.0, -612.0, 108034.5, -33352.109850987625, 18053], "4": [87778, -1555.0, 2382843.0, -991.5, 99462.75, -53632.70368683122, 16897], "8": [111140, -8828.0, 1475396.0, -565.5, 126739.25, 32810.8281391359, 20676], "1": [65976, 1055.0, 1081893.0, -1390.0, 75401.5, -98563.25148236105, 13335], "0": [58307, 839.0, 843559.0, -1104.0, 66805.0, -105728.50769832032, 11801], "-1": [50550, 2232.0, 821750.0, -887.0, 58372.5, -108503.29976628124, 10550], "-4": [30558, 2397.0, 541477.0, -553.0, 34962.0, -98978.31483944847, 6485], "-2": [43818, 2997.0, 874387.0, -691.0, 50709.0, -109244.88564095878, 9111], "-5": [25588, 2728.0, 505000.0, -535.5, 29469.75, -92687.00329188822, 5539], "-3": [37136, 3299.0, 593451.0, -661.0, 42766.5, -105940.91543586638, 8005], "2": [73576, 38.0, 1221066.0, -1409.5, 84169.75, -86938.07463696317, 14530], "3": [80939, -2130.0, 1400450.0, -1021.0, 91956.0, -72293.42555295424, 15721], "10": [117715, -12064.0, 1726474.0, -1714.0, 132801.0, 74769.71969829626, 21362], "7": [105806, -5830.0, 1687958.0, -1130.0, 120124.5, 10995.452832452778, 19958], "11": [113940, -9870.0, 2464250.0, -1696.5, 128911.25, 92835.24307865344, 20822], "13": [93820, -9816.0, 1403502.0, -790.5, 106474.25, 114804.563367076, 16920], "15": [65650, -10110.0, 774882.0, -303.0, 74093.5, 113724.5073539141, 11392], "17": [40944, -7567.0, 503889.0, -278.0, 46164.0, 93794.17900168462, 6858], "18": [31535, -6463.0, 387871.0, -490.5, 35202.75, 80430.22964845468, 5169], "14": [79080, -8709.0, 1152603.0, -567.0, 88997.5, 116498.97245936822, 14099], "-7": [16239, 2885.0, 303489.0, -412.0, 18898.5, -71161.81597642426, 3728], "-6": [20164, 3138.0, 577206.0, -604.5, 23240.25, -80300.27281405005, 4485], "21": [13179, -2544.0, 214352.0, 153.0, 15007.5, 45138.698734416714, 2151], "20": [18017, -3329.0, 182331.0, 188.5, 20338.75, 56524.872216929834, 3013], "16": [52520, -7953.0, 667343.0, -101.0, 58907.5, 105240.57202753489, 9036], "-9": [9607, 1866.0, 266012.0, -368.5, 11119.25, -49389.82287958269, 2203], "-8": [12751, 3131.0, 289997.0, -316.5, 14946.25, -60815.7933029412, 3029], "19": [23904, -4304.0, 242456.0, 76.5, 26929.75, 68363.60842350553, 4028], "-10": [7334, 1769.0, 162285.0, -199.0, 8634.0, -40216.14876756145, 1725], "25": [3368, -717.0, 34053.0, 5.0, 3736.0, 15158.301339250813, 531], "23": [6882, -1733.0, 73523.0, 20.5, 7627.25, 27156.66219321283, 1040], "26": [2243, -508.0, 21894.0, 29.5, 2519.25, 10889.106806376902, 352], "27": [1557, -394.0, 21968.0, 35.5, 1786.25, 7950.7631260225035, 226], "22": [9311, -2362.0, 86534.0, 101.0, 10436.0, 35065.32748342752, 1430], "-11": [5364, 1288.0, 171380.0, -131.5, 6238.75, -31598.62242587293, 1290], "-12": [3861, 874.0, 76004.0, -12.0, 4558.5, -24269.669905495764, 924], "-14": [1890, 437.0, 31003.0, -35.0, 2218.5, -13253.494520840015, 459], "-13": [2780, 1627.0, 180847.0, -27.0, 3438.5, -18489.20665420958, 736], "24": [4707, -1545.0, 31479.0, 50.0, 5295.0, 20038.01567886992, 683], "-15": [1295, 389.0, 19411.0, -7.5, 1592.75, -9315.165473039815, 343], "-16": [862, 439.0, 32509.0, -30.0, 1091.5, -6688.5561653847635, 225], "-17": [522, 375.0, 17933.0, 6.5, 645.25, -4195.405055607872, 157], "28": [1023, -378.0, 4988.0, 1.5, 1142.25, 5467.006511345421, 142], "29": [653, -241.0, 2853.0, 30.0, 720.5, 3631.669451048207, 93], "-18": [370, 274.0, 11312.0, 21.0, 436.0, -3271.2526925496595, 110], "31": [266, -146.0, 506.0, -16.5, 293.25, 1589.9462632446555, 30], "33": [74, -20.0, 336.0, -1.0, 90.0, 513.3890707568903, 12], "32": [131, -76.0, 318.0, -23.0, 127.5, 830.8426501820963, 13], "30": [397, 169.0, 28231.0, -2.5, 427.75, 2340.409124982182, 77], "34": [44, 2.0, 290.0, 12.0, 61.5, 320.593021234389, 10], "-19": [215, 61.0, 2903.0, 14.0, 298.0, -1894.822109353405, 55], "-21": [94, 13.0, 385.0, -10.0, 110.0, -868.9428627223829, 26], "-20": [134, 182.0, 7668.0, 0.5, 172.75, -1221.9639383682106, 48], "35": [26, -18.0, 42.0, 1.5, 28.25, 222.34826370727555, 2], "36": [19, -15.0, 27.0, -1.0, 24.0, 151.31505410801915, 1], "-22": [52, -1.0, 231.0, -11.0, 51.0, -482.8257077472147, 12], "37": [3, -3.0, 3.0, -3.0, 3.0, 20.672725843716567, 0], "-24": [11, 1.0, 35.0, 1.5, 14.25, -113.25497474199548, 3], "-25": [8, 3.0, 107.0, 0.0, 8.0, -88.1891273682613, 2], "-26": [2, 2.0, 10.0, 2.0, 4.0, -21.55060314864036, 1], "-28": [1, 3.0, 9.0, -1.0, 1.0, -12.1875, 1], "-23": [20, 4.0, 68.0, 1.5, 30.25, -194.7429785799202, 6], "-27": [4, -4.0, 4.0, 3.0, 3.0, -43.34046489563568, 0]}, "ko_rc": {"-24": [120750, -3015.0, 2126813.0, -1232.0, 138066.5, -93024.58061066185, 23369], "-27": [41571, 1164.0, 652952.0, -527.0, 47635.5, -75935.93491435483, 8399], "-30": [17231, 1509.0, 294885.0, -263.5, 19772.75, -45719.33015147379, 3684], "-31": [12701, 1417.0, 228517.0, -267.0, 14624.0, -36871.6305518189, 2745], "-29": [23657, 1195.0, 530633.0, -200.5, 27245.25, -56076.92975232355, 4846], "-33": [6355, 961.0, 211223.0, -273.0, 7374.5, -22025.830492628083, 1381], "-32": [8938, 628.0, 132056.0, -262.0, 10404.0, -28328.273837042503, 1901], "-34": [4356, 350.0, 56010.0, -52.5, 5096.75, -16170.2066743151, 962], "-26": [53944, 279.0, 834413.0, -758.0, 61692.0, -84776.35610547444, 10846],