{"kind": "pog_count_curves", "rules": "RIDE_FREE", "penetration": 0.75, "paytable": [3.0, 10.0, 30.0, 60.0, 100.0, 300.0, 1000.0], "arm": "farm", "customs": {"pog2_rc": {"tags": {"1": -1, "2": 0, "3": 1, "4": 1, "5": 0, "6": 1, "7": 1, "8": 0, "9": 0, "10": -1}, "bump": 2, "sign": 1}, "ko_rc": {"tags": {"1": -1, "2": 1, "3": 1, "4": 1, "5": 1, "6": 1, "7": 1, "8": 0, "9": 0, "10": -1}, "bump": 1, "sign": 0}, "simple_rc": {"tags": {"1": -1, "2": 1, "3": 1, "4": 1, "5": 0, "6": 1, "7": 1, "8": 0, "9": 0, "10": -1}, "bump": 1, "sign": 0}}, "seed": 19800000001, "rounds": 2000000, "pog_total": -108584.0, "main_total": -22641.0, "signals": {"hilo_tc": {"0": [525202, -28383.0, 8233277.0, -5428.5, 595343.75, -2595.104961617744, 98963], "-1": [343448, -7116.0, 7641084.0, -4914.0, 391995.5, -322267.0234351907, 66509], "-2": [185290, 4028.0, 3384222.0, -3799.5, 211952.25, -361482.129533053, 37279], "1": [318933, -32846.0, 4659074.0, -1389.0, 360941.0, 299821.91664007294, 57762], "2": [172234, -24880.0, 2438638.0, -708.5, 194083.25, 336066.84174749476, 29970], "3": [96938, -15404.0, 1327766.0, -115.5, 109153.75, 286112.24223352544, 16604], "-3": [101751, 7116.0, 2937670.0, -2625.0, 116954.5, -300227.56658588216, 21317], "5": [30979, -8185.0, 297899.0, -46.5, 34667.25, 153386.20727545008, 4738], "4": [55703, -12004.0, 534524.0, 329.5, 62299.75, 220144.3288358899, 9052], "6": [17882, -6189.0, 125195.0, -97.0, 19653.0, 106586.39738968271, 2507], "7": [9187, -3096.0, 52584.0, 47.5, 10222.25, 63939.252905026544, 1341], "-4": [58693, 5363.0, 1025469.0, -1366.0, 67431.0, -232098.5674782461, 12588], "-5": [32847, 5322.0, 686970.0, -856.0, 38030.5, -162708.57971919695, 7376], "-6": [19106, 4560.0, 613366.0, -596.0, 21913.0, -113838.20352702608, 4466], "-7": [9799, 2286.0, 254506.0, -454.5, 11329.75, -68216.67982157522, 2339], "-8": [5740, 2660.0, 1130236.0, -122.0, 6985.5, -45656.59283452297, 1415], "8": [5234, -2004.0, 40290.0, 49.5, 5754.75, 41594.367498117645, 680], "-9": [2857, 906.0, 73152.0, -193.5, 3334.75, -25567.42851296161, 701], "-11": [764, 350.0, 17874.0, -64.0, 908.0, -8355.043445223417, 206], "-10": [1456, 737.0, 44541.0, -136.5, 1686.25, -14453.1874036514, 397], "-12": [633, 435.0, 19325.0, -54.5, 747.75, -8042.794833470789, 185], "9": [2626, -1117.0, 15837.0, -95.5, 2800.75, 23489.36332289806, 321], "10": [1392, -448.0, 13592.0, 24.5, 1512.75, 13816.938555851391, 191], "12": [588, -340.0, 1392.0, -31.5, 654.75, 7470.170723291424, 59], "11": [718, -335.0, 4457.0, 1.5, 777.25, 7843.634333362458, 77]}, "pog2_rc": {"12": [153548, -13793.0, 2153469.0, -786.0, 174191.0, 106980.1817587864, 28074], "10": [117443, -10976.0, 1494940.0, -1072.0, 133131.0, 74018.4868291987, 21607], "7": [105795, -8876.0, 1394458.0, -1455.0, 119535.0, 9766.088242207268, 19665], "6": [100508, -4592.0, 1997918.0, -1080.0, 113879.5, -13032.41020709004, 18819], "9": [115049, -7959.0, 1832427.0, -938.0, 130617.5, 54542.08213591862, 21263], "8": [110730, -6088.0, 2822526.0, -709.0, 126015.0, 31401.81787820486, 20695], "4": [87758, -1474.0, 1548396.0, -1295.5, 100356.25, -53659.533069480174, 16942], "18": [31521, -5771.0, 418213.0, -155.0, 35293.5, 79908.3038580266, 5228], "19": [24340, -4031.0, 328107.0, 319.5, 27569.25, 69434.18995998065, 4156], "17": [40767, -7296.0, 380238.0, -279.5, 45851.25, 93533.95250832444, 6927], "15": [65038, -11544.0, 624180.0, -638.0, 72748.5, 113156.13182918393, 11155], "20": [18015, -3458.0, 216318.0, 40.5, 20262.75, 56910.81305329318, 2923], "16": [52106, -7695.0, 752275.0, -385.0, 58729.5, 103915.66887945784, 8955], "13": [93498, -10367.0, 1597147.0, -580.5, 105344.25, 115414.73603175253, 16668], "1": [66273, 655.0, 1205055.0, -1070.0, 75860.0, -99147.15782483699, 13171], "0": [58081, 3222.0, 2149348.0, -751.0, 66722.0, -105624.9925605335, 11962], "11": [113533, -14216.0, 1593662.0, -1341.5, 127967.75, 91868.51494033505, 20211], "5": [94934, -6720.0, 1379656.0, -1564.5, 107430.75, -34364.68763192156, 17874], "2": [73766, 1516.0, 1369920.0, -1298.0, 84069.0, -87718.20245221873, 14758], "3": [80813, -926.0, 2295300.0, -772.0, 92505.5, -72486.91601028098, 15739], "14": [79020, -8990.0, 1101190.0, -181.0, 89326.0, 116016.58661551728, 14102], "-1": [51250, 2583.0, 1005733.0, -1552.0, 58375.5, -110066.65494352658, 10535], "-2": [43475, 3818.0, 782430.0, -658.5, 49931.75, -108871.00495578583, 9193], "-4": [30752, 3702.0, 615446.0, -830.0, 35506.5, -99189.46438993394, 6709], "-3": [37065, 2042.0, 638744.0, -464.0, 43053.5, -106204.98786738187, 7833], "-6": [20094, 2077.0, 312277.0, -344.0, 23159.5, -79927.27666027064, 4421], "-5": [25618, 2362.0, 428750.0, -586.0, 29505.5, -92407.31691262608, 5525], "-7": [16054, 2712.0, 446882.0, -582.0, 18505.5, -69436.62949514997, 3566], "-8": [12647, 2707.0, 425625.0, -537.0, 14553.5, -59547.24395499652, 2885], "-10": [7327, 2416.0, 1129976.0, 8.0, 8528.0, -39965.87910818256, 1708], "-9": [9705, 1089.0, 131451.0, -353.0, 11023.5, -49439.04918007848, 2182], "-12": [4073, 1621.0, 117289.0, -208.5, 4684.25, -25296.279956719445, 1038], "-13": [2857, 1128.0, 151214.0, -13.5, 3319.25, -19030.61411420924, 720], "-14": [1978, 611.0, 38013.0, -32.0, 2420.0, -13863.234223404736, 486], "-17": [670, 97.0, 6861.0, -52.5, 798.75, -5441.442574550663, 160], "-15": [1397, 670.0, 52122.0, -31.0, 1703.0, -10388.108026392789, 357], "-16": [995, 337.0, 17935.0, -25.0, 1183.5, -7761.239417683078, 263], "-11": [5360, 1240.0, 134106.0, -170.0, 6264.0, -31568.362310423276, 1236], "21": [13425, -3264.0, 142196.0, -124.5, 14842.75, 46015.62119749274, 2061], "23": [6886, -1549.0, 58947.0, -137.5, 7510.75, 27490.287635695822, 1132], "24": [4901, -1660.0, 27142.0, -15.0, 5293.5, 21041.62429825981, 719], "22": [9799, -2233.0, 111925.0, 10.5, 10984.75, 36384.39232833661, 1534], "27": [1552, -514.0, 10088.0, 75.0, 1804.5, 7864.96197519614, 226], "26": [2306, -448.0, 20616.0, -61.0, 2609.5, 11281.43081992392, 388], "25": [3429, -688.0, 35866.0, 57.0, 3862.0, 16006.227100377813, 554], "28": [967, -365.0, 5529.0, -19.5, 1058.75, 5226.790349160917, 128], "-18": [418, 193.0, 13727.0, 0.0, 512.5, -3606.0864411006264, 117], "-19": [253, 253.0, 17435.0, -8.5, 322.75, -2208.1550079798076, 77], "-20": [164, 21.0, 1833.0, 11.5, 182.75, -1492.0743767935885, 37], "29": [707, -78.0, 19178.0, -29.0, 743.0, 3953.6731143672423, 110], "30": [423, -115.0, 2107.0, 8.0, 467.5, 2501.1483016920347, 70], "31": [232, -84.0, 836.0, -5.5, 260.25, 1449.1616256850868, 34], "32": [166, -45.0, 1399.0, 4.5, 178.75, 1037.7460806947981, 24], "34": [69, -26.0, 232.0, 10.5, 78.25, 505.41942691489413, 10], "36": [30, -26.0, 38.0, -11.0, 28.5, 281.1830439290268, 1], "37": [10, -2.0, 26.0, 5.0, 14.5, 94.8417488805117, 2], "38": [5, 3.0, 21.0, 3.0, 7.0, 41.258772228081064, 2], "33": [108, -49.0, 303.0, 5.0, 114.5, 674.8150142757149, 14], "-21": [105, 143.0, 8469.0, 3.0, 114.0, -1017.6889085754923, 34], "-22": [66, -14.0, 170.0, -0.5, 76.25, -611.7204442476195, 13], "-23": [36, 34.0, 1090.0, -2.0, 42.0, -369.83454156312297, 12], "-25": [15, 5.0, 55.0, -1.0, 19.0, -170.16900221416452, 5], "-27": [1, -1.0, 1.0, -1.0, 1.0, -8.125, 0], "-24": [23, 50.0, 3646.0, -2.0, 28.0, -247.12274294052665, 7], "35": [38, 24.0, 316.0, 5.5, 42.25, 297.3782969943554, 14], "-26": [4, 0.0, 12.0, 0.0, 4.0, -39.206876804400466, 1], "-28": [2, 6.0, 18.0, 1.0, 5.0, -15.823232323232325, 2], "-29": [1, -1.0, 1.0, 0.0, 0.0, -7.60233918128655, 0], "-30": [2, 2.0, 10.0, -1.0, 1.0, -17.504578313253013, 1], "-31": [1, -1.0, 1.0, -1.0, 1.0, -8.720496894409937, 0], "-32": [1, -1.0, 1.0, 1.0, 1.0, -9.393548387096773, 0], "39": [2, 13.0, 109.0, 1.0, 1.0, 15.159103704537777, 3]}, "ko_rc": {"-24": [121548, -2370.0, 2059908.0, -1640.0, 138484.0, -93109.08166842959, 23659], "-26": [54045, 1274.0, 1877248.0, -1263.0, 61705.0, -84802.7502409785, 10803], "-29": [24011, 217.0, 305479.0, -629.5, 27253.25, -57011.00337636428, 4903], "-30": [17165, 476.0, 236920.0, -320.5, 19773.75, -45437.40086603588, 3528],