{"kind": "pog_count_curves", "rules": "RIDE_FREE", "penetration": 0.75, "paytable": [3.0, 10.0, 30.0, 60.0, 100.0, 300.0, 1000.0], "arm": "farm", "customs": {"pog2_rc": {"tags": {"1": -1, "2": 0, "3": 1, "4": 1, "5": 0, "6": 1, "7": 1, "8": 0, "9": 0, "10": -1}, "bump": 2, "sign": 1}, "ko_rc": {"tags": {"1": -1, "2": 1, "3": 1, "4": 1, "5": 1, "6": 1, "7": 1, "8": 0, "9": 0, "10": -1}, "bump": 1, "sign": 0}, "simple_rc": {"tags": {"1": -1, "2": 1, "3": 1, "4": 1, "5": 0, "6": 1, "7": 1, "8": 0, "9": 0, "10": -1}, "bump": 1, "sign": 0}}, "seed": 19400000001, "rounds": 2000000, "pog_total": -113663.0, "main_total": -25285.5, "signals": {"hilo_tc": {"0": [523484, -29260.0, 8381682.0, -5615.0, 595416.0, -2504.3921828325615, 98441], "-1": [341940, -10680.0, 5187924.0, -4660.5, 389867.75, -320860.67043817043, 66081], "-2": [184394, 460.0, 3012794.0, -4742.5, 209895.25, -359607.784524352, 36841], "-3": [102377, 8745.0, 2971293.0, -1614.0, 118518.0, -302266.1669362114, 21593], "-4": [58976, 6786.0, 1934816.0, -1565.5, 67868.25, -233200.55083812907, 12851], "1": [320674, -31226.0, 6080506.0, -2545.5, 363170.75, 301986.4401611137, 58235], "2": [174321, -25804.0, 2060962.0, -1122.5, 196952.75, 340253.61269004876, 30202], "3": [97010, -19143.0, 991687.0, -636.5, 108286.75, 286194.6003441252, 16117], "-5": [32444, 6455.0, 1672523.0, -1392.0, 37548.0, -160679.62081206896, 7348], "-6": [19121, 5117.0, 796107.0, -707.5, 22117.25, -113982.40209537269, 4466], "-7": [9555, 2985.0, 314385.0, -241.5, 11393.75, -66518.46419263881, 2309], "-8": [5551, 1640.0, 118492.0, -328.5, 6486.75, -44099.9266521425, 1373], "4": [55422, -13244.0, 485770.0, 177.0, 62149.5, 219099.64156652795, 8818], "5": [31196, -6666.0, 436116.0, -336.5, 34888.75, 154578.8505103119, 4929], "-9": [2755, 818.0, 55274.0, -20.5, 3240.75, -24615.743256107104, 685], "-10": [1473, 742.0, 55362.0, -87.5, 1734.25, -14608.47459778476, 387], "-11": [740, 402.0, 24986.0, -7.0, 873.0, -8089.7388410572685, 200], "-12": [570, 527.0, 28049.0, -36.5, 668.25, -7221.486386213793, 179], "6": [18065, -5252.0, 151410.0, 95.0, 20258.0, 107623.08849538396, 2691], "7": [9318, -2720.0, 163548.0, 39.0, 10325.5, 64886.91661619256, 1328], "8": [5308, -2223.0, 24279.0, -86.5, 5746.75, 42181.432215408655, 693], "9": [2698, -977.0, 14361.0, 138.0, 3008.0, 24124.68985911202, 383], "10": [1366, -533.0, 8295.0, 11.5, 1503.25, 13566.977927141079, 174], "11": [672, -306.0, 3694.0, -2.5, 696.25, 7348.476479016857, 76], "12": [570, -306.0, 1406.0, 2.5, 645.75, 7176.824917810119, 63]}, "pog2_rc": {"12": [153733, -14335.0, 2360175.0, -1686.0, 174060.0, 108296.40839126079, 27920], "11": [113659, -9962.0, 2650564.0, -375.0, 128681.0, 92327.08867725673, 20613], "14": [80549, -10092.0, 982156.0, -212.0, 91097.5, 117365.09498178621, 14245], "9": [114826, -7611.0, 1836825.0, -914.5, 130229.25, 53419.2455909942, 21384], "7": [106222, -7682.0, 1617078.0, -1101.0, 120269.0, 10701.219565094283, 19730], "10": [116422, -10449.0, 1466247.0, -924.5, 132036.25, 73923.87346649468, 21331], "8": [110352, -11517.0, 1386563.0, -1355.0, 124809.0, 33356.16385689496, 20116], "6": [100649, -5570.0, 1482314.0, -1275.0, 114967.5, -11233.25215074139, 18948], "5": [94333, -4863.0, 1582843.0, -1254.5, 107070.25, -33256.441028648995, 17756], "4": [87615, -3868.0, 1141046.0, -1337.0, 100040.0, -53031.5041570955, 16947], "3": [80599, -1974.0, 1299820.0, -1719.5, 92247.25, -71390.56819715339, 15731], "2": [73095, -1067.0, 1029131.0, -663.5, 83393.75, -86232.44432131613, 14470], "1": [65821, 2344.0, 2335338.0, -1569.5, 75314.25, -97391.9207509257, 13076], "0": [58726, 2312.0, 1211474.0, -1119.5, 67484.25, -106431.5561431148, 11948], "16": [52198, -8802.0, 512698.0, -802.5, 58703.75, 105690.14404109868, 8986], "15": [65459, -10567.0, 685785.0, -473.5, 74040.25, 113903.45072531489, 11274], "18": [31358, -6160.0, 324556.0, -85.5, 35282.25, 81039.03481834926, 5185], "19": [23908, -4326.0, 292136.0, -269.0, 26910.5, 68361.93095007916, 3900], "22": [9514, -1852.0, 100198.0, 112.0, 10676.0, 35280.025251462845, 1564], "21": [13273, -2808.0, 146684.0, 77.5, 14932.25, 45816.54399097416, 2144], "20": [17901, -3972.0, 150828.0, 63.5, 19915.25, 55888.71155835743, 2923], "17": [40821, -6895.0, 518207.0, -189.5, 45834.75, 94246.96554411604, 6909], "13": [94655, -11828.0, 1268116.0, -852.0, 107076.5, 115413.05215907714, 16819], "-1": [50911, 205.0, 675477.0, -926.5, 57898.75, -109603.75642963786, 10348], "-3": [37105, 3529.0, 1682561.0, -1182.5, 42661.25, -105800.12756801445, 7740], "-2": [44102, 3273.0, 851149.0, -1340.5, 50681.75, -109791.9104854341, 9301], "-4": [30833, 3921.0, 1630203.0, -817.5, 35389.75, -98892.09730419118, 6648], "-5": [25330, 3665.0, 574351.0, -881.5, 29211.75, -91020.87737596234, 5577], "-7": [16170, 3554.0, 389154.0, -353.5, 18892.75, -69801.85017569091, 3749], "-6": [20663, 2960.0, 431608.0, -377.5, 23958.75, -81759.871918737, 4599], "-10": [7314, 1817.0, 155761.0, -194.5, 8434.75, -40149.56119104476, 1718], "-12": [3892, 1230.0, 92354.0, -69.5, 4582.75, -24299.651608345066, 952], "-13": [2762, 715.0, 54371.0, -123.5, 3189.25, -18298.132414227908, 677], "-15": [1323, 948.0, 132952.0, -46.5, 1628.25, -9869.74260780153, 361], "-17": [596, 277.0, 19965.0, -31.0, 717.5, -4757.081630176065, 158], "-18": [419, 175.0, 8971.0, -33.5, 470.75, -3430.7640430908114, 113], "-11": [5400, 1980.0, 200238.0, -206.5, 6256.25, -31694.07872780394, 1356], "-14": [1932, 1719.0, 1043805.0, -42.5, 2355.75, -13495.697443953215, 500], "-16": [936, 65.0, 10029.0, -16.0, 1090.0, -7183.889570578877, 205], "-8": [12734, 2160.0, 286192.0, -326.0, 14630.5, -60214.28947036983, 2910], "-9": [9633, 1510.0, 170156.0, -270.5, 11223.75, -49218.63071461565, 2181], "-19": [210, 127.0, 7257.0, -9.5, 261.75, -1817.6696329956198, 55], "-20": [154, 145.0, 6211.0, 0.5, 205.25, -1437.3160261320306, 51], "24": [4861, -1125.0, 37515.0, 30.5, 5498.25, 20864.691255974405, 794], "23": [6983, -1873.0, 54651.0, 52.5, 7820.75, 28056.92175254451, 1091], "26": [2324, -533.0, 21635.0, 50.0, 2625.5, 11159.254736558176, 367], "25": [3426, -892.0, 36412.0, -143.5, 3816.75, 15844.57122715817, 507], "30": [364, -166.0, 1674.0, -22.5, 392.75, 2233.38355683868, 44], "29": [654, -333.0, 1527.0, -27.5, 684.75, 3767.7631167827612, 78], "28": [996, -381.0, 3679.0, 23.0, 1146.0, 5359.66627351937, 143], "27": [1558, -693.0, 5655.0, -38.0, 1660.0, 8019.8544612917785, 200], "31": [248, -84.0, 884.0, 1.5, 276.75, 1504.9758564867418, 38], "32": [134, -35.0, 1169.0, -1.5, 139.75, 885.4064939238324, 20], "-21": [87, 57.0, 3929.0, -30.0, 81.5, -818.4704477504965, 24], "-23": [22, 17.0, 937.0, -1.0, 25.0, -207.7610505983353, 5], "-22": [35, 31.0, 1081.0, -3.5, 53.25, -331.781462511347, 11], "34": [35, -16.0, 150.0, -3.0, 44.5, 260.71143608450285, 4], "33": [84, -60.0, 132.0, -1.0, 84.0, 580.3159506899851, 6], "36": [12, -8.0, 20.0, -3.5, 11.25, 74.76508751155956, 1], "35": [27, -15.0, 51.0, 6.0, 37.0, 186.9238181707232, 3], "-25": [11, 4.0, 118.0, 0.5, 9.25, -112.91679740555617, 3], "-24": [10, 29.0, 925.0, 5.0, 23.0, -106.1354381110512, 5], "37": [5, -5.0, 5.0, 0.0, 4.0, 29.83705641391374, 0], "38": [5, -5.0, 5.0, -0.5, 4.25, 35.495873564675314, 0], "-26": [3, -3.0, 3.0, 2.0, 2.0, -24.56098905923467, 0], "39": [3, -3.0, 3.0, -2.0, 2.0, 23.75141632665043, 0], "40": [1, -1.0, 1.0, 0.0, 0.0, 8.357142857142858, 0], "-27": [3, -3.0, 3.0, -3.0, 3.0, -31.424877344877345, 0], "-29": [2, 2.0, 10.0, -2.0, 2.0, -21.73590164750386, 1]}, "ko_rc": {"-24": [120513, -4324.0, 2092948.0, -1697.0, 137739.5, -91684.54551723611, 23224], "-25": [64586, -303.0, 1141979.0, -819.0, 73724.5, -90904.36129483223, 12781], "-22": [81869, -945.0, 1196199.0, -1272.0, 93284.5, -88725.70378311646, 16197], "-23": [78796, -1534.0, 1268996.0, -1321.0, 89228.5, -89854.05514060435, 15348], "-21": [82654, -406.0, 1462104.0, -1414.5, 94254.75, -84406.12308045592, 16146], "-19": [82006, -989.0, 1295103.0, -433.0, 94460.5, -76113.60786376242, 16136],