{"kind": "pog_count_curves", "rules": "RIDE_FREE", "penetration": 0.75, "paytable": [3.0, 10.0, 30.0, 60.0, 100.0, 300.0, 1000.0], "arm": "farm", "customs": {"pog2_rc": {"tags": {"1": -1, "2": 0, "3": 1, "4": 1, "5": 0, "6": 1, "7": 1, "8": 0, "9": 0, "10": -1}, "bump": 2, "sign": 1}, "ko_rc": {"tags": {"1": -1, "2": 1, "3": 1, "4": 1, "5": 1, "6": 1, "7": 1, "8": 0, "9": 0, "10": -1}, "bump": 1, "sign": 0}, "simple_rc": {"tags": {"1": -1, "2": 1, "3": 1, "4": 1, "5": 0, "6": 1, "7": 1, "8": 0, "9": 0, "10": -1}, "bump": 1, "sign": 0}}, "seed": 19500000001, "rounds": 2000000, "pog_total": -110240.0, "main_total": -22920.0, "signals": {"hilo_tc": {"0": [528395, -34418.0, 8756880.0, -5909.0, 601890.5, -2937.4689906373687, 99342], "-1": [341861, -6963.0, 5585423.0, -4473.5, 389607.75, -320566.2880337016, 66774], "-2": [182780, 7179.0, 4421817.0, -3633.5, 209098.25, -356685.06551756087, 37223], "-3": [100921, 6661.0, 3040875.0, -1879.0, 115243.5, -297816.9005647301, 20963], "-4": [57543, 6655.0, 1048685.0, -1313.5, 66351.75, -227458.51469484688, 12527], "-5": [31887, 7227.0, 1866711.0, -654.5, 37597.25, -157893.72494014108, 7233], "-6": [18578, 3235.0, 403829.0, -546.0, 21546.0, -110681.04768783353, 4218], "-8": [5402, 2165.0, 130645.0, -181.5, 6402.75, -42870.89135834457, 1437], "-9": [2542, 407.0, 27999.0, -172.5, 2901.75, -22728.166649762155, 626], "-10": [1363, 478.0, 33534.0, -81.0, 1627.0, -13504.34454003067, 344], "-11": [714, 226.0, 13768.0, -20.5, 836.75, -7801.702085501733, 176], "-12": [530, 447.0, 25489.0, -7.0, 634.5, -6670.3207593104025, 161], "1": [320567, -30729.0, 5910921.0, -2848.0, 363478.5, 301738.4752242913, 58106], "2": [175559, -25538.0, 2157766.0, -838.0, 197812.5, 342527.5433874057, 30542], "3": [97522, -18354.0, 1235410.0, -371.5, 109803.75, 287605.74799775105, 16227], "-7": [9453, 1470.0, 210014.0, -253.5, 10835.25, -65830.06522025599, 2163], "4": [55343, -12314.0, 725092.0, -44.5, 62255.75, 218750.0340984594, 8836], "5": [30937, -6620.0, 415676.0, -222.5, 34548.75, 153174.8232708305, 4892], "6": [17957, -4985.0, 231757.0, 143.0, 19973.0, 107064.04981597076, 2676], "7": [9261, -2572.0, 75612.0, 69.0, 10371.5, 64478.50469693894, 1425], "9": [2718, -1021.0, 29425.0, 42.0, 3006.0, 24300.5997682943, 338], "10": [1402, -362.0, 12376.0, 87.0, 1555.0, 13883.777254960984, 213], "11": [690, -254.0, 5732.0, 20.0, 784.5, 7533.501601473198, 91], "12": [604, -320.0, 2240.0, 18.5, 648.25, 7630.394293045074, 64], "8": [5471, -1940.0, 38840.0, 150.0, 6115.0, 43482.18103254646, 742]}, "pog2_rc": {"12": [154285, -14783.0, 2130409.0, -1631.5, 175352.75, 108261.29697725367, 28242], "9": [116041, -7479.0, 1981517.0, -989.5, 131756.75, 54456.41313591111, 21614], "6": [100792, -4477.0, 2569653.0, -1666.0, 114185.0, -10877.906541552939, 18935], "4": [87853, -2813.0, 2260039.0, -814.5, 100143.25, -52665.52919022262, 16972], "5": [95101, -2520.0, 1461448.0, -731.5, 108928.75, -33756.530718144015, 18497], "8": [111553, -9825.0, 1941161.0, -1841.5, 126231.25, 32947.97441651635, 20399], "1": [65184, 2075.0, 1348989.0, -915.5, 74694.25, -96805.34764537396, 13186], "2": [73190, -296.0, 1319960.0, -1037.0, 83865.0, -85923.21162256962, 14432], "3": [80824, -1002.0, 1416238.0, -1318.0, 91877.5, -71157.26908349869, 15885], "0": [58040, 1615.0, 1007803.0, -747.5, 66119.75, -105059.58732506173, 11852], "-4": [30563, 4236.0, 1822302.0, -738.5, 34892.25, -97332.12123371114, 6552], "-5": [24863, 3967.0, 1541189.0, -578.5, 28776.25, -88379.22394072545, 5505], "-6": [20296, 3419.0, 482271.0, -480.0, 23521.0, -79687.6218773393, 4466], "-7": [15947, 2810.0, 279952.0, -473.0, 18567.0, -68646.64912016499, 3646], "-8": [12229, 1784.0, 193420.0, -323.0, 14214.0, -57258.040215091954, 2781], "-9": [9522, 1523.0, 234215.0, -297.5, 11112.25, -48537.865964066965, 2144], "-12": [3900, 694.0, 68360.0, -116.5, 4543.75, -24073.23361854158, 910], "-13": [2810, 798.0, 56044.0, -97.0, 3264.5, -18154.052688094172, 705], "-10": [7274, 1638.0, 309032.0, -195.5, 8410.25, -39582.34748781746, 1643], "-14": [1985, 364.0, 31954.0, -50.5, 2295.75, -13812.300054886913, 469], "-11": [5272, 1149.0, 98901.0, -196.5, 6092.25, -30554.610318039286, 1241], "-3": [36578, 4186.0, 1587122.0, -508.5, 42205.25, -104308.62811576024, 7845], "7": [106055, -7276.0, 1653018.0, -1309.5, 120882.25, 11502.108313560382, 19845], "-1": [50147, 3687.0, 902385.0, -1040.5, 57621.75, -108110.07078525356, 10463], "-2": [42881, 1786.0, 674886.0, -352.0, 49295.5, -106478.02968939407, 8838], "10": [117836, -12342.0, 1545296.0, -1488.0, 132848.0, 74686.9647137174, 21442], "11": [114140, -14666.0, 1300444.0, -367.0, 129572.5, 93599.08224512525, 20464], "13": [93704, -12953.0, 1142869.0, -717.0, 106243.0, 115513.56080089913, 16492], "16": [52065, -6602.0, 790402.0, -310.5, 58663.25, 104919.8557439973, 9072], "15": [65335, -10850.0, 814474.0, -502.0, 73268.0, 114677.4803689533, 11178], "14": [79558, -9048.0, 1185628.0, -8.5, 90582.75, 117059.35758196362, 14216], "17": [41073, -7303.0, 539869.0, -691.5, 45994.75, 94142.82918053666, 6846], "19": [24210, -4237.0, 265625.0, -180.0, 27148.0, 69187.24150853345, 4090], "18": [32086, -6050.0, 402024.0, -40.5, 36256.75, 82817.37822053184, 5332], "21": [13425, -2516.0, 307622.0, 69.5, 15158.75, 45879.59818366042, 2148], "22": [9717, -2224.0, 88500.0, 74.0, 10935.5, 35841.27959190544, 1558], "23": [6981, -1347.0, 68639.0, -70.0, 7860.0, 27414.114013023755, 1174], "20": [18368, -3286.0, 357054.0, -144.0, 20626.5, 57999.97145154136, 3044], "25": [3453, -751.0, 32283.0, 91.0, 3954.0, 15542.031329017209, 547], "-15": [1341, 293.0, 16963.0, -66.5, 1549.75, -9778.065411355536, 329], "-18": [371, 163.0, 6317.0, -14.5, 440.75, -3157.5986011397626, 103], "-16": [909, 91.0, 7037.0, -14.0, 1100.0, -6991.427831709036, 220], "26": [2142, -234.0, 38838.0, 12.0, 2461.0, 10280.794635076223, 344], "24": [4957, -1372.0, 37108.0, -105.5, 5526.25, 21124.354899888614, 747], "27": [1462, -318.0, 20998.0, 2.5, 1653.25, 7391.786924013643, 226], "28": [901, -257.0, 8947.0, 25.0, 988.5, 4824.662628264788, 128], "29": [614, -209.0, 2723.0, 1.0, 692.0, 3432.163022981314, 92], "-19": [239, -14.0, 1680.0, -3.5, 285.75, -2088.552928968519, 50], "-17": [590, 305.0, 13179.0, -24.5, 697.25, -4803.7946644817885, 165], "-21": [90, 143.0, 4135.0, 14.5, 133.25, -891.5646380039265, 37], "-22": [51, 16.0, 262.0, -1.0, 73.0, -503.7059985074962, 16], "-26": [7, -3.0, 15.0, 3.5, 10.25, -80.2331149399644, 1], "-23": [23, 16.0, 178.0, 1.0, 19.0, -214.05230868631224, 9], "-27": [3, -3.0, 3.0, 0.0, 2.0, -35.57152716158927, 0], "-29": [1, -1.0, 1.0, -1.0, 1.0, -16.21505376344086, 0], "-31": [1, 3.0, 9.0, -1.0, 1.0, -18.31818181818182, 1], "-20": [139, 215.0, 13463.0, -13.5, 184.75, -1236.0447147478844, 51], "30": [401, -66.0, 6530.0, -19.0, 465.0, 2431.7817330419666, 60], "31": [253, -127.0, 1419.0, 26.0, 280.5, 1581.8446367433503, 26], "32": [138, -36.0, 1256.0, -12.0, 143.0, 909.4733919643833, 20], "-24": [12, -4.0, 28.0, -4.5, 10.25, -149.24299347535643, 2], "-25": [8, 112.0, 10122.0, 4.0, 18.0, -86.77786116097874, 9], "35": [38, -34.0, 46.0, 4.0, 39.0, 289.92376563496106, 1], "34": [47, 15.0, 1085.0, -1.0, 48.0, 321.597821649277, 10], "33": [96, -1.0, 1123.0, 6.5, 112.75, 666.5943229115518, 19], "37": [6, -6.0, 6.0, 2.5, 7.25, 49.429797149522614, 0], "38": [4, -4.0, 4.0, -3.0, 3.0, 31.96912217745158, 0], "36": [16, -4.0, 40.0, -2.0, 16.0, 119.45901778587158, 3], "40": [3, -3.0, 3.0, -1.0, 3.0, 24.446146232189832, 0], "39": [1, -1.0, 1.0, -1.0, 1.0, 7.654822335025381, 0]}, "ko_rc": {"-24": [120412, -2224.0, 3024448.0, -2075.5, 137636.75, -90142.80554110881, 23401], "-27": [41461, 2158.0, 764670.0, -565.5, 47454.75, -74061.67745872257, 8505], "-29": [23204, 1574.0, 458576.0, -292.5, 26619.25, -54689.450348014136, 4829], "-31": [12397, 2224.0, 1223796.0, -105.0, 14363.0, -35558.939292786155, 2645], "-26": [53524, 1142.0, 988574.0, -1252.0, 60970.0, -83045.76922640049, 10844],