{"kind": "pog_count_curves", "rules": "RIDE_FREE", "penetration": 0.75, "paytable": [3.0, 10.0, 30.0, 60.0, 100.0, 300.0, 1000.0], "arm": "farm", "customs": {"pog2_rc": {"tags": {"1": -1, "2": 0, "3": 1, "4": 1, "5": 0, "6": 1, "7": 1, "8": 0, "9": 0, "10": -1}, "bump": 2, "sign": 1}, "ko_rc": {"tags": {"1": -1, "2": 1, "3": 1, "4": 1, "5": 1, "6": 1, "7": 1, "8": 0, "9": 0, "10": -1}, "bump": 1, "sign": 0}, "simple_rc": {"tags": {"1": -1, "2": 1, "3": 1, "4": 1, "5": 0, "6": 1, "7": 1, "8": 0, "9": 0, "10": -1}, "bump": 1, "sign": 0}}, "seed": 20000000001, "rounds": 2000000, "pog_total": -109760.0, "main_total": -25270.5, "signals": {"hilo_tc": {"0": [524949, -27085.0, 10326541.0, -7462.5, 596975.75, -2471.2308601947034, 98795], "1": [319872, -32316.0, 4440594.0, -2813.5, 362016.25, 300802.844797444, 58041], "3": [96799, -16338.0, 1312868.0, -579.0, 108672.5, 285861.2362723935, 16333], "2": [174007, -23954.0, 1918802.0, -730.5, 196967.75, 339678.892777277, 30711], "4": [55795, -10909.0, 678727.0, 153.5, 62666.25, 220727.7694807716, 9069], "6": [18158, -5134.0, 146640.0, 86.5, 20265.75, 108123.3080839335, 2701], "7": [9185, -2969.0, 62409.0, 28.0, 10204.0, 63937.78355772899, 1322], "8": [5276, -1520.0, 48858.0, 173.0, 5931.5, 41965.324566019124, 762], "-1": [340941, -8995.0, 5680513.0, -3892.0, 389300.0, -320216.5238083617, 66067], "-2": [184389, 5452.0, 4277154.0, -3510.5, 210996.25, -359575.0062312433, 37324], "-3": [102290, 6465.0, 1929189.0, -2425.0, 117615.5, -301861.72455470485, 21473], "-4": [59376, 4529.0, 1060681.0, -1503.0, 68381.0, -234659.9825628173, 12555], "-5": [32425, 4120.0, 545996.0, -1233.5, 37550.75, -160432.69345490675, 7187], "-6": [18880, 3736.0, 426296.0, -628.5, 22027.75, -112569.44414999131, 4411], "5": [31301, -7999.0, 357725.0, -143.5, 34989.25, 154982.33643086057, 4807], "-7": [9580, 1362.0, 138292.0, -349.5, 10967.75, -66674.85705662871, 2219], "-8": [5671, 1879.0, 125713.0, -114.5, 6635.25, -45098.297307154535, 1430], "10": [1380, -405.0, 10267.0, -11.5, 1519.75, 13702.950309856897, 200], "-9": [2774, 787.0, 50339.0, -61.0, 3215.5, -24788.039858534874, 704], "9": [2667, -803.0, 27751.0, -18.0, 2982.0, 23836.532485063723, 383], "11": [706, -340.0, 3420.0, -10.5, 790.75, 7714.937523070963, 79], "12": [653, -363.0, 2147.0, -2.5, 680.75, 8261.960796194424, 67], "-10": [1523, 614.0, 47262.0, -110.0, 1789.5, -15100.94926572308, 386], "-11": [744, 154.0, 8034.0, -51.5, 823.75, -8129.306359000024, 188], "-12": [659, 272.0, 10424.0, -61.0, 771.5, -8341.826139982582, 192]}, "pog2_rc": {"12": [153609, -11012.0, 3183392.0, -1053.0, 174368.0, 107337.54377031076, 28336], "11": [114348, -9173.0, 1865151.0, -1825.0, 129944.5, 93668.17445422703, 20847], "10": [117517, -8008.0, 1991920.0, -1226.0, 133694.0, 73688.6177587804, 21759], "9": [114048, -10059.0, 1695199.0, -1818.5, 128679.75, 54119.05501434437, 20920], "15": [65341, -8883.0, 918515.0, -1001.0, 73626.0, 113858.36585882837, 11407], "13": [93571, -11776.0, 1078358.0, -749.0, 105667.0, 114836.04444667506, 16680], "8": [110178, -10174.0, 1420084.0, -893.0, 124845.0, 32635.888066232466, 20408], "19": [24301, -5597.0, 297691.0, -298.0, 27093.5, 69778.15739314319, 3852], "17": [41862, -5543.0, 583203.0, -255.5, 46907.25, 95998.35496924087, 7294], "18": [31932, -6457.0, 366559.0, -115.0, 35930.5, 81868.73010012489, 5311], "16": [52245, -7007.0, 673007.0, -270.0, 59296.0, 105207.50380617309, 9141], "14": [79298, -11110.0, 1032638.0, -617.5, 89611.75, 117347.88263993709, 13901], "6": [100213, -6102.0, 1458494.0, -749.5, 114344.75, -11795.44992509699, 18822], "7": [104974, -7654.0, 1559654.0, -774.0, 119570.5, 10797.267643826588, 19501], "5": [94031, -2850.0, 1665552.0, -1660.0, 106635.5, -34230.59638375595, 18045], "2": [73901, -1508.0, 1217256.0, -885.5, 84730.25, -87691.83688656738, 14413], "1": [66326, 641.0, 1264029.0, -1032.0, 75861.5, -99054.10327625931, 13277], "0": [58559, 2760.0, 1926326.0, -603.5, 67132.75, -107210.37787292297, 11950], "3": [81257, -458.0, 1578142.0, -998.0, 92988.5, -72565.94343064431, 15789], "4": [87928, -1058.0, 2476468.0, -1369.0, 100308.0, -54350.859536297765, 17044], "-2": [43973, 2802.0, 830134.0, -1088.5, 50693.25, -109785.97004254432, 9255], "-3": [37138, 1551.0, 521081.0, -914.0, 42388.5, -106086.44131346395, 7795], "-4": [30565, 1580.0, 442850.0, -914.5, 34908.75, -98564.33424576, 6455], "-7": [16344, 2409.0, 296195.0, -450.5, 18708.25, -71208.18905678389, 3629], "-9": [9567, 1712.0, 170328.0, -100.5, 11244.75, -49144.2831317265, 2199], "-5": [25246, 1278.0, 357334.0, -622.5, 28959.75, -90645.62720156764, 5361], "-1": [51031, 2182.0, 812324.0, -1236.5, 58303.25, -110353.04197116099, 10523], "-6": [20281, 3077.0, 449495.0, -463.0, 23574.5, -80407.31150049332, 4509], "-8": [12607, 2144.0, 292296.0, -355.5, 14912.25, -59384.86417531152, 2905], "-11": [5378, 1281.0, 116805.0, -140.5, 6428.75, -31784.265861713313, 1268], "-12": [3856, 1306.0, 93500.0, -234.0, 4530.0, -24233.986935481495, 971], "-10": [7065, 1072.0, 124324.0, -290.5, 8187.75, -38914.344154837505, 1600], "21": [13256, -2224.0, 147768.0, -32.5, 14976.25, 45442.296386367416, 2241], "20": [18631, -4045.0, 163605.0, 183.5, 21001.75, 58960.296621092006, 3054], "22": [9739, -2268.0, 105176.0, 63.5, 11115.75, 35966.03496974069, 1530], "24": [4809, -984.0, 55634.0, -111.0, 5345.0, 20842.00955941329, 757], "25": [3465, -740.0, 110882.0, 6.5, 3828.75, 15891.6638535354, 536], "23": [6868, -1739.0, 68875.0, -63.0, 7725.5, 27552.638402141372, 1043], "26": [2318, -614.0, 15852.0, -34.0, 2564.5, 11239.550064902958, 367], "27": [1536, -271.0, 22025.0, 39.0, 1701.0, 7939.68137085011, 242], "-13": [2673, 927.0, 54357.0, -129.5, 3125.25, -17914.19948185486, 688], "-15": [1272, 174.0, 15348.0, -101.0, 1399.5, -9595.361223873251, 299], "33": [84, -33.0, 263.0, 19.0, 89.5, 544.7381723957853, 12], "30": [431, -107.0, 3215.0, -21.5, 504.25, 2499.1031231117995, 67], "28": [952, -291.0, 6017.0, 0.0, 1045.0, 5148.7447824268575, 139], "-14": [1913, 594.0, 39390.0, -13.0, 2230.0, -13719.902807435972, 482], "-17": [608, 388.0, 21334.0, -26.0, 724.5, -5118.648669242924, 165], "-19": [224, 157.0, 3805.0, 10.0, 276.5, -2043.221290185232, 78], "-16": [901, 468.0, 32512.0, 8.0, 1056.5, -7089.04703968717, 251], "29": [589, -329.0, 2177.0, -16.0, 608.5, 3411.969759167796, 58], "31": [266, -72.0, 4362.0, 1.0, 280.0, 1633.729739058882, 35], "-20": [140, -20.0, 380.0, -12.5, 151.75, -1273.3226976136973, 30], "-18": [376, 12.0, 2980.0, -29.5, 420.75, -3288.2236636643975, 86], "32": [144, -66.0, 454.0, 4.5, 161.25, 897.5043258545224, 18], "37": [6, -2.0, 14.0, 5.0, 10.5, 45.06662856813736, 1], "35": [12, -8.0, 20.0, 2.5, 14.75, 82.86241295250413, 1], "34": [36, -5.0, 175.0, -4.0, 35.5, 250.56353963222904, 7], "-21": [91, -24.0, 302.0, -9.0, 94.0, -862.1211172738831, 16], "-22": [64, 19.0, 1067.0, -2.0, 71.5, -645.6296572904307, 16], "-23": [38, -14.0, 86.0, -2.0, 41.0, -380.16270649958665, 6], "-24": [16, -4.0, 40.0, -3.0, 19.0, -172.84161691678736, 3], "-26": [9, 3.0, 33.0, 1.0, 13.0, -99.86136708342731, 3], "-27": [7, 5.0, 31.0, 1.0, 5.0, -89.2094957022157, 3], "36": [11, -11.0, 11.0, -3.0, 9.0, 75.75234452668212, 0], "38": [3, -3.0, 3.0, 1.0, 3.0, 21.405337214944204, 0], "-25": [17, 2.0, 132.0, 2.0, 10.0, -156.66047368607906, 4], "-28": [4, 0.0, 12.0, -3.0, 3.0, -60.83505079249337, 1], "39": [1, -1.0, 1.0, 1.0, 1.0, 9.873417721518988, 0]}, "ko_rc": {"-24": [120725, -2258.0, 2230636.0, -1678.5, 137182.75, -91904.21003272028, 23381], "-21": [83211, -1758.0, 1277138.0, -1448.0, 95080.5, -86250.46047741194, 16188], "-20": [83248, -2618.0, 1128492.0, -1346.0, 94918.0, -81330.38863809251, 16351], "-18": [81707, -1583.0, 2100469.0, -1718.0, 92798.0, -69256.38716945975, 15827], "-13": [74333, -4276.0, 922674.0, -675.5, 84841.25, -19840.16827044368, 14177], "-14": [76477, -2604.0, 1277498.0, -963.0, 87250.0, -32810.51606873733, 14711], "-16": [79521, -2172.0, 1372602.0, -1517.0, 90635.0, -54291.06211619247, 15254],