{"kind": "pog_count_curves", "rules": "RIDE_FREE", "penetration": 0.75, "paytable": [3.0, 10.0, 30.0, 60.0, 100.0, 300.0, 1000.0], "arm": "farm", "customs": {"pog2_rc": {"tags": {"1": -1, "2": 0, "3": 1, "4": 1, "5": 0, "6": 1, "7": 1, "8": 0, "9": 0, "10": -1}, "bump": 2, "sign": 1}, "ko_rc": {"tags": {"1": -1, "2": 1, "3": 1, "4": 1, "5": 1, "6": 1, "7": 1, "8": 0, "9": 0, "10": -1}, "bump": 1, "sign": 0}, "simple_rc": {"tags": {"1": -1, "2": 1, "3": 1, "4": 1, "5": 0, "6": 1, "7": 1, "8": 0, "9": 0, "10": -1}, "bump": 1, "sign": 0}}, "seed": 20100000001, "rounds": 2000000, "pog_total": -117463.0, "main_total": -25630.0, "signals": {"hilo_tc": {"0": [524577, -30046.0, 9157952.0, -6569.5, 596180.25, -2383.821232816443, 98823], "1": [323109, -32600.0, 4593872.0, -2848.5, 366497.75, 304000.60125388426, 58624], "2": [176462, -23297.0, 2405741.0, -1375.5, 199428.25, 344483.5810571351, 30987], "3": [98544, -17764.0, 1046654.0, -392.5, 110415.25, 290767.5909937457, 16545], "4": [56504, -12764.0, 711042.0, 161.5, 63562.75, 223289.24335752917, 8955], "6": [18014, -4495.0, 346679.0, 291.5, 20250.75, 107290.93864785216, 2709], "7": [9085, -2919.0, 66307.0, 72.0, 10280.0, 63184.9677903964, 1290], "5": [30999, -7924.0, 274868.0, 104.5, 34485.25, 153513.3297102927, 4752], "-1": [339401, -11366.0, 6392206.0, -5748.0, 386054.5, -318303.08285733283, 65470], "-2": [182154, 859.0, 3113575.0, -3509.5, 208772.75, -355464.4325725743, 36412], "-3": [101621, 7607.0, 1848515.0, -2179.5, 116761.75, -299880.5331262711, 21519], "-4": [57720, 6140.0, 983656.0, -1591.0, 66540.0, -228129.04944592455, 12517], "-5": [31920, 5379.0, 635181.0, -829.5, 36987.75, -158027.8840053975, 7313], "-6": [18760, 3014.0, 332044.0, -447.0, 21511.0, -111801.86012220167, 4260], "-7": [9627, 3268.0, 233600.0, -304.0, 11368.0, -67022.312077144, 2427], "8": [5282, -2047.0, 30787.0, 76.5, 5892.75, 41986.25172716609, 697], "9": [2581, -705.0, 40357.0, 8.0, 2860.0, 23109.1241312043, 357], "10": [1470, -556.0, 10004.0, -57.0, 1574.5, 14598.565532400968, 187], "12": [564, -353.0, 1063.0, -35.0, 568.5, 7168.874334491891, 52], "11": [712, -401.0, 2479.0, 21.0, 795.5, 7789.360384428915, 70], "-8": [5507, 2098.0, 154366.0, -140.5, 6597.25, -43734.456956728995, 1415], "-9": [2683, 750.0, 49918.0, -154.5, 3066.25, -24002.651973898228, 671], "-10": [1415, 163.0, 14933.0, -70.5, 1603.25, -14048.717542014729, 331], "-12": [551, 61.0, 5287.0, -47.0, 631.0, -7029.170611851155, 129], "-11": [738, 435.0, 19317.0, -66.0, 808.5, -8066.712834316897, 220]}, "pog2_rc": {"12": [153678, -14570.0, 2313608.0, -1182.0, 174195.0, 107418.10166842618, 27898], "10": [117861, -11345.0, 1787507.0, -1209.5, 133707.25, 75513.25956170022, 21440], "9": [115471, -8415.0, 1857761.0, -1427.0, 130918.5, 55649.26722939531, 21435], "15": [65072, -9497.0, 803511.0, -566.0, 73274.0, 113027.28812867205, 11351], "13": [93828, -11934.0, 1210302.0, -1319.5, 105793.75, 115608.88061941946, 16742], "14": [79410, -10425.0, 1120149.0, -834.0, 89408.0, 118205.08468932234, 13916], "18": [32048, -5597.0, 435395.0, -277.5, 35797.75, 82461.57825761431, 5303], "20": [18210, -3082.0, 291948.0, -177.0, 20433.0, 56750.49664669424, 3012], "19": [24314, -5181.0, 308639.0, -193.5, 27212.75, 68735.67425712783, 3947], "21": [13388, -2946.0, 231452.0, -14.0, 14920.0, 45395.81092603162, 2060], "17": [41027, -5573.0, 677313.0, -563.5, 46466.75, 93730.9892432026, 6975], "11": [114200, -9959.0, 1547207.0, -506.0, 129844.0, 93270.74571393544, 21002], "8": [110928, -9513.0, 1490241.0, -1262.5, 125635.25, 33734.68850971645, 20608], "7": [106513, -9953.0, 1395733.0, -995.5, 121137.25, 13625.534628782269, 19630], "5": [93991, -4448.0, 1513148.0, -600.5, 107195.25, -31655.05512877888, 17923], "3": [80172, -763.0, 2422279.0, -1522.5, 91177.25, -69807.37782736667, 15623], "2": [73104, 709.0, 1104251.0, -1376.5, 83458.75, -84644.9895157882, 14552], "1": [65722, -1265.0, 902463.0, -1242.0, 75015.5, -96856.44018835948, 13049], "0": [58079, 272.0, 1042152.0, -1773.0, 66279.0, -105094.51911515695, 11601], "-3": [36522, 2130.0, 525958.0, -557.0, 42141.0, -103066.47718352909, 7721], "-4": [30740, 2697.0, 618511.0, -783.5, 35331.25, -97974.23247883868, 6628], "-5": [24959, 2744.0, 417152.0, -521.0, 28695.5, -88810.5708320672, 5471], "-8": [12729, 2178.0, 238508.0, -248.0, 14721.0, -60036.156624598596, 2890], "-10": [7251, 2023.0, 164723.0, -360.0, 8284.0, -39544.93263559105, 1737], "-11": [5356, 1059.0, 90265.0, -253.0, 6209.0, -31278.91830661908, 1274], "-14": [1974, 985.0, 59371.0, 12.0, 2371.5, -13800.078292243317, 546], "-15": [1365, 264.0, 15740.0, 31.5, 1637.25, -9997.624975346464, 342], "-16": [877, 218.0, 9860.0, -13.0, 1023.0, -6812.558389128543, 228], "-13": [2882, 1011.0, 63499.0, 54.0, 3446.0, -18947.860947028938, 750], "-9": [9769, 1448.0, 178406.0, -89.5, 11218.75, -49433.9883668802, 2192], "-2": [43323, 2239.0, 750721.0, -788.5, 49558.25, -107032.7952868334, 9012], "6": [100531, -6138.0, 2344440.0, -1484.0, 114707.5, -9624.185676797339, 18923], "-1": [50686, 1749.0, 772119.0, -714.5, 58530.25, -107557.73994631172, 10445], "-6": [20366, 3874.0, 512914.0, -748.0, 23543.5, -80293.96932043378, 4573], "-7": [16202, 2873.0, 376673.0, -555.5, 18845.25, -69879.78815961824, 3662], "4": [87487, -1858.0, 1675102.0, -986.5, 99711.25, -51245.16573740547, 16905], "16": [52543, -7172.0, 766446.0, -294.0, 59388.0, 105964.3756273869, 9065], "25": [3447, -716.0, 42100.0, -23.5, 3792.75, 15602.260383328146, 545], "27": [1635, -489.0, 10797.0, 26.5, 1813.75, 8392.249099710809, 240], "23": [7021, -1660.0, 53262.0, 6.5, 7891.75, 27764.760418779286, 1146], "22": [9635, -2656.0, 80178.0, -200.5, 10678.75, 35434.88442995173, 1463], "-12": [3926, 1212.0, 110374.0, -174.0, 4647.0, -24473.064206694085, 941], "26": [2406, -582.0, 25260.0, -2.5, 2714.25, 11441.541926403288, 364], "28": [1053, -315.0, 16213.0, 30.5, 1216.25, 5627.670125456198, 140], "30": [414, -134.0, 4528.0, -4.0, 461.0, 2532.637743626692, 58], "31": [269, -81.0, 953.0, -40.5, 268.75, 1714.1005906061184, 44], "24": [4938, -1335.0, 42149.0, 131.0, 5618.0, 20972.828875918105, 750], "-18": [385, 163.0, 7931.0, -23.5, 438.25, -3181.720473587144, 107], "29": [692, -196.0, 6306.0, -1.5, 806.75, 3963.518766975421, 105], "-17": [520, 176.0, 9738.0, -51.0, 596.0, -4288.817911161203, 134], "32": [152, -35.0, 1377.0, 0.5, 160.75, 997.9375176439564, 23], "33": [95, -55.0, 175.0, 8.5, 123.25, 665.3594069886517, 10], "35": [25, -13.0, 49.0, -6.0, 27.5, 178.95674527858682, 3], "36": [28, -8.0, 68.0, 2.5, 31.25, 226.22264649080637, 5], "-20": [171, 106.0, 4510.0, 1.0, 212.0, -1604.3090636352804, 55], "34": [51, -31.0, 91.0, 18.5, 56.75, 335.3768086014043, 5], "-19": [248, 187.0, 11857.0, 22.0, 313.0, -2153.153224754118, 72], "-21": [115, 56.0, 4088.0, -3.0, 152.0, -1078.0626568417417, 30], "-22": [67, 14.0, 460.0, 5.0, 73.0, -648.0300364967997, 18], "-23": [41, 36.0, 426.0, -11.0, 45.0, -412.2451658871481, 17], "-25": [8, 31.0, 923.0, -5.0, 7.0, -79.5802044751394, 5], "-24": [26, 10.0, 98.0, 4.5, 41.25, -285.5049037995244, 9], "-26": [10, 29.0, 925.0, 0.0, 28.0, -106.02957304452356, 5], "37": [11, 1.0, 35.0, 6.0, 20.0, 84.17599262112243, 3], "38": [4, 0.0, 12.0, 1.5, 2.25, 38.793109564897634, 1], "39": [9, -9.0, 9.0, -6.0, 8.0, 69.24576155933939, 0], "40": [6, -2.0, 14.0, -1.0, 5.0, 44.70971619387097, 1], "-27": [4, 0.0, 12.0, 0.0, 4.0, -49.11693986509973, 1], "-29": [1, -1.0, 1.0, 0.0, 0.0, -11.971223021582734, 0], "-28": [1, -1.0, 1.0, -1.0, 1.0, -12.1203007518797, 0], "-30": [1, -1.0, 1.0, 1.0, 1.0, -11.555555555555557, 0], "-32": [2, -2.0, 2.0, 0.0, 2.0, -26.693333333333335, 0], "-35": [1, -1.0, 1.0, -1.0, 1.0, -13.89655172413793, 0], "-33": [2, -2.0, 2.0, 0.0, 2.0, -29.730069692333846, 0], "-31": [2, 2.0, 10.0, 0.0, 2.0, -30.235882058970518, 1]}, "ko_rc": {"-24": [120244, -2457.0, 2139797.0, -2161.0, 136823.0, -90569.16706468974, 23337], "-26": [53564, 1758.0, 984984.0, -701.5, 61464.25, -83692.36390131274, 10854],