{"kind": "pog_count_curves", "rules": "RIDE_FREE", "penetration": 0.75, "paytable": [3.0, 10.0, 30.0, 60.0, 100.0, 300.0, 1000.0], "arm": "farm", "customs": {"pog2_rc": {"tags": {"1": -1, "2": 0, "3": 1, "4": 1, "5": 0, "6": 1, "7": 1, "8": 0, "9": 0, "10": -1}, "bump": 2, "sign": 1}, "ko_rc": {"tags": {"1": -1, "2": 1, "3": 1, "4": 1, "5": 1, "6": 1, "7": 1, "8": 0, "9": 0, "10": -1}, "bump": 1, "sign": 0}, "simple_rc": {"tags": {"1": -1, "2": 1, "3": 1, "4": 1, "5": 0, "6": 1, "7": 1, "8": 0, "9": 0, "10": -1}, "bump": 1, "sign": 0}}, "seed": 19700000001, "rounds": 2000000, "pog_total": -110121.0, "main_total": -27455.5, "signals": {"hilo_tc": {"0": [527718, -31707.0, 8106067.0, -6699.5, 598485.75, -1804.0394972478075, 99477], "1": [321625, -32676.0, 4525534.0, -4045.0, 362690.5, 302612.5071919973, 58142], "2": [174771, -23741.0, 2787135.0, -1230.5, 196469.25, 341011.03395797126, 30407], "3": [96242, -17399.0, 1111735.0, -499.0, 108094.0, 284055.0381003652, 16135], "4": [55419, -11483.0, 599669.0, -215.5, 62031.25, 218920.65751839077, 8949], "5": [30348, -7634.0, 350276.0, 135.5, 33782.25, 150156.2572903413, 4688], "6": [17760, -4773.0, 255175.0, 135.0, 19857.5, 105837.61669721034, 2632], "7": [8951, -2870.0, 74230.0, 23.5, 9944.75, 62285.553425605634, 1275], "-1": [339759, -6713.0, 7146215.0, -5734.5, 387137.75, -318585.9634166989, 65792], "-2": [184591, 3982.0, 2961426.0, -3576.5, 211154.75, -360422.22612914525, 37307], "-3": [101729, 7456.0, 2647952.0, -1701.5, 117669.25, -300215.56259517267, 21560], "-4": [58403, 6926.0, 1013408.0, -1422.5, 66752.75, -230799.25043157052, 12783], "-5": [32540, 4455.0, 704469.0, -1423.5, 37465.25, -161050.48240893063, 7236], "-6": [18624, 3677.0, 423743.0, -635.0, 21574.5, -111003.24652112849, 4339], "-7": [9690, 2439.0, 217881.0, -342.5, 11354.25, -67464.02117766342, 2294], "9": [2594, -482.0, 111430.0, 106.0, 2880.5, 23163.575359006063, 374], "8": [5269, -1894.0, 33252.0, 5.0, 5774.5, 41867.659306369926, 723], "11": [684, -373.0, 1383.0, 7.5, 766.25, 7473.539983111184, 77], "-8": [5764, 1110.0, 84484.0, -271.5, 6701.75, -45834.79300058702, 1384], "-10": [1499, 593.0, 35625.0, 0.0, 1834.0, -14897.296606395572, 396], "-11": [730, 348.0, 23082.0, -28.5, 866.75, -7985.734319185992, 200], "-12": [651, 358.0, 14834.0, -40.0, 788.0, -8174.564914000793, 187], "-9": [2742, 970.0, 56930.0, -71.5, 3312.25, -24505.638692741748, 704], "10": [1359, -562.0, 5936.0, 68.0, 1529.5, 13486.750534361303, 177], "12": [538, -128.0, 10140.0, 1.0, 618.0, 6837.950319863383, 69]}, "pog2_rc": {"12": [154142, -14445.0, 2626715.0, -1700.5, 173819.25, 108101.0504871543, 27980], "10": [117334, -8521.0, 1810515.0, -870.5, 133208.75, 75301.97367314142, 21756], "9": [115374, -9151.0, 1783805.0, -1632.5, 130558.25, 55681.61766416245, 21434], "11": [114561, -10855.0, 1530407.0, -1156.5, 129437.25, 92977.89200242053, 20944], "13": [94207, -11750.0, 1145794.0, -470.5, 106361.75, 115721.57855930549, 16839], "14": [80111, -8782.0, 1208154.0, -859.0, 90929.0, 117109.21244000521, 14324], "16": [52325, -7940.0, 720212.0, -691.0, 58438.0, 104483.29153493019, 8881], "15": [65480, -8285.0, 1008553.0, -579.0, 73876.5, 113027.8556236317, 11489], "19": [23769, -4172.0, 426428.0, -192.0, 26395.5, 67636.33345784414, 3917], "20": [17857, -3420.0, 177750.0, 59.5, 20211.25, 55823.16017505323, 2958], "17": [40852, -6452.0, 659364.0, -519.0, 45878.5, 92727.68383965011, 6857], "18": [31060, -4669.0, 442949.0, 27.5, 35000.75, 79199.24143842366, 5273], "7": [105968, -8443.0, 1694307.0, -1318.0, 119600.5, 12245.500450068448, 19516], "6": [100915, -8557.0, 1583027.0, -1729.0, 114308.0, -11529.082320447505, 18520], "8": [110778, -8784.0, 1791524.0, -1654.5, 125479.25, 34224.86981508173, 20426], "5": [94256, -1025.0, 2576967.0, -1242.0, 107489.0, -33516.71218046163, 18215], "4": [87567, -3894.0, 1298902.0, -1370.5, 99325.25, -53768.351120965126, 16783], "3": [80596, -1542.0, 1261470.0, -1276.0, 91693.0, -71816.05721777085, 15714], "2": [73347, -2292.0, 1027706.0, -1651.5, 83664.25, -87223.34442697647, 14325], "1": [65932, 140.0, 1093416.0, -1118.5, 75147.75, -98673.74029846689, 13153], "-2": [43886, 2066.0, 601426.0, -872.0, 50516.5, -109800.48494438225, 9213], "-3": [36833, 4160.0, 1525938.0, -596.0, 42289.5, -105168.16009759046, 7984], "-4": [30850, 3353.0, 608249.0, -839.0, 35484.0, -98968.9360368807, 6634], "-7": [16076, 2870.0, 370108.0, -438.5, 18354.25, -69470.56639043568, 3643], "-6": [20351, 2221.0, 317927.0, -519.0, 23610.5, -80431.09081242772, 4515], "-1": [50974, 1258.0, 859106.0, -759.5, 58550.75, -109739.84835471079, 10466], "0": [58452, 1385.0, 1080023.0, -1008.0, 66779.0, -106293.67637489388, 11719], "-5": [24901, 3118.0, 425820.0, -826.0, 28703.0, -89288.41897064749, 5464], "-8": [12477, 3305.0, 355781.0, -329.0, 14862.5, -58924.23583422494, 2985], "-10": [7271, 1787.0, 141907.0, -222.0, 8449.0, -39839.13731925032, 1766], "-9": [9573, 1652.0, 187236.0, -317.5, 10947.25, -48378.154081902445, 2160], "22": [9408, -2431.0, 70015.0, -113.0, 10498.5, 34350.005261459286, 1506], "21": [13194, -2441.0, 157767.0, -59.5, 14556.75, 45026.551088384294, 2152], "24": [4772, -914.0, 58134.0, 136.5, 5445.25, 20346.144962591374, 766], "23": [6820, -1091.0, 156965.0, -64.5, 7635.75, 26658.74501794175, 1120], "25": [3296, -630.0, 32568.0, -83.5, 3694.25, 14820.635933515037, 542], "-11": [5482, 1138.0, 99590.0, -192.0, 6378.0, -32176.372227016458, 1290], "-13": [2759, 470.0, 46970.0, -166.5, 3228.75, -18372.461813902926, 646], "27": [1511, -496.0, 14382.0, -47.0, 1681.0, 7540.535528847338, 207], "26": [2183, -502.0, 27748.0, -3.0, 2447.0, 10615.568223917764, 329], "-12": [4064, 1200.0, 166874.0, -105.5, 4672.25, -25372.364139847705, 963], "-16": [911, 269.0, 10295.0, -40.0, 1125.0, -6987.409630799366, 247], "-19": [258, 127.0, 6641.0, -27.0, 322.0, -2320.833019658915, 71], "-22": [57, 6.0, 260.0, 14.0, 79.5, -568.9232317503793, 15], "-17": [585, 353.0, 25081.0, 42.0, 751.5, -4902.047817122819, 155], "-18": [362, 223.0, 14081.0, -27.5, 422.25, -3144.021681291631, 106], "-15": [1378, 479.0, 22495.0, 21.0, 1660.0, -10221.644150104321, 374], "-14": [1961, 534.0, 31718.0, -39.0, 2321.5, -13690.188290116714, 498], "29": [601, -307.0, 1651.0, -34.0, 638.0, 3431.6359298637035, 69], "28": [946, -324.0, 4480.0, 37.5, 1080.25, 5011.725454418637, 140], "31": [252, -95.0, 797.0, -15.0, 281.5, 1589.2073728674486, 37], "30": [388, -123.0, 2977.0, -14.5, 409.75, 2234.4785291807225, 53], "33": [97, -54.0, 260.0, 7.0, 94.0, 669.3663498191426, 10], "34": [66, -16.0, 320.0, 1.0, 71.5, 478.25646033047167, 11], "-21": [95, 96.0, 3142.0, 3.0, 126.5, -881.2538889091627, 32], "32": [168, -101.0, 379.0, 0.0, 179.0, 1119.5243751471835, 16], "38": [6, -6.0, 6.0, -2.0, 4.0, 50.28503217430897, 0], "35": [27, -7.0, 67.0, 3.0, 33.0, 211.58970431852708, 5], "36": [21, -9.0, 45.0, 1.5, 23.75, 174.66328450585956, 3], "-20": [168, 116.0, 2564.0, -23.0, 204.0, -1592.9867777486204, 60], "-23": [35, 39.0, 1097.0, 0.0, 37.5, -329.3528190140097, 13], "-25": [10, 48.0, 1040.0, 4.5, 19.25, -112.10267266915103, 9], "-26": [2, -2.0, 2.0, 1.0, 1.0, -24.191069574247145, 0], "-24": [21, -1.0, 61.0, -1.0, 21.0, -231.0003697214473, 5], "37": [8, 0.0, 24.0, -1.0, 7.0, 60.033750284002956, 2], "40": [7, -3.0, 15.0, 0.0, 8.0, 64.77263684990659, 1], "39": [4, 0.0, 12.0, 1.0, 7.0, 30.046520681300752, 1], "-27": [2, -2.0, 2.0, 0.0, 2.0, -22.56222222222222, 0]}, "ko_rc": {"-24": [119741, -3093.0, 2241371.0, -1558.0, 136640.0, -90260.46209247934, 23147], "-26": [53204, -382.0, 768072.0, -726.5, 61069.75, -84257.29008685108, 10636], "-25": [63743, 1201.0, 1350259.0, -914.0, 72601.0, -89287.84326927041, 12664], "-22": [82214, -298.0, 1165654.0, -1053.0, 93827.5, -88718.19904475851, 16370], "-20": [82887, 2450.0, 2567056.0, -1410.5, 94293.25, -79135.73187695393, 16472], "-18": [82305, -887.0, 1689439.0, -1257.5, 94125.75, -71745.20498300044, 16065], "-17": [81018, -1214.0, 1412028.0, -1167.5, 92245.75, -62303.71795136958, 15738],