{"kind": "pog_count_curves", "rules": "RIDE_FREE", "penetration": 0.75, "paytable": [3.0, 10.0, 30.0, 60.0, 100.0, 300.0, 1000.0], "arm": "farm", "customs": {"pog2_rc": {"tags": {"1": -1, "2": 0, "3": 1, "4": 1, "5": 0, "6": 1, "7": 1, "8": 0, "9": 0, "10": -1}, "bump": 2, "sign": 1}, "ko_rc": {"tags": {"1": -1, "2": 1, "3": 1, "4": 1, "5": 1, "6": 1, "7": 1, "8": 0, "9": 0, "10": -1}, "bump": 1, "sign": 0}, "simple_rc": {"tags": {"1": -1, "2": 1, "3": 1, "4": 1, "5": 0, "6": 1, "7": 1, "8": 0, "9": 0, "10": -1}, "bump": 1, "sign": 0}}, "seed": 20300000001, "rounds": 2000000, "pog_total": -117718.0, "main_total": -25729.5, "signals": {"hilo_tc": {"0": [526696, -33511.0, 8915663.0, -7123.5, 596934.25, -2630.353115134357, 98631], "-1": [343181, -8552.0, 5265228.0, -5809.5, 392457.75, -321753.05245500087, 66667], "1": [320913, -33994.0, 4983820.0, -3246.5, 363140.25, 301717.95845407475, 58118], "2": [173958, -24993.0, 2203843.0, -518.0, 196417.0, 339299.9837694525, 30235], "3": [96159, -16450.0, 1154274.0, -132.0, 108476.0, 283716.0597860824, 16196], "4": [55105, -12691.0, 527881.0, -314.0, 61566.5, 217812.00667510545, 8769], "-2": [183940, 5007.0, 4156543.0, -2885.5, 211087.25, -359036.93916759663, 37114], "-3": [101639, 8874.0, 2998850.0, -2259.0, 116253.0, -299914.05648141593, 21478], "-4": [58623, 4864.0, 890734.0, -1728.5, 67122.25, -231789.84747838415, 12622], "6": [17706, -5606.0, 120124.0, 79.0, 19881.0, 105513.39503034223, 2614], "5": [30180, -7362.0, 276426.0, 370.0, 33922.5, 149486.83153843015, 4729], "8": [5309, -1540.0, 55468.0, 78.0, 5937.0, 42223.69739249529, 754], "-6": [18888, 2373.0, 310039.0, -558.0, 21705.0, -112547.9867927144, 4262], "-5": [32456, 5868.0, 910124.0, -692.5, 37742.25, -160808.0686173736, 7316], "-7": [9629, 1672.0, 153496.0, -538.5, 10993.25, -67025.26250845162, 2262], "-8": [5686, 1475.0, 102143.0, -234.5, 6702.25, -45153.73393870411, 1427], "-9": [2778, 912.0, 61918.0, -120.5, 3287.25, -24849.32036090302, 708], "-11": [724, 261.0, 22043.0, -88.0, 798.5, -7904.166761816777, 185], "9": [2609, -999.0, 21197.0, 58.5, 2821.25, 23334.95489647411, 345], "10": [1371, -664.0, 4854.0, 9.0, 1476.0, 13607.572965602847, 160], "-10": [1536, 639.0, 32173.0, -120.0, 1842.0, -15247.268509107364, 410], "7": [9153, -3115.0, 59115.0, 69.0, 10128.0, 63728.98894680021, 1299], "12": [520, -296.0, 2036.0, -24.0, 552.0, 6629.830361174394, 49], "11": [655, -264.0, 4102.0, 36.0, 715.5, 7164.903177421107, 82], "-12": [586, 374.0, 19240.0, -36.5, 683.25, -7422.850161041135, 176]}, "pog2_rc": {"12": [152918, -16299.0, 2909829.0, -1909.0, 173111.0, 105412.23903920302, 27505], "8": [110902, -9331.0, 1507173.0, -1636.0, 125346.5, 33578.938770395805, 20501], "7": [106523, -5930.0, 1763432.0, -829.0, 121595.5, 10944.817169430746, 20060], "6": [100711, -7167.0, 1325007.0, -1093.0, 114665.0, -10997.42746288937, 18917], "9": [115366, -10231.0, 1828059.0, -1487.5, 130453.25, 53745.9728303617, 21030], "13": [92981, -9997.0, 1242591.0, -786.5, 105291.75, 113630.40798285084, 16787], "11": [114214, -10436.0, 2648764.0, -1460.5, 128860.75, 92978.96621616205, 20655], "10": [116967, -11318.0, 1478742.0, -1085.5, 132616.75, 73724.90473641206, 21460], "15": [64511, -10742.0, 595614.0, -36.0, 73145.0, 112537.0841069159, 11209], "18": [31510, -5533.0, 365629.0, -334.5, 35574.75, 81500.36183718404, 5230], "21": [13065, -2616.0, 138220.0, -45.0, 14807.5, 44203.072957552075, 2132], "20": [17926, -3487.0, 168351.0, 33.5, 20056.75, 55943.86279198788, 2998], "5": [94898, -3927.0, 1442117.0, -1134.5, 108187.25, -34143.66249358779, 18118], "4": [88801, -2183.0, 1416963.0, -1510.5, 101369.75, -53793.72882762765, 17108], "3": [81786, -2835.0, 1275883.0, -1572.5, 93195.75, -71863.86489532643, 15647], "2": [74141, -1447.0, 1167449.0, -1027.0, 84577.0, -86962.38707957622, 14568], "0": [58702, 1279.0, 1923057.0, -1307.0, 66557.5, -106406.64673220218, 11750], "-1": [51594, 2515.0, 788789.0, -374.5, 59339.25, -110781.70400475913, 10762], "14": [78476, -10004.0, 1065110.0, -1404.5, 88331.75, 115848.02482959916, 13688], "1": [66153, 1150.0, 1066440.0, -1169.5, 75566.75, -98045.70169343542, 13357], "-2": [43863, 3956.0, 1867190.0, -574.5, 50698.25, -109012.55366299849, 9166], "-6": [20560, 3532.0, 502268.0, -164.0, 23974.0, -81721.32859480825, 4680], "-4": [31089, 3355.0, 676859.0, -636.5, 35907.75, -99873.99111348449, 6711], "-7": [16088, 2012.0, 274128.0, -573.0, 18339.5, -70210.45125472228, 3567], "-11": [5377, 672.0, 78178.0, -301.5, 6154.25, -31797.998894142325, 1204], "-12": [3882, 694.0, 69076.0, -174.5, 4496.25, -24312.76955918097, 898], "-8": [12359, 2385.0, 393225.0, -376.5, 14302.25, -58354.747460406805, 2823], "16": [51593, -7898.0, 652646.0, -321.5, 58119.75, 104553.86069359891, 8919], "19": [23917, -4217.0, 249977.0, -229.0, 26893.0, 67735.82794911692, 4009], "22": [9682, -2103.0, 92509.0, -37.0, 10747.0, 35807.09258953914, 1561], "23": [6961, -1424.0, 78006.0, -119.0, 7688.0, 27821.115430471145, 1126], "17": [40465, -6705.0, 521135.0, 181.5, 45558.75, 92680.78933650271, 6887], "-3": [37056, 1401.0, 565305.0, -984.0, 42315.5, -105725.26865830708, 7796], "-9": [9552, 1617.0, 155763.0, -338.0, 11106.0, -48749.00985515635, 2206], "-5": [25044, 3525.0, 492531.0, -340.5, 29105.75, -90005.46936700951, 5598], "-10": [7263, 1397.0, 128493.0, -137.5, 8469.25, -39726.544897334636, 1673], "-14": [1931, 795.0, 56639.0, -5.0, 2342.5, -13488.560427896186, 506], "-15": [1305, 687.0, 48351.0, -31.5, 1578.75, -9518.823057896892, 341], "-18": [405, 124.0, 9110.0, -14.0, 510.5, -3416.248446671274, 103], "-16": [859, 349.0, 26049.0, -47.0, 1002.0, -6601.842597135191, 221], "-17": [556, 151.0, 6627.0, -35.0, 655.5, -4436.084801856363, 145], "-19": [269, -13.0, 1849.0, -5.5, 308.25, -2334.5203040018964, 57], "-13": [2754, 873.0, 51221.0, -175.0, 3250.0, -18265.585499740853, 713], "25": [3337, -889.0, 26637.0, 47.0, 3699.5, 15216.337737359694, 512], "24": [4881, -1557.0, 36445.0, -179.5, 5232.75, 20718.41125205598, 706], "28": [1007, -501.0, 3549.0, -19.0, 1067.5, 5497.317474700155, 115], "26": [2261, -577.0, 29183.0, 80.5, 2467.25, 10966.95601446831, 329], "27": [1501, -402.0, 17470.0, -57.5, 1678.75, 7638.60227664066, 226], "29": [666, -198.0, 3286.0, 5.5, 764.75, 3795.3526692771366, 104], "31": [243, -76.0, 1722.0, 40.5, 307.75, 1527.9600500694498, 34], "30": [400, -83.0, 3093.0, -15.0, 466.5, 2339.0004098191025, 66], "32": [148, -47.0, 1341.0, -2.0, 163.5, 890.6516265079338, 19], "-21": [105, -14.0, 364.0, -15.0, 108.5, -1003.8814161118237, 22], "-23": [34, 21.0, 981.0, -2.0, 37.5, -336.9120225086931, 9], "-25": [15, -3.0, 39.0, -1.0, 19.0, -156.169892130922, 3], "-26": [9, -1.0, 25.0, -1.0, 11.0, -95.93309622889971, 2], "-24": [23, -23.0, 23.0, -8.0, 22.0, -236.47991983192452, 0], "-20": [152, 83.0, 11333.0, -5.5, 152.75, -1381.0917233159644, 33], "35": [28, -8.0, 68.0, 0.0, 31.5, 217.3306355104914, 5], "37": [7, -7.0, 7.0, 4.0, 9.5, 59.99368828894035, 0], "39": [2, -2.0, 2.0, -2.0, 2.0, 19.166046165301566, 0], "36": [14, -10.0, 22.0, 0.5, 15.25, 111.2151613174508, 1], "34": [45, -25.0, 85.0, -6.5, 46.25, 349.06610202794815, 5], "38": [3, -3.0, 3.0, -1.0, 3.0, 29.248404041606523, 0], "33": [78, -31.0, 1009.0, 1.0, 79.5, 573.957563373073, 7], "-22": [54, 1.0, 241.0, 13.5, 67.75, -532.4624361505585, 13], "-28": [4, 0.0, 12.0, 0.5, 5.25, -30.994893577685588, 1], "-27": [5, 3.0, 21.0, 3.0, 7.0, -68.34812321330399, 2], "-29": [2, 2.0, 10.0, -2.0, 2.0, -37.23456790123457, 1], "-31": [1, 3.0, 9.0, -1.0, 1.0, -18.2, 1]}, "ko_rc": {"-24": [120816, -3030.0, 2742268.0, -1891.5, 137509.25, -91753.98485111135, 23382], "-27": [42175, 130.0, 664454.0, -952.0, 48281.0, -77179.8684308004, 8447], "-28": [32094, 2587.0, 807871.0, -751.5, 36861.25, -66979.36547165326, 6657], "-26": [53839, 706.0, 895568.0, -907.0, 61339.5, -84819.74734603835, 10705], "-23": [79138, -2849.0, 1140129.0, -1547.5, 89941.25, -91066.68089981785, 15290],