{"kind": "pog_count_curves", "rules": "RIDE_FREE", "penetration": 0.75, "paytable": [3.0, 10.0, 30.0, 60.0, 100.0, 300.0, 1000.0], "arm": "farm", "customs": {"pog2_rc": {"tags": {"1": -1, "2": 0, "3": 1, "4": 1, "5": 0, "6": 1, "7": 1, "8": 0, "9": 0, "10": -1}, "bump": 2, "sign": 1}, "ko_rc": {"tags": {"1": -1, "2": 1, "3": 1, "4": 1, "5": 1, "6": 1, "7": 1, "8": 0, "9": 0, "10": -1}, "bump": 1, "sign": 0}, "simple_rc": {"tags": {"1": -1, "2": 1, "3": 1, "4": 1, "5": 0, "6": 1, "7": 1, "8": 0, "9": 0, "10": -1}, "bump": 1, "sign": 0}}, "seed": 20200000001, "rounds": 2000000, "pog_total": -106493.0, "main_total": -24825.0, "signals": {"hilo_tc": {"0": [526037, -24539.0, 10513327.0, -6438.5, 598977.25, -2566.1339203058515, 99370], "-1": [342379, -10224.0, 7192774.0, -5852.0, 389244.5, -321319.98500984185, 65905], "1": [320699, -29986.0, 5780706.0, -1723.0, 363006.5, 301870.6780119274, 58385], "2": [174055, -24917.0, 2120421.0, -601.5, 196809.25, 339609.9170424986, 30271], "3": [96349, -17480.0, 1066334.0, -587.5, 108560.75, 284354.2721992048, 16223], "4": [55149, -10744.0, 657832.0, -11.5, 62134.25, 218029.17722417813, 9014], "6": [17666, -4710.0, 150024.0, 206.5, 19598.25, 105332.35615678763, 2698], "-2": [184669, 2804.0, 3992698.0, -3853.0, 211035.0, -360530.38428418525, 37228], "-3": [102051, 6419.0, 2053857.0, -2419.5, 116751.25, -301142.02350853616, 21324], "-4": [58030, 5288.0, 1082006.0, -1437.5, 66661.25, -229421.28909823662, 12470], "-6": [19315, 4027.0, 551659.0, -704.0, 22340.0, -115127.77704742258, 4417], "-7": [9864, 2472.0, 276940.0, -302.5, 11600.25, -68615.85757562057, 2351], "-8": [5611, 1636.0, 198176.0, -212.0, 6632.5, -44522.65915373524, 1372], "-9": [2758, 793.0, 144493.0, -221.0, 3141.0, -24672.49135908807, 633], "-12": [598, 87.0, 6163.0, -22.5, 677.25, -7566.540291032356, 144], "-5": [32617, 5925.0, 1721365.0, -804.0, 37668.5, -161539.11049136947, 7301], "5": [30223, -6915.0, 290649.0, 205.5, 34116.25, 149632.0188202392, 4819], "8": [5274, -1617.0, 50019.0, 33.5, 5826.75, 41891.04068305005, 733], "7": [9282, -3590.0, 56090.0, -33.0, 10296.5, 64544.57660756625, 1237], "-10": [1465, 346.0, 19090.0, -56.0, 1740.5, -14525.6091936778, 373], "9": [2585, -819.0, 18369.0, 5.5, 2919.75, 23108.531113524587, 372], "10": [1330, -441.0, 10097.0, 13.0, 1421.0, 13217.502561507114, 187], "11": [693, -261.0, 4001.0, 59.5, 768.75, 7581.6791781531365, 91], "-11": [713, 234.0, 13304.0, -61.0, 808.0, -7784.405485904572, 188], "12": [588, -281.0, 3107.0, -8.5, 642.75, 7437.348764891423, 65]}, "pog2_rc": {"12": [153830, -11720.0, 2501386.0, -1710.5, 174239.25, 105450.57175382867, 28281], "10": [116489, -11669.0, 2467291.0, -1515.5, 132231.75, 72058.01355899558, 21079], "8": [110551, -7172.0, 2495024.0, -606.5, 125869.75, 31697.072993362544, 20585], "9": [113722, -9683.0, 1568121.0, -1594.0, 129174.0, 51949.59733095242, 20902], "6": [99916, -4787.0, 2716997.0, -1272.5, 113425.25, -12950.425061545015, 18708], "4": [87341, -3664.0, 1436200.0, -1372.0, 99173.0, -53339.90175443876, 16601], "7": [105114, -6402.0, 2363076.0, -1095.5, 119303.75, 9779.998229135697, 19656], "11": [113777, -12104.0, 1356926.0, -1038.0, 128808.0, 90623.24259666284, 20670], "13": [94129, -9169.0, 2516743.0, -974.5, 106219.25, 113593.51842022537, 16823], "3": [80812, -3051.0, 1242675.0, -1079.5, 92006.25, -71537.06707610223, 15595], "0": [58069, 1530.0, 1059308.0, -1394.0, 66095.5, -105357.93935417538, 11716], "1": [66077, 724.0, 2257276.0, -770.0, 75457.5, -97723.74515029462, 13005], "2": [72806, -452.0, 1294278.0, -1452.5, 82713.75, -85125.32715059949, 14414], "5": [94492, -4815.0, 1325181.0, -1228.0, 107560.0, -33859.31043054716, 17905], "15": [65395, -6475.0, 1118457.0, -377.0, 73944.5, 112364.45759803728, 11747], "14": [79465, -8718.0, 1121568.0, -233.5, 90230.25, 116136.71444380989, 14169], "16": [52322, -7430.0, 724754.0, -95.0, 58992.5, 103728.21375911836, 9101], "-4": [31177, 3783.0, 1492401.0, -586.5, 36139.25, -99955.63735175146, 6757], "-8": [12817, 1630.0, 208628.0, -444.0, 14633.5, -60227.43500683133, 2877], "-9": [9727, 2709.0, 451295.0, -318.0, 11317.5, -49405.147894917536, 2297], "-5": [25503, 2913.0, 587345.0, -410.0, 29444.5, -91408.4957721323, 5512], "-3": [37278, 2127.0, 766595.0, -926.0, 42639.0, -106256.06970423936, 7839], "-1": [51086, 939.0, 712543.0, -1218.5, 58164.75, -108749.82822420655, 10408], "-7": [16410, 2432.0, 277548.0, -599.5, 18899.25, -71076.73893345214, 3712], "-6": [20711, 4078.0, 505276.0, -221.0, 24214.5, -81337.00721844453, 4714], "-11": [5332, 1268.0, 96710.0, -87.5, 6307.25, -31489.646245541073, 1310], "-13": [2852, 962.0, 145538.0, -120.0, 3356.0, -18955.86166776167, 680], "-2": [44176, 2992.0, 839500.0, -891.0, 50765.0, -109914.32542369554, 9243], "-10": [7382, 1441.0, 132051.0, -161.5, 8664.75, -40232.572804656076, 1755], "17": [41353, -7445.0, 543829.0, -304.0, 46767.5, 94296.29388136599, 6992], "19": [24369, -3983.0, 359239.0, -146.0, 27528.5, 69090.85036397088, 4092], "20": [18217, -3415.0, 262143.0, -193.0, 20375.5, 56820.74636183049, 2989], "21": [13484, -2726.0, 135552.0, 28.0, 15074.5, 46197.390385591505, 2221], "22": [9795, -2594.0, 74128.0, 28.0, 10896.5, 36163.500142301724, 1542], "18": [31981, -4840.0, 357908.0, -85.5, 36433.25, 82860.69558281968, 5534], "25": [3486, -902.0, 42664.0, -43.5, 3844.25, 15792.221008766985, 511], "-12": [3973, 583.0, 64267.0, -160.5, 4682.75, -24886.627966340606, 916], "-14": [1846, 614.0, 47576.0, 2.0, 2164.5, -13101.808037355377, 459], "24": [4995, -1294.0, 49526.0, 49.5, 5534.75, 21315.15606175739, 774], "23": [7096, -1525.0, 62991.0, -128.5, 7929.25, 28057.21603028467, 1164], "26": [2392, -738.0, 17090.0, 16.5, 2723.75, 11544.624046880735, 358], "-17": [557, 86.0, 8678.0, -32.0, 614.0, -4500.15461244082, 127], "-15": [1328, 255.0, 24057.0, -26.0, 1561.0, -9716.958594544742, 311], "-18": [374, 4.0, 2352.0, 0.0, 435.5, -3123.783749498308, 86], "-20": [144, -18.0, 550.0, 4.5, 167.75, -1289.8319758519262, 30], "28": [1104, -425.0, 4983.0, -16.0, 1246.5, 5959.919517453645, 152], "29": [737, -266.0, 3892.0, -32.0, 847.0, 4194.840567341164, 103], "27": [1616, -322.0, 13560.0, 30.0, 1821.0, 8014.54819970922, 272], "-19": [212, -1.0, 1779.0, 26.0, 236.0, -1818.2574989991108, 45], "-16": [887, 660.0, 106842.0, -58.0, 1034.5, -6893.475729822346, 243], "-21": [97, -14.0, 340.0, 8.5, 121.25, -888.2903046299389, 20], "31": [256, -134.0, 654.0, 1.5, 263.25, 1542.3167356948552, 29], "30": [432, -109.0, 5777.0, 40.5, 512.25, 2621.148382780187, 61], "-22": [58, 5.0, 261.0, 0.5, 76.75, -547.1473343237495, 15], "-23": [45, -21.0, 93.0, -2.5, 52.25, -467.3056475616495, 6], "32": [158, -34.0, 1474.0, -30.5, 175.25, 1061.7445471372457, 24], "34": [48, -32.0, 80.0, -1.5, 54.25, 297.0102729968863, 4], "35": [22, -14.0, 38.0, 1.0, 21.0, 156.9563815985002, 2], "33": [81, -37.0, 169.0, -0.5, 87.75, 535.9475544453567, 11], "36": [16, -8.0, 32.0, 0.5, 19.25, 115.70363548624272, 2], "38": [3, 1.0, 11.0, -1.0, 3.0, 23.274618100423215, 1], "-24": [32, 3.0, 179.0, -4.5, 38.25, -350.3198255211153, 8], "-25": [19, -3.0, 51.0, -3.0, 21.0, -215.00420331056762, 4], "-26": [7, -3.0, 15.0, 0.0, 4.0, -79.88802988997995, 1], "-27": [5, -5.0, 5.0, 0.5, 5.25, -68.5034594016397, 0], "37": [7, -7.0, 7.0, -3.0, 5.0, 53.170395196589055, 0], "40": [6, -6.0, 6.0, 2.0, 7.5, 41.22113621186123, 0], "-29": [1, -1.0, 1.0, -1.0, 1.0, -13.333333333333334, 0], "-30": [1, 3.0, 9.0, 1.0, 1.0, -14.054054054054054, 1], "39": [2, -2.0, 2.0, -1.0, 1.0, 14.162032884902839, 0]}, "ko_rc": {"-24": [120566, -2387.0, 2777233.0, -1486.5, 137584.75, -92190.08268483586, 23399], "-25": [64204, -130.0, 910574.0, -889.0, 73324.0, -90437.30938553979, 12724], "-26": [53916, 2232.0, 986112.0, -1046.5, 62024.75, -84935.26920544032, 11026], "-27": [42303, 1095.0, 887803.0, -1040.0, 47976.5, -76743.64253611233, 8452], "-22": [82040, -1480.0, 1297976.0, -1785.0, 93457.5, -89511.78002014152, 16103],