{
 "trials": 6000,
 "seeds": {
  "paired_m10": 22800000001,
  "m1": 22800000002,
  "prop_one_pass": 22800000003,
  "prop_two_pass": 22800000004
 },
 "paired_m10": {
  "posterior_mean": 9.2995,
  "posterior_var": 4.83860618436406,
  "delta_mean": 0.0065,
  "delta_se": 0.010569106889792176,
  "calibration_z": -0.03864996892077239
 },
 "m1_mean": 39.08125,
 "prop_one_pass": {
  "0.0": {
   "bets": 145127,
   "pred": 33391.1957521873,
   "real": 32794.32641108905,
   "z": -0.9483451454625382,
   "edge_per_bet": 0.22596984993205296,
   "bets_per_deck": 24.187833333333334,
   "units_per_deck": 5.465721068514842
  },
  "0.01": {
   "bets": 128250,
   "pred": 33100.67687447454,
   "real": 32637.563664113703,
   "z": -0.7790778078588881,
   "edge_per_bet": 0.25448392720556495,
   "bets_per_deck": 21.375,
   "units_per_deck": 5.4395939440189505
  },
  "0.02": {
   "bets": 112312,
   "pred": 32279.48967711714,
   "real": 31563.07160200913,
   "z": -1.2811292116329498,
   "edge_per_bet": 0.2810302692678354,
   "bets_per_deck": 18.718666666666667,
   "units_per_deck": 5.260511933668188
  },
  "0.05": {
   "bets": 70308,
   "pred": 27301.3815799713,
   "real": 26806.16505022763,
   "z": -1.1111549655534867,
   "edge_per_bet": 0.3812676373986976,
   "bets_per_deck": 11.718,
   "units_per_deck": 4.467694175037939
  },
  "0.1": {
   "bets": 29559,
   "pred": 17309.682777489685,
   "real": 17140.58433927185,
   "z": -0.5953616894307409,
   "edge_per_bet": 0.5798770032569386,
   "bets_per_deck": 4.9265,
   "units_per_deck": 2.856764056545308
  }
 },
 "depth_gap_one_pass": [
  0.03741066652018992,
  0.04054479435242895,
  0.04248046932402938,
  0.04506140987191635,
  0.04721666057848743,
  0.05062503652466243,
  0.053825216370618156,
  0.05894347684650764,
  0.06482518837205102,
  0.0744811590984917,
  0.08847259739996138,
  0.11727443433669604,
  0.12479824090481606
 ],
 "depth_logloss_one_pass": [
  0.048534630058283484,
  0.05684542246355619,
  0.060607263365422666,
  0.06594594943696772,
  0.07742102160548447,
  0.08150583971065765,
  0.08840465470989313,
  0.11020164721908386,
  0.12461959003907991,
  0.14299751298420613,
  0.17025093601909635,
  0.22916642408143212,
  0.2950838725038485
 ],
 "logloss_bits_per_deck_one_pass": 8.953854579303606,
 "prop_two_pass": {
  "0.0": {
   "bets": 14594,
   "pred": 15.41126780826645,
   "real": 365.24341769341805,
   "z": 1.8032332048492141,
   "edge_per_bet": 0.025026957495780325,
   "bets_per_deck": 24.323333333333334,
   "units_per_deck": 0.6087390294890301
  },
  "0.01": {
   "bets": 0,
   "pred": 0.0,
   "real": 0.0,
   "z": 0.0,
   "edge_per_bet": 0.0,
   "bets_per_deck": 0.0,
   "units_per_deck": 0.0
  },
  "0.02": {
   "bets": 0,
   "pred": 0.0,
   "real": 0.0,
   "z": 0.0,
   "edge_per_bet": 0.0,
   "bets_per_deck": 0.0,
   "units_per_deck": 0.0
  },
  "0.05": {
   "bets": 0,
   "pred": 0.0,
   "real": 0.0,
   "z": 0.0,
   "edge_per_bet": 0.0,
   "bets_per_deck": 0.0,
   "units_per_deck": 0.0
  },
  "0.1": {
   "bets": 0,
   "pred": 0.0,
   "real": 0.0,
   "z": 0.0,
   "edge_per_bet": 0.0,
   "bets_per_deck": 0.0,
   "units_per_deck": 0.0
  }
 },
 "depth_gap_two_pass": [
  0.00017660505493034554,
  0.00019359803749220185,
  0.00020042714317353941,
  0.00021303124208604278,
  0.00022081924669266914,
  0.00023429213201917515,
  0.00025361959103570346,
  0.0002680886517245752,
  0.0002984643273543409,
  0.0003278576584208894,
  0.0004076786219848659,
  0.0005387003648038742,
  0.0005763333633883246
 ],
 "logloss_bits_per_deck_two_pass": 0.00010709705417941972,
 "uniform_guessing_mean": 4.538043950697449
}