{
 "shoes": 6,
 "coups": 485,
 "samples": 120,
 "surprises": 222,
 "n": 416,
 "thresholds": {
  "0.02": {
   "filter": {
    "banker": {
     "bets": 186,
     "predicted": 11.61065519132646,
     "realized": -18.0
    },
    "player": {
     "bets": 185,
     "predicted": 3.711359108682832,
     "realized": 4.0
    },
    "tie": {
     "bets": 149,
     "predicted": 1.2840357886632052,
     "realized": -14.0
    },
    "dragon7": {
     "bets": 200,
     "predicted": -15.228417056774864,
     "realized": -118.0
    },
    "panda8": {
     "bets": 212,
     "predicted": -22.175683557582282,
     "realized": -4.0
    }
   },
   "counter": {
    "banker": {
     "bets": 0,
     "predicted": 0.0,
     "realized": 0.0
    },
    "player": {
     "bets": 0,
     "predicted": 0.0,
     "realized": 0.0
    },
    "tie": {
     "bets": 0,
     "predicted": 0.0,
     "realized": 0.0
    },
    "dragon7": {
     "bets": 42,
     "predicted": 3.0783824002838722,
     "realized": -1.0
    },
    "panda8": {
     "bets": 26,
     "predicted": 2.6656080312430923,
     "realized": 26.0
    }
   },
   "filter_bets": 932,
   "filter_realized": -150.0,
   "filter_predicted": -20.79805052568465,
   "counter_realized": 25.0,
   "z": -1.2918388485096504,
   "excess_per_shoe": -29.166666666666668
  },
  "0.05": {
   "filter": {
    "banker": {
     "bets": 125,
     "predicted": 11.3912563419548,
     "realized": -16.0
    },
    "player": {
     "bets": 119,
     "predicted": 4.648042200728616,
     "realized": -9.0
    },
    "tie": {
     "bets": 141,
     "predicted": 0.19434155757918614,
     "realized": -6.0
    },
    "dragon7": {
     "bets": 198,
     "predicted": -15.968459750934695,
     "realized": -116.0
    },
    "panda8": {
     "bets": 209,
     "predicted": -21.162257531440847,
     "realized": -27.0
    }
   },
   "counter": {
    "banker": {
     "bets": 0,
     "predicted": 0.0,
     "realized": 0.0
    },
    "player": {
     "bets": 0,
     "predicted": 0.0,
     "realized": 0.0
    },
    "tie": {
     "bets": 0,
     "predicted": 0.0,
     "realized": 0.0
    },
    "dragon7": {
     "bets": 24,
     "predicted": 2.468604441328156,
     "realized": -24.0
    },
    "panda8": {
     "bets": 18,
     "predicted": 2.379676213642864,
     "realized": -18.0
    }
   },
   "filter_bets": 792,
   "filter_realized": -174.0,
   "filter_predicted": -20.897077182112938,
   "counter_realized": -42.0,
   "z": -1.6557601062285814,
   "excess_per_shoe": -22.0
  },
  "0.1": {
   "filter": {
    "banker": {
     "bets": 64,
     "predicted": 11.488354263363785,
     "realized": -9.0
    },
    "player": {
     "bets": 52,
     "predicted": 6.520437581161595,
     "realized": -3.0
    },
    "tie": {
     "bets": 115,
     "predicted": 5.43180330678567,
     "realized": 2.0
    },
    "dragon7": {
     "bets": 196,
     "predicted": -15.802117853487935,
     "realized": -114.0
    },
    "panda8": {
     "bets": 195,
     "predicted": -15.455765440071737,
     "realized": -13.0
    }
   },
   "counter": {
    "banker": {
     "bets": 0,
     "predicted": 0.0,
     "realized": 0.0
    },
    "player": {
     "bets": 0,
     "predicted": 0.0,
     "realized": 0.0
    },
    "tie": {
     "bets": 0,
     "predicted": 0.0,
     "realized": 0.0
    },
    "dragon7": {
     "bets": 7,
     "predicted": 1.1867445937284529,
     "realized": -7.0
    },
    "panda8": {
     "bets": 10,
     "predicted": 1.7252832910018685,
     "realized": -10.0
    }
   },
   "filter_bets": 622,
   "filter_realized": -137.0,
   "filter_predicted": -7.817288142248621,
   "counter_realized": -17.0,
   "z": -1.3222558992671494,
   "excess_per_shoe": -20.0
  }
 },
 "shard": 2,
 "seed": 23300200000,
 "mix": 0.0,
 "passes": 1,
 "rules": "EZ_BACCARAT_8D",
 "shelves": 10,
 "seconds": 938.7223567080218,
 "s_per_shoe": 156.45372611800363
}