{
 "mixes": [
  0.0,
  0.05,
  0.1,
  0.2,
  0.4,
  0.7,
  1.0
 ],
 "depths": [
  40,
  160,
  300
 ],
 "M": 1500,
 "rows": [
  {
   "shoe_seed": 23310000001,
   "depth": 40,
   "counter": {
    "dragon7": -0.08727513494085892,
    "panda8": -0.11816359866659487
   },
   "claims": {
    "0.0": {
     "dragon7": -0.005275134940859072,
     "panda8": -0.11816359866659487
    },
    "0.05": {
     "dragon7": -0.08727513494085892,
     "panda8": -0.2914969319999283
    },
    "0.1": {
     "dragon7": -0.22394180160752564,
     "panda8": 0.05516973466673836
    },
    "0.2": {
     "dragon7": -0.16927513494085888,
     "panda8": 0.07250306800007178
    },
    "0.4": {
     "dragon7": -0.3059418016075256,
     "panda8": -0.08349693199992825
    },
    "0.7": {
     "dragon7": -0.19660846827419232,
     "panda8": -0.20483026533326165
    },
    "1.0": {
     "dragon7": -0.08727513494085892,
     "panda8": -0.11816359866659487
    }
   }
  },
  {
   "shoe_seed": 23310000001,
   "depth": 160,
   "counter": {
    "dragon7": -0.09656511235068688,
    "panda8": -0.14467661658137743
   },
   "claims": {
    "0.0": {
     "dragon7": 0.06743488764931316,
     "panda8": 0.3753233834186225
    },
    "0.05": {
     "dragon7": 0.17676822098264644,
     "panda8": 0.23665671675195576
    },
    "0.1": {
     "dragon7": 0.04010155431597995,
     "panda8": 0.21932338341862234
    },
    "0.2": {
     "dragon7": 0.04010155431597995,
     "panda8": 0.13265671675195567
    },
    "0.4": {
     "dragon7": 0.09476822098264637,
     "panda8": -0.04067661658137767
    },
    "0.7": {
     "dragon7": -0.31523177901735344,
     "panda8": -0.14467661658137754
    },
    "1.0": {
     "dragon7": -0.09656511235068688,
     "panda8": -0.14467661658137754
    }
   }
  },
  {
   "shoe_seed": 23310000001,
   "depth": 300,
   "counter": {
    "dragon7": -0.18217840994726597,
    "panda8": -0.12277741969150924
   },
   "claims": {
    "0.0": {
     "dragon7": -0.26417840994726594,
     "panda8": -0.05344408635817599
    },
    "0.05": {
     "dragon7": 0.11848825671940078,
     "panda8": -0.08811075302484261
    },
    "0.1": {
     "dragon7": 0.06382159005273413,
     "panda8": -0.15744408635817586
    },
    "0.2": {
     "dragon7": 0.4464882567194006,
     "panda8": -0.15744408635817586
    },
    "0.4": {
     "dragon7": 0.06382159005273413,
     "panda8": -0.15744408635817586
    },
    "0.7": {
     "dragon7": 0.0364882567194007,
     "panda8": -0.3481107530248426
    },
    "1.0": {
     "dragon7": -0.18217840994726597,
     "panda8": -0.12277741969150924
    }
   }
  },
  {
   "shoe_seed": 23310000002,
   "depth": 40,
   "counter": {
    "dragon7": -0.06719471593350079,
    "panda8": -0.09867531722905754
   },
   "claims": {
    "0.0": {
     "dragon7": 0.09680528406649924,
     "panda8": -0.08134198389572411
    },
    "0.05": {
     "dragon7": -0.12186138260016743,
     "panda8": -0.3240086505623908
    },
    "0.1": {
     "dragon7": -0.012528049266834262,
     "panda8": -0.35867531722905754
    },
    "0.2": {
     "dragon7": -0.0671947159335009,
     "panda8": -0.35867531722905754
    },
    "0.4": {
     "dragon7": -0.3405280492668342,
     "panda8": -0.37600865056239086
    },
    "0.7": {
     "dragon7": -0.03986138260016758,
     "panda8": -0.1853419838957242
    },
    "1.0": {
     "dragon7": -0.0671947159335009,
     "panda8": -0.09867531722905754
    }
   }
  },
  {
   "shoe_seed": 23310000002,
   "depth": 160,
   "counter": {
    "dragon7": -0.03745838687634828,
    "panda8": -0.07465948477505291
   },
   "claims": {
    "0.0": {
     "dragon7": -0.0647917202096816,
     "panda8": -0.09199281810838633
    },
    "0.05": {
     "dragon7": -0.2834583868763483,
     "panda8": -0.14399281810838627
    },
    "0.1": {
     "dragon7": 0.12654161312365164,
     "panda8": -0.14399281810838627
    },
    "0.2": {
     "dragon7": -0.174125053543015,
     "panda8": -0.07465948477505291
    },
    "0.4": {
     "dragon7": 0.12654161312365164,
     "panda8": -0.039992818108386285
    },
    "0.7": {
     "dragon7": -0.0647917202096816,
     "panda8": -0.12665948477505296
    },
    "1.0": {
     "dragon7": -0.03745838687634828,
     "panda8": -0.07465948477505291
    }
   }
  },
  {
   "shoe_seed": 23310000002,
   "depth": 300,
   "counter": {
    "dragon7": -0.033208126747973354,
    "panda8": -0.03479990532919586
   },
   "claims": {
    "0.0": {
     "dragon7": -0.30654146008130667,
     "panda8": -0.38146657199586265
    },
    "0.05": {
     "dragon7": -0.2245414600813066,
     "panda8": -0.06946657199586259
    },
    "0.1": {
     "dragon7": -0.4432081267479733,
     "panda8": -0.26013323866252924
    },
    "0.2": {
     "dragon7": -0.14254146008130664,
     "panda8": -0.10413323866252922
    },
    "0.4": {
     "dragon7": -0.19720812674797328,
     "panda8": -0.15613323866252926
    },
    "0.7": {
     "dragon7": -0.2245414600813066,
     "panda8": 0.01720009467080419
    },
    "1.0": {
     "dragon7": -0.03320812674797324,
     "panda8": -0.03479990532919586
    }
   }
  },
  {
   "shoe_seed": 23310000003,
   "depth": 40,
   "counter": {
    "dragon7": -0.0911462881858156,
    "panda8": -0.11975680852734272
   },
   "claims": {
    "0.0": {
     "dragon7": 0.04552037848085111,
     "panda8": -0.17175680852734276
    },
    "0.05": {
     "dragon7": -0.14581295485248236,
     "panda8": -0.13709014186067614
    },
    "0.1": {
     "dragon7": -0.0638129548524824,
     "panda8": -0.11975680852734272
    },
    "0.2": {
     "dragon7": 0.04552037848085111,
     "panda8": -0.345090141860676
    },
    "0.4": {
     "dragon7": -0.09114628818581572,
     "panda8": 0.05357652480599073
    },
    "0.7": {
     "dragon7": 0.018187045147517678,
     "panda8": -0.11975680852734272
    },
    "1.0": {
     "dragon7": -0.09114628818581572,
     "panda8": -0.11975680852734272
    }
   }
  },
  {
   "shoe_seed": 23310000003,
   "depth": 160,
   "counter": {
    "dragon7": -0.01777026069628518,
    "panda8": -0.11425033935225226
   },
   "claims": {
    "0.0": {
     "dragon7": 0.310229739303715,
     "panda8": -0.21825033935225213
    },
    "0.05": {
     "dragon7": 0.4468964059703815,
     "panda8": -0.20091700601891882
    },
    "0.1": {
     "dragon7": 0.36489640597038164,
     "panda8": -0.4089170060189189
    },
    "0.2": {
     "dragon7": 0.14622973930371486,
     "panda8": -0.3049170060189189
    },
    "0.4": {
     "dragon7": 0.2008964059703815,
     "panda8": -0.1835836726855855
    },
    "0.7": {
     "dragon7": 0.09156307263704822,
     "panda8": -0.1662503393522522
    },
    "1.0": {
     "dragon7": -0.01777026069628518,
     "panda8": -0.11425033935225215
    }
   }
  },
  {
   "shoe_seed": 23310000003,
   "depth": 300,
   "counter": {
    "dragon7": 0.0814932520669589,
    "panda8": -0.1694382152163625
   },
   "claims": {
    "0.0": {
     "dragon7": -0.21917341459970774,
     "panda8": -0.048104881883029194
    },
    "0.05": {
     "dragon7": -0.10984008126637435,
     "panda8": -0.08277154854969582
    },
    "0.1": {
     "dragon7": -0.2738400812663744,
     "panda8": -0.1694382152163625
    },
    "0.2": {
     "dragon7": -0.3831734145997078,
     "panda8": -0.15210488188302906
    },
    "0.4": {
     "dragon7": 0.10882658540029233,
     "panda8": -0.3081048818830291
    },
    "0.7": {
     "dragon7": 0.05415991873362569,
     "panda8": -0.1694382152163625
    },
    "1.0": {
     "dragon7": 0.0814932520669589,
     "panda8": -0.1694382152163625
    }
   }
  },
  {
   "shoe_seed": 23310000004,
   "depth": 40,
   "counter": {
    "dragon7": -0.0767980704465635,
    "panda8": -0.09676470216112898
   },
   "claims": {
    "0.0": {
     "dragon7": -0.13146473711323003,
     "panda8": 0.09390196450553767
    },
    "0.05": {
     "dragon7": 0.05986859622010332,
     "panda8": 0.19790196450553776
    },
    "0.1": {
     "dragon7": -0.2134647371132301,
     "panda8": 0.1285686311722043
    },
    "0.2": {
     "dragon7": 0.14186859622010317,