{
 "fresh_ev": {
  "ez_banker": -0.010183007571213657,
  "cl_banker": -0.010579057842472032,
  "player": -0.012350813289166138,
  "tie": -0.14359628778723826,
  "dragon7": -0.07611334472442843,
  "panda8": -0.10187632169321348
 },
 "samples": 40000,
 "R_cut": 21,
 "sampling_max": {
  "ez_banker": 0.04879416678952283,
  "cl_banker": 0.03646706123970056,
  "player": 0.044166789522826676,
  "tie": 0.5873359870263894,
  "dragon7": 1.5480854915065443,
  "panda8": 1.0993236768391568
 },
 "sampling_pos_frac": {
  "ez_banker": 0.105175,
  "cl_banker": 0.044125,
  "player": 0.03635,
  "tie": 0.0364,
  "dragon7": 0.40125,
  "panda8": 0.313275
 },
 "ceilings": {
  "6": {
   "ez_banker": 0.26666666666666666,
   "cl_banker": 0.235,
   "player": 0.2
  },
  "13": {
   "ez_banker": 0.46231546231546233,
   "cl_banker": 0.24087995337995338,
   "player": 0.6125874125874126
  },
  "20": {
   "ez_banker": 0.443859649122807,
   "cl_banker": 0.41229618163054693,
   "player": 0.5869453044375645
  },
  "26": {
   "ez_banker": 0.43578595317725755,
   "cl_banker": 0.404247491638796,
   "player": 0.5780723624201886
  },
  "40": {
   "ez_banker": 0.4261729340676709,
   "cl_banker": 0.3952015173067805,
   "player": 0.5682381629750051
  },
  "78": {
   "ez_banker": 0.3370227460205831,
   "cl_banker": 0.3073763787130766,
   "player": 0.3970706752538043
  }
 }
}