{"shoes": 600, "rounds": 25814, "n": 312, "decks": 6, "shelves": 10, "passes": 1, "penetration": 0.75, "surprises": 1863, "comp_per_round": -0.0025954908189354613, "order_delta_per_round": -0.00553962965832494, "clair_delta_per_round": 0.10649260091423259, "order_delta_per_shoe": -0.23833333333333334, "clair_delta_per_shoe": 4.581666666666667, "order_z": -2.1101242147310386, "clair_z": 17.0573390253608, "order_changed_rate": 0.05318819245370729, "clair_changed_rate": 0.24300767025644998, "order_deltas": [-2.0, -3.0, 2.0, 1.0, -3.0, -3.0, 0.0, 0.0, -1.0, -1.0, -1.0, -1.0, 0.0, 0.0, 4.0, 0.0, 0.0, 0.0, -2.0, 6.0, 0.0, 0.0, 1.0, 1.0, -2.0, 3.0, 5.0, 0.0, 0.0, -1.0, 1.0, 0.0, -3.0, -1.0, 3.0, -3.0, -5.0, 1.0, 0.0, 0.0, 2.0, 1.0, 5.0, -1.0, -5.0, -5.0, 4.0, 4.0, 4.0, 0.0, 0.0, 2.0, 0.0, 2.0, -4.0, -2.0, -1.0, -4.0, 0.0, 2.0, -1.0, -5.0, 1.0, 1.0, 2.0, 4.0, -1.0, 4.0, -4.0, 3.0, 0.0, 1.0, 0.0, 1.0, -5.0, -1.0, 1.0, 1.0, -2.0, -3.0, -2.0, -4.0, 4.0, 0.0, -3.0, 2.0, 2.0, 0.0, 0.0, 1.0, -2.0, -6.0, 0.0, -2.0, -2.0, 0.0, -2.0, -1.0, 0.0, -2.0, 2.0, -2.0, 0.0, -5.0, 1.0, -3.0, 0.0, -1.0, 1.0, -5.0, -2.0, 1.0, 1.0, 2.0, 0.0, 0.0, 0.0, 0.0, 0.0, -1.0, 2.0, -7.0, -1.0, 2.0, 0.0, -2.0, 5.0, -5.0, 0.0, 0.0, 2.0, 4.0, 0.0, -1.0, 1.0, 10.0, 8.0, 1.0, -1.0, -1.0, 0.0, -3.0, -1.0, -9.0, 0.0, -1.0, 3.0, 0.0, -1.0, -2.0, 4.0, 3.0, -2.0, 2.0, 0.0, 1.0, -2.0, -4.0, 0.0, -4.0, 0.0, -2.0, 2.0, -2.0, -2.0, 0.0, -2.0, 2.0, -3.0, 1.0, -5.0, -3.0, 1.0, 0.0, 1.0, 2.0, -1.0, 0.0, -3.0, -5.0, 1.0, -4.0, 0.0, 5.0, -6.0, -6.0, -2.0, 0.0, -2.0, 1.0, -4.0, -2.0, -6.0, 8.0, 0.0, 4.0, -2.0, 1.0, 1.0, -2.0, -2.0, 1.0, 0.0, 0.0, -2.0, 1.0, -3.0, 1.0, 2.0, -1.0, -2.0, -2.0, -1.0, 0.0, -2.0, -1.0, 1.0, -2.0, -1.0, 2.0, 2.0, -1.0, -1.0, -2.0, 5.0, 0.0, -1.0, -2.0, -3.0, -2.0, -1.0, 2.0, 0.0, 0.0, -4.0, 0.0, -2.0, -2.0, 1.0, 1.0, -5.0, 0.0, -2.0, 2.0, -4.0, 2.0, 0.0, 2.0, -3.0, -4.0, 3.0, -3.0, 0.0, 4.0, -2.0, -2.0, 4.0, -5.0, -3.0, -3.0, 0.0, 1.0, 1.0, 2.0, -3.0, -2.0, 2.0, 2.0, 0.0, 0.0, 0.0, 0.0, 2.0, -1.0, 4.0, -2.0, 0.0, 0.0, -5.0, -2.0, 0.0, 0.0, -4.0, 0.0, 2.0, -3.0, -1.0, 1.0, 2.0, -2.0, 2.0, 0.0, 0.0, -1.0, 2.0, 0.0, 0.0, -1.0, 2.0, -6.0, 6.0, 4.0, 0.0, -2.0, -2.0, 0.0, 2.0, 5.0, 0.0, -2.0, 0.0, 0.0, 3.0, -1.0, 2.0, -1.0, -6.0, 0.0, -2.0, 1.0, 8.0, 1.0, 0.0, -4.0, -7.0, 4.0, 1.0, -1.0, 3.0, 3.0, -5.0, 0.0, -1.0, 1.0, -2.0, 0.0, 3.0, -2.0, -1.0, 0.0, 0.0, 4.0, 0.0, 3.0, 1.0, 4.0, -5.0, -1.0, 6.0, 5.0, -1.0, -2.0, -2.0, -4.0, 0.0, -2.0, -1.0, 0.0, -2.0, 5.0, -4.0, 0.0, 0.0, 3.0, 1.0, -5.0, 2.0, -1.0, 0.0, -1.0, 1.0, 4.0, 0.0, 1.0, -4.0, 6.0, 2.0, -4.0, 2.0, 2.0, -1.0, -3.0, 2.0, -4.0, -6.0, 1.0, 2.0, 0.0, 4.0, -4.0, -3.0, 3.0, -7.0, 2.0, 4.0, 1.0, -1.0, 3.0, -1.0, 1.0, 0.0, 0.0, -3.0, 7.0, 1.0, 0.0, 2.0, -2.0, 5.0, 5.0, 2.0, 0.0, 4.0, 3.0, -1.0, 1.0, 1.0, 1.0, 2.0, 2.0, 0.0, 4.0, -2.0, 3.0, 3.0, -2.0, 0.0, 0.0, -5.0, -1.0, 0.0, 2.0, -1.0, -1.0, -2.0, -1.0, 0.0, 3.0, 8.0, -3.0, 2.0, -2.0, -4.0, 3.0, -1.0, 1.0, -2.0, 2.0, 1.0, -5.0, 2.0, -1.0, -1.0, 2.0, 5.0, 10.0, -4.0, -2.0, -4.0, -1.0, -4.0, -3.0, 6.0, 1.0, -8.0, 0.0, 1.0, -1.0, -1.0, 4.0, -1.0, 0.0, 3.0, 1.0, 3.0, -2.0, 2.0, 0.0, 0.0, 0.0, -3.0, 5.0, 0.0, -2.0, -5.0, -2.0, -1.0, -2.0, 0.0, 2.0, 5.0, -4.0, -1.0, -2.0, -8.0, 0.0, -5.0, -1.0, -2.0, 1.0, -1.0, -5.0, -4.0, 0.0, -1.0, 5.0, 2.0, 0.0, 2.0, -2.0, 0.0, -3.0, 6.0, -2.0, -4.0, 2.0, -1.0, -1.0, 1.0, -1.0, 2.0, 3.0, 5.0, -1.0, -1.0, -3.0, 5.0, 1.0, 1.0, -1.0, 2.0, 1.0, 0.0, -1.0, 0.0, -2.0, 5.0, -1.0, -3.0, -1.0, -3.0, -1.0, 0.0, 0.0, 0.0, -4.0, -4.0, -2.0, -2.0, 0.0, -4.0, -2.0, 1.0, -1.0, -2.0, -1.0, -1.0, 1.0, 1.0, 1.0, -1.0, -4.0, 2.0, -1.0, 1.0, 0.0, 0.0, 0.0, 1.0, 3.0, 1.0, -7.0, -1.0, -4.0, 5.0, 0.0, -5.0, 0.0, -1.0, 0.0, -3.0, 3.0, 1.0, -4.0, -3.0, -4.0, 3.0, -5.0, -5.0, 0.0, 0.0, 0.0, 4.0, 1.0, 0.0, -4.0, -1.0, -7.0, -4.0, 1.0], "clair_deltas": [12.0, 10.0, 4.0, 16.0, 1.0, 7.0, 9.0, 7.0, -8.0, 1.0, -1.0, 5.0, 12.0, 2.0, 5.0, -2.0, 1.0, 6.0, 2.0, -1.0, -2.0, 18.0, 7.0, -5.0, -5.0, 4.0, 12.0, 11.0, 4.0, 7.0, 13.0, 6.0, -4.0, 14.0, 5.0, 6.0, 3.0, 2.0, 0.0, 7.0, 2.0, 11.0, 6.0, 17.0, 6.0, -7.0, 3.0, 5.0, 10.0, 6.0, -9.0, 4.0, 2.0, -4.0, -6.0, 1.0, -3.0, 0.0, 19.0, 6.0, 2.0, 3.0, 2.0, 9.0, 5.0, 6.0, -2.0, 11.0, 3.0, 15.0, 6.0, 19.0, 10.0, 12.0, 0.0, 6.0, 9.0, 11.0, -3.0, 1.0, 2.0, 11.0, 1.0, -7.0, -5.0, 14.0, 2.0, -3.0, 3.0, 2.0, -3.0, 3.0, 8.0, -4.0, 10.0, 11.0, 1.0, 10.0, 10.0, 6.0, 1.0, 3.0, 6.0, -5.0, -1.0, 8.0, 17.0, 3.0, 6.0, -5.0, 7.0, -1.0, 16.0, 10.0, -1.0, 2.0, 10.0, -3.0, -1.0, -3.0, 8.0, 1.0, -4.0, 9.0, 9.0, 10.0, 11.0, 3.0, 1.0, 0.0, 21.0, 16.0, 5.0, 16.0, 22.0, 8.0, 11.0, 14.0, -6.0, 7.0, -1.0, -4.0, -6.0, 3.0, -1.0, 2.0, 6.0, -8.0, 0.0, -2.0, 14.0, 8.0, -3.0, 15.0, 3.0, 25.0, 9.0, 14.0, 9.0, -4.0, 2.0, 7.0, 11.0, 5.0, -5.0, 5.0, -4.0, 12.0, 8.0, 3.0, 0.0, -1.0, -6.0, 11.0, 6.0, 5.0, -5.0, 8.0, -3.0, 11.0, 3.0, -5.0, 3.0, 3.0, 1.0, 11.0, 13.0, 5.0, 2.0, -3.0, 2.0, 7.0, 1.0, 9.0, 5.0, 7.0, 9.0, 16.0, 1.0, 10.0, -8.0, 6.0, 22.0, 9.0, 11.0, 8.0, 2.0, 4.0, -3.0, 2.0, 0.0, 0.0, 2.0, 16.0, -14.0, -3.0, -6.0, -2.0, 10.0, 13.0, 6.0, -4.0, 8.0, -6.0, 16.0, 7.0, 6.0, -1.0, 5.0, -6.0, 8.0, 2.0, 1.0, 16.0, 14.0, -2.0, 9.0, 0.0, 3.0, 5.0, 10.0, 7.0, -2.0, 3.0, 10.0, 1.0, 16.0, 9.0, 4.0, -1.0, 10.0, -1.0, -1.0, 3.0, 11.0, 1.0, 26.0, 13.0, 0.0, -2.0, 0.0, 10.0, 4.0, 13.0, 4.0, 4.0, 9.0, 6.0, 8.0, -2.0, -2.0, 11.0, 5.0, -1.0, 6.0, 7.0, 3.0, 12.0, -1.0, -1.0, 15.0, 3.0, -7.0, 12.0, -2.0, 6.0, 1.0, 5.0, -2.0, 7.0, 5.0, 6.0, -4.0, 3.0, -3.0, 15.0, 1.0, -2.0, 10.0, 8.0, -1.0, 9.0, 6.0, 0.0, 3.0, 7.0, 11.0, 13.0, 8.0, 4.0, 7.0, -5.0, 3.0, -1.0, -1.0, -3.0, 8.0, 3.0, 9.0, 6.0, 15.0, 9.0, 9.0, 9.0, -5.0, 18.0, -2.0, 2.0, 18.0, 2.0, -3.0, 1.0, 17.0, 14.0, 15.0, 10.0, -3.0, -9.0, 5.0, 7.0, 2.0, -4.0, 3.0, 10.0, 3.0, 6.0, -5.0, -1.0, -1.0, 11.0, 2.0, 2.0, 0.0, 1.0, 3.0, -3.0, 10.0, 2.0, 14.0, 1.0, 10.0, 1.0, 0.0, -2.0, -2.0, 20.0, 6.0, -1.0, -6.0, 12.0, 1.0, 5.0, -1.0, 5.0, -11.0, 9.0, 4.0, -5.0, 4.0, 16.0, -1.0, 3.0, 9.0, -14.0, 14.0, 5.0, 27.0, -1.0, -5.0, 2.0, -13.0, -4.0, 2.0, 4.0, 9.0, 5.0, 6.0, 12.0, 8.0, -4.0, 14.0, 6.0, -6.0, 7.0, -4.0, 6.0, 13.0, 4.0, 5.0, 3.0, 11.0, 3.0, 9.0, 11.0, 4.0, 3.0, -2.0, 10.0, 7.0, 0.0, -5.0, 3.0, 5.0, 6.0, 5.0, 19.0, 10.0, 9.0, 6.0, 9.0, 7.0, 0.0, 1.0, 8.0, 1.0, -1.0, 11.0, -5.0, 6.0, 10.0, 4.0, -3.0, 4.0, -1.0, 10.0, 9.0, 3.0, 8.0, 5.0, 6.0, 8.0, 9.0, -2.0, -5.0, 7.0, -5.0, 4.0, 13.0, 6.0, 3.0, 13.0, 5.0, 11.0, 5.0, 10.0, -6.0, 1.0, 7.0, 5.0, 7.0, 6.0, 6.0, 4.0, 7.0, 14.0, 11.0, 9.0, -3.0, 7.0, 12.0, 9.0, 17.0, 7.0, 4.0, -10.0, 8.0, -5.0, -6.0, 5.0, 8.0, 13.0, 8.0, -8.0, 10.0, 8.0, 7.0, 0.0, 5.0, 0.0, -1.0, 7.0, 0.0, 12.0, 5.0, -1.0, 0.0, 7.0, -6.0, 10.0, 16.0, 9.0, -1.0, 11.0, 2.0, 10.0, 16.0, -2.0, 2.0, 11.0, -11.0, -2.0, 10.0, 13.0, -5.0, 8.0, 4.0, 9.0, -6.0, 16.0, -2.0, 7.0, 7.0, 19.0, 2.0, 0.0, -3.0, 10.0, -5.0, 7.0, -1.0, -2.0, 10.0, -6.0, 8.0, 4.0, 9.0, -5.0, 10.0, 2.0, 6.0, 13.0, 8.0, 3.0, 9.0, 4.0, 0.0, 5.0, 0.0, 12.0, 13.0, -2.0, -2.0, 12.0, 3.0, 9.0, 11.0, 0.0, 9.0, 10.0, 20.0, -9.0, 2.0, -4.0, 6.0, -6.0, 0.0, -3.0, 12.0, -6.0, 6.0, 16.0, 7.0, 6.0, 7.0, 1.0, 12.0, 5.0, 5.0, -4.0, -3.0, 11.0, 11.0, 4.0, 11.0, 3.0, -2.0, 9.0, 4.0, -3.0, 9.0], "config": "6d", "seed": 23620010000, "seconds": 163.521347832866}