{"shoes": 600, "rounds": 25868, "n": 312, "decks": 6, "shelves": 2, "passes": 1, "penetration": 0.75, "surprises": 927, "comp_per_round": -0.009548476882634915, "order_delta_per_round": 0.015888356270295344, "clair_delta_per_round": 0.10928560383485388, "order_delta_per_shoe": 0.685, "clair_delta_per_shoe": 4.711666666666667, "order_z": 3.7432442897546543, "clair_z": 18.40515111156724, "order_changed_rate": 0.12687490335549714, "clair_changed_rate": 0.24396938302149374, "order_deltas": [7.0, 1.0, -2.0, 2.0, 1.0, 4.0, 7.0, 0.0, 1.0, 5.0, -8.0, 6.0, -6.0, -4.0, -1.0, 8.0, 4.0, 5.0, 2.0, -2.0, 2.0, -3.0, 0.0, 0.0, 0.0, -5.0, 4.0, 8.0, -4.0, 0.0, -3.0, 1.0, 6.0, -1.0, -1.0, -5.0, 1.0, 7.0, 1.0, -3.0, -1.0, -1.0, 8.0, 7.0, 8.0, -3.0, 2.0, -8.0, 9.0, 2.0, 4.0, -3.0, -5.0, 3.0, -4.0, 2.0, 2.0, 0.0, 0.0, -1.0, -3.0, -5.0, 4.0, -2.0, -2.0, -7.0, -1.0, 10.0, 3.0, 8.0, 11.0, 5.0, 6.0, 0.0, -4.0, -2.0, 5.0, 3.0, -4.0, 2.0, 5.0, 2.0, -1.0, 7.0, 14.0, -2.0, 0.0, -4.0, -8.0, -3.0, 4.0, 3.0, 2.0, 4.0, -3.0, 4.0, -6.0, -1.0, 5.0, 8.0, 3.0, -3.0, 1.0, -8.0, 2.0, 4.0, -7.0, 2.0, 4.0, -3.0, 3.0, 9.0, -2.0, -5.0, 2.0, 1.0, 0.0, -5.0, -4.0, 5.0, 2.0, 7.0, 8.0, -2.0, -8.0, 8.0, 3.0, -1.0, 2.0, 6.0, 3.0, 5.0, 2.0, 2.0, 3.0, -1.0, -3.0, 3.0, 9.0, -6.0, 0.0, 2.0, 10.0, 1.0, 2.0, -4.0, 5.0, 0.0, 2.0, -4.0, 6.0, -5.0, 7.0, -2.0, 8.0, -8.0, 0.0, 1.0, 8.0, 2.0, 6.0, -1.0, -1.0, -2.0, -1.0, 3.0, 5.0, -7.0, 4.0, 1.0, 2.0, -2.0, -13.0, -1.0, 2.0, 2.0, 4.0, 6.0, -9.0, 1.0, 0.0, 1.0, -1.0, 4.0, 5.0, -6.0, 5.0, 0.0, 0.0, -1.0, -5.0, 11.0, -6.0, 0.0, 5.0, 4.0, -2.0, 1.0, -3.0, -4.0, 3.0, -3.0, 2.0, 9.0, -1.0, 3.0, -3.0, -4.0, -7.0, 0.0, 0.0, -9.0, 5.0, 0.0, 4.0, 0.0, 3.0, -2.0, -7.0, -1.0, 5.0, 0.0, -3.0, 7.0, 4.0, 6.0, -8.0, 7.0, 1.0, 0.0, -1.0, 0.0, -1.0, -3.0, -1.0, 0.0, 5.0, -1.0, 0.0, 1.0, 3.0, -5.0, 2.0, -2.0, 1.0, 7.0, -6.0, 7.0, 6.0, 6.0, -3.0, 4.0, 4.0, 7.0, -9.0, -1.0, -4.0, 1.0, 3.0, 1.0, -7.0, 0.0, -6.0, -1.0, -3.0, 6.0, 0.0, 6.0, 7.0, 1.0, 0.0, -6.0, -10.0, -2.0, 1.0, -6.0, 0.0, -7.0, 7.0, -3.0, -3.0, 8.0, 8.0, 0.0, -4.0, 4.0, 4.0, 11.0, -1.0, -3.0, 3.0, 9.0, 3.0, -3.0, 1.0, 0.0, 5.0, -7.0, -3.0, -3.0, 0.0, 3.0, -6.0, 3.0, -1.0, -2.0, -4.0, -3.0, -2.0, -4.0, 8.0, -3.0, 0.0, 10.0, -4.0, 3.0, 0.0, 4.0, -12.0, -10.0, -1.0, 2.0, 0.0, -1.0, 6.0, 3.0, -3.0, 1.0, -8.0, 4.0, 1.0, -3.0, 6.0, 1.0, -1.0, 1.0, 1.0, -3.0, 7.0, -1.0, 6.0, -7.0, 4.0, -9.0, 8.0, 4.0, -6.0, 7.0, 13.0, 2.0, 2.0, -1.0, -4.0, 9.0, 3.0, 1.0, 0.0, 6.0, 5.0, 2.0, -2.0, 3.0, 0.0, -7.0, -2.0, 3.0, 0.0, -1.0, -4.0, 0.0, 1.0, 8.0, 11.0, -6.0, 0.0, -3.0, 2.0, 5.0, -1.0, 8.0, -1.0, -5.0, -4.0, -3.0, 5.0, -2.0, -7.0, 4.0, -1.0, -1.0, 4.0, -6.0, 4.0, 6.0, -4.0, 1.0, 2.0, 7.0, -4.0, 13.0, 2.0, -2.0, 0.0, 4.0, -4.0, 1.0, 2.0, 8.0, 4.0, 0.0, 4.0, 4.0, 4.0, -1.0, -3.0, 8.0, 2.0, -4.0, 2.0, -2.0, 11.0, 5.0, -6.0, -1.0, -4.0, 3.0, 4.0, 1.0, 7.0, 4.0, -1.0, 5.0, -2.0, 3.0, -1.0, -1.0, -6.0, 8.0, -8.0, -1.0, 3.0, 0.0, -1.0, 2.0, 8.0, 3.0, -1.0, 2.0, 5.0, 2.0, 0.0, 5.0, -6.0, 3.0, -7.0, -2.0, -3.0, 5.0, -1.0, -1.0, 4.0, 7.0, -7.0, -4.0, -5.0, -2.0, 1.0, 5.0, -1.0, 3.0, -2.0, -1.0, 5.0, 0.0, 0.0, 5.0, -14.0, 0.0, 4.0, -7.0, -3.0, 8.0, 7.0, -4.0, 0.0, 12.0, 3.0, 11.0, 4.0, 4.0, 0.0, 3.0, -4.0, -2.0, 1.0, -2.0, 3.0, 2.0, 10.0, 2.0, 2.0, 0.0, -5.0, 1.0, -4.0, -1.0, 1.0, 3.0, 4.0, -3.0, -2.0, -1.0, 0.0, 2.0, 9.0, 1.0, 1.0, -5.0, -2.0, 2.0, 0.0, -3.0, -1.0, -2.0, 6.0, -1.0, 1.0, 0.0, -4.0, 0.0, 0.0, -2.0, -1.0, 6.0, 0.0, 7.0, 6.0, 9.0, -7.0, 1.0, 2.0, 2.0, 0.0, -6.0, -3.0, 0.0, -5.0, 9.0, 1.0, -3.0, -4.0, 4.0, -2.0, -2.0, 1.0, -1.0, 1.0, 0.0, -4.0, 2.0, 1.0, 2.0, 4.0, 0.0, 0.0, 2.0, -2.0, 0.0, -1.0, -1.0, 2.0, 0.0, -1.0, 2.0, 2.0, 2.0, 0.0, 4.0, -2.0, 4.0, -3.0, -1.0, -7.0, -6.0, -7.0, 3.0, -2.0, 4.0, -1.0, -5.0, -3.0, 1.0, -3.0, -8.0, 1.0, 4.0, 6.0, 5.0, -1.0, 5.0], "clair_deltas": [-4.0, 18.0, -5.0, 9.0, 6.0, 7.0, 3.0, -4.0, 17.0, 10.0, 2.0, 10.0, 8.0, 5.0, 6.0, 0.0, 11.0, 3.0, 5.0, 1.0, 5.0, -5.0, 5.0, 10.0, -1.0, -7.0, 11.0, 8.0, 4.0, 10.0, 5.0, 1.0, 2.0, 0.0, -3.0, -4.0, 10.0, 8.0, 6.0, -4.0, -4.0, -9.0, 17.0, 7.0, 11.0, 4.0, 10.0, 1.0, 14.0, 3.0, 7.0, 5.0, 8.0, 3.0, 5.0, 6.0, -5.0, 3.0, 1.0, 11.0, 2.0, -1.0, 14.0, 11.0, 3.0, -2.0, 11.0, 8.0, 4.0, 9.0, 12.0, 6.0, 8.0, 4.0, -1.0, 10.0, 13.0, 0.0, 3.0, 6.0, 4.0, 15.0, 4.0, 4.0, 9.0, 1.0, 5.0, 7.0, 6.0, 4.0, 7.0, 4.0, 8.0, 14.0, 18.0, 7.0, -4.0, -1.0, 9.0, 8.0, 10.0, 15.0, 10.0, 2.0, -1.0, 11.0, 4.0, -1.0, 7.0, 4.0, 15.0, 17.0, 2.0, 4.0, -1.0, 8.0, 11.0, 2.0, 4.0, 15.0, 3.0, 19.0, 11.0, 7.0, -7.0, 11.0, 11.0, 0.0, 13.0, 3.0, 7.0, 20.0, 5.0, 6.0, 8.0, -1.0, 1.0, 4.0, 16.0, 13.0, 4.0, 7.0, 17.0, 7.0, -3.0, 12.0, 9.0, 5.0, -5.0, -1.0, 13.0, 2.0, 11.0, -4.0, 13.0, -5.0, 3.0, 2.0, 6.0, 1.0, 13.0, 2.0, -5.0, 3.0, -4.0, 8.0, 9.0, 2.0, 18.0, 2.0, 4.0, -2.0, 6.0, 2.0, 5.0, 4.0, 11.0, 14.0, -2.0, 2.0, -6.0, 20.0, 0.0, 8.0, 10.0, 3.0, 9.0, 10.0, 9.0, 14.0, -1.0, 10.0, -11.0, -1.0, 13.0, -2.0, -4.0, 2.0, 1.0, 9.0, 13.0, 6.0, -6.0, 7.0, 5.0, 16.0, 1.0, 2.0, 1.0, 4.0, 14.0, -3.0, 1.0, 4.0, 3.0, -6.0, -1.0, 3.0, -1.0, 4.0, 2.0, 14.0, 4.0, 6.0, 15.0, 8.0, -2.0, 5.0, 6.0, 2.0, 5.0, 4.0, -2.0, -2.0, 1.0, 0.0, 13.0, 6.0, 5.0, 5.0, 9.0, 0.0, -1.0, 1.0, 10.0, 17.0, 6.0, 10.0, 3.0, 12.0, 0.0, 5.0, 17.0, 12.0, -19.0, 5.0, 5.0, 2.0, -2.0, 3.0, -3.0, -1.0, 12.0, 3.0, 7.0, 8.0, 8.0, 11.0, 14.0, 10.0, 5.0, 2.0, -6.0, 9.0, 6.0, 5.0, 6.0, -2.0, -5.0, -2.0, 0.0, 13.0, 14.0, 3.0, 11.0, 9.0, 6.0, 3.0, 5.0, 9.0, 5.0, 14.0, 13.0, 4.0, -1.0, 3.0, 6.0, 2.0, 0.0, 1.0, -1.0, 10.0, -4.0, 11.0, -6.0, 4.0, 4.0, -7.0, 1.0, -1.0, 14.0, 20.0, 2.0, 8.0, -13.0, -3.0, 3.0, 12.0, -7.0, 0.0, 1.0, 6.0, 4.0, -3.0, 3.0, -3.0, -5.0, 8.0, 1.0, 4.0, 7.0, -1.0, 12.0, 14.0, 0.0, -5.0, 8.0, 3.0, 6.0, -1.0, 9.0, -5.0, 18.0, -2.0, 9.0, 11.0, 1.0, 9.0, 18.0, 10.0, 9.0, -5.0, 12.0, 5.0, 16.0, 8.0, -1.0, 8.0, 8.0, 9.0, 4.0, 6.0, -2.0, 8.0, 1.0, 5.0, 2.0, 2.0, 12.0, 4.0, 1.0, 7.0, 8.0, -3.0, 4.0, 2.0, 5.0, -2.0, 4.0, 7.0, 5.0, 6.0, -5.0, 16.0, 0.0, -9.0, -1.0, 13.0, 2.0, -6.0, 0.0, -7.0, 8.0, 7.0, -2.0, 7.0, 10.0, 15.0, -2.0, 10.0, 8.0, 1.0, -3.0, 4.0, 13.0, -1.0, 1.0, 12.0, 9.0, 1.0, 13.0, -2.0, 7.0, -4.0, -5.0, 15.0, 12.0, -1.0, 4.0, 0.0, 18.0, -2.0, 9.0, 6.0, -5.0, 5.0, 8.0, 7.0, 1.0, 6.0, 4.0, 11.0, -3.0, 7.0, 2.0, -1.0, -1.0, 14.0, 0.0, 1.0, 2.0, 15.0, 11.0, 12.0, 21.0, 10.0, 3.0, 13.0, 5.0, -1.0, 14.0, 14.0, -8.0, 25.0, -2.0, 9.0, -7.0, 6.0, 3.0, 5.0, 0.0, 10.0, -6.0, 10.0, 2.0, 5.0, -2.0, 2.0, 5.0, 11.0, 9.0, -4.0, 6.0, 7.0, 3.0, 6.0, -8.0, 6.0, 11.0, -4.0, 0.0, -5.0, 14.0, 0.0, -6.0, 8.0, 16.0, 11.0, 6.0, 7.0, 0.0, 2.0, -3.0, 12.0, 9.0, 5.0, 1.0, -8.0, 13.0, 17.0, 11.0, 2.0, 3.0, 3.0, -5.0, 4.0, 3.0, 8.0, 5.0, -5.0, 1.0, 5.0, 13.0, 7.0, 10.0, -7.0, 8.0, -12.0, 0.0, 0.0, 3.0, 3.0, 4.0, 7.0, 10.0, -4.0, 3.0, 10.0, 1.0, 1.0, 9.0, 4.0, 2.0, 7.0, 10.0, 9.0, 11.0, 9.0, -11.0, 1.0, 9.0, 8.0, -1.0, 0.0, -5.0, 5.0, -3.0, -2.0, -1.0, 7.0, 1.0, -1.0, 6.0, 3.0, 10.0, 10.0, 12.0, 4.0, 8.0, 9.0, 11.0, 7.0, 5.0, 3.0, 8.0, -4.0, 8.0, 9.0, 3.0, 1.0, -4.0, 8.0, 4.0, 5.0, 7.0, 9.0, 3.0, 4.0, 8.0, -8.0, 9.0, 5.0, -2.0, -6.0, -6.0, 5.0, 9.0, 8.0, 11.0, -6.0, -1.0, 5.0, 12.0, -5.0, 11.0, 14.0, 6.0, 5.0, 4.0, 9.0], "config": "6d", "seed": 23620002000, "seconds": 80.97428358299658}