{"shoes": 600, "rounds": 25813, "n": 312, "decks": 6, "shelves": 4, "passes": 1, "penetration": 0.75, "surprises": 1131, "comp_per_round": 0.001956378568938132, "order_delta_per_round": 0.0075155929182969825, "clair_delta_per_round": 0.11312129547127417, "order_delta_per_shoe": 0.3233333333333333, "clair_delta_per_shoe": 4.866666666666666, "order_z": 2.1591935454062554, "clair_z": 18.209433059799288, "order_changed_rate": 0.0915430209584318, "clair_changed_rate": 0.24348196645101305, "order_deltas": [1.0, 2.0, -1.0, 8.0, 3.0, -5.0, -3.0, 1.0, 6.0, -2.0, -1.0, 6.0, 8.0, -2.0, -5.0, 3.0, -1.0, -5.0, -1.0, 5.0, 8.0, 8.0, 0.0, 6.0, 1.0, 4.0, 1.0, 0.0, -5.0, -1.0, -3.0, 2.0, -2.0, 3.0, -1.0, 0.0, 1.0, 3.0, -4.0, -6.0, -2.0, 3.0, -6.0, 0.0, 2.0, -3.0, 6.0, -2.0, 4.0, 2.0, 4.0, 8.0, -3.0, 2.0, -2.0, -2.0, 0.0, 0.0, 4.0, -2.0, -2.0, 5.0, 2.0, -1.0, -2.0, -1.0, 1.0, -6.0, 9.0, 0.0, 1.0, 3.0, -3.0, 1.0, 3.0, 7.0, -1.0, 0.0, 6.0, -2.0, 0.0, -4.0, 7.0, 2.0, -4.0, -4.0, -2.0, -4.0, 3.0, 4.0, 2.0, 1.0, 7.0, 1.0, -1.0, -1.0, 2.0, 6.0, 1.0, 5.0, -4.0, -1.0, 2.0, 6.0, 0.0, 0.0, 5.0, 0.0, 3.0, 1.0, 3.0, -2.0, 2.0, -4.0, 5.0, 0.0, 3.0, -1.0, -6.0, 0.0, -1.0, 0.0, -1.0, 3.0, -1.0, -3.0, 3.0, 1.0, 0.0, -3.0, -5.0, -8.0, 5.0, 0.0, 13.0, 4.0, 1.0, 4.0, -1.0, 2.0, 5.0, 3.0, -1.0, 7.0, 1.0, 6.0, 10.0, -4.0, -1.0, 2.0, 6.0, -7.0, 2.0, -2.0, -1.0, 2.0, 0.0, 1.0, -3.0, 2.0, -6.0, -4.0, 5.0, -1.0, -4.0, -5.0, 3.0, -3.0, -3.0, -2.0, 4.0, -4.0, 4.0, -1.0, 5.0, -1.0, -6.0, -3.0, -5.0, -5.0, 6.0, -3.0, 5.0, 2.0, -6.0, 0.0, -2.0, 0.0, -4.0, -4.0, 1.0, -2.0, -2.0, -1.0, 5.0, -6.0, 0.0, 2.0, 0.0, -1.0, -2.0, -4.0, 3.0, 3.0, -5.0, -4.0, -1.0, -2.0, 0.0, 1.0, 3.0, 4.0, -3.0, 2.0, 3.0, -4.0, 6.0, 7.0, -1.0, -1.0, 4.0, -3.0, -1.0, 5.0, -2.0, 3.0, 5.0, 3.0, -9.0, 5.0, 1.0, 7.0, 0.0, -1.0, -3.0, -6.0, 0.0, -2.0, -9.0, 4.0, 0.0, -2.0, -5.0, 2.0, 2.0, 0.0, -2.0, 8.0, 5.0, -1.0, 1.0, 2.0, -1.0, -4.0, 1.0, -5.0, 2.0, -1.0, 0.0, -2.0, 1.0, -4.0, 3.0, -2.0, 5.0, -7.0, -5.0, 4.0, 1.0, 3.0, 4.0, 4.0, 5.0, -2.0, 0.0, -7.0, -2.0, -4.0, 2.0, -1.0, -10.0, -2.0, 7.0, -9.0, 3.0, 0.0, 1.0, -6.0, -2.0, -1.0, 1.0, -2.0, -4.0, 3.0, 7.0, 3.0, -2.0, -4.0, -1.0, 1.0, 6.0, 2.0, 7.0, -2.0, 0.0, 0.0, 1.0, 5.0, 2.0, 1.0, -1.0, 2.0, -5.0, 2.0, -7.0, 3.0, -3.0, -2.0, 1.0, 7.0, -1.0, 4.0, 4.0, 3.0, -3.0, 0.0, 1.0, 0.0, 5.0, -4.0, 2.0, -4.0, 0.0, -2.0, 3.0, 0.0, -1.0, 0.0, -3.0, -2.0, -2.0, 0.0, -6.0, -3.0, -6.0, 1.0, 1.0, 0.0, -2.0, 0.0, -1.0, 0.0, 0.0, 4.0, 3.0, 1.0, -4.0, 4.0, -4.0, 2.0, 3.0, 0.0, 4.0, 1.0, 5.0, -2.0, 6.0, 0.0, -1.0, 5.0, -2.0, 2.0, 1.0, 0.0, 1.0, -12.0, 0.0, 1.0, -2.0, 2.0, 7.0, 0.0, -5.0, 0.0, -2.0, -2.0, 2.0, 3.0, -3.0, 0.0, 1.0, -3.0, 0.0, 4.0, 1.0, 2.0, -4.0, -5.0, 5.0, -1.0, 3.0, 7.0, -7.0, -2.0, 0.0, 0.0, 3.0, -2.0, 5.0, 2.0, 4.0, -2.0, 3.0, -8.0, -1.0, 3.0, 4.0, 0.0, 3.0, 6.0, 2.0, 7.0, 1.0, 1.0, 1.0, 2.0, 2.0, 4.0, -2.0, -2.0, 3.0, 0.0, -2.0, 6.0, 4.0, 3.0, 0.0, 1.0, 0.0, 1.0, 0.0, 2.0, -3.0, -1.0, 1.0, 0.0, -6.0, -5.0, -1.0, -10.0, -1.0, 4.0, 4.0, -1.0, 5.0, 6.0, 6.0, 5.0, 2.0, -1.0, 1.0, -2.0, 2.0, 1.0, 0.0, 4.0, -7.0, 4.0, 8.0, 0.0, 6.0, -3.0, -5.0, 1.0, -1.0, 1.0, 1.0, -13.0, -2.0, -6.0, 1.0, 0.0, -2.0, -3.0, 3.0, -1.0, 0.0, -5.0, 0.0, 1.0, 1.0, -2.0, 4.0, -2.0, -4.0, 2.0, -3.0, 1.0, 4.0, 2.0, 1.0, 3.0, -6.0, 2.0, 3.0, 0.0, 1.0, 1.0, 0.0, 5.0, 1.0, 2.0, 5.0, -3.0, 1.0, 4.0, 1.0, 1.0, 1.0, 5.0, 0.0, -1.0, -4.0, 3.0, 5.0, 6.0, -3.0, 7.0, -1.0, -1.0, 1.0, 1.0, 0.0, -6.0, 3.0, -3.0, 2.0, 1.0, 1.0, -2.0, -3.0, -3.0, -2.0, -4.0, 0.0, 1.0, -8.0, -1.0, 8.0, -3.0, 6.0, 2.0, 7.0, 3.0, 5.0, 5.0, 2.0, -3.0, -3.0, -1.0, -3.0, 3.0, -3.0, 4.0, 1.0, -1.0, 1.0, -2.0, -1.0, -5.0, 0.0, 0.0, 0.0, 2.0, -1.0, 3.0, 1.0, -1.0, -3.0, -1.0, 1.0, 5.0, 0.0, -2.0, 5.0, -8.0, 2.0, -3.0, -8.0, 4.0, -8.0, 5.0, -2.0, -3.0, -1.0, 9.0, 6.0, 2.0, 2.0, -2.0], "clair_deltas": [19.0, 3.0, 5.0, 10.0, 14.0, 10.0, 5.0, 2.0, 17.0, -3.0, 1.0, 8.0, 6.0, 1.0, 6.0, 9.0, 9.0, -3.0, -1.0, 8.0, 11.0, 14.0, 1.0, 14.0, 10.0, -3.0, 0.0, -2.0, -1.0, 4.0, -5.0, 2.0, 8.0, 5.0, 5.0, 6.0, 3.0, 8.0, -5.0, -5.0, -2.0, 8.0, -7.0, 11.0, 0.0, 3.0, 18.0, 0.0, 12.0, 7.0, 8.0, 15.0, 1.0, 3.0, -2.0, 0.0, 6.0, 14.0, 9.0, 8.0, -3.0, -1.0, 4.0, -6.0, 0.0, 3.0, 4.0, -5.0, 14.0, 3.0, 1.0, 10.0, -2.0, -6.0, 3.0, 11.0, 2.0, 14.0, 11.0, 4.0, 11.0, 15.0, 5.0, 11.0, 2.0, 4.0, -1.0, -1.0, 6.0, 16.0, 13.0, 4.0, 10.0, -2.0, 1.0, 11.0, 10.0, 7.0, 4.0, 12.0, 5.0, 10.0, 1.0, 1.0, 3.0, 18.0, 12.0, 0.0, 9.0, 1.0, 21.0, 13.0, 6.0, -8.0, 5.0, -2.0, 2.0, 1.0, -5.0, 18.0, 0.0, 11.0, -8.0, 7.0, 2.0, 0.0, 2.0, 5.0, 5.0, 2.0, -1.0, -3.0, 8.0, -3.0, 14.0, 9.0, 4.0, 4.0, -4.0, 0.0, 12.0, 22.0, 5.0, -1.0, 20.0, 14.0, 23.0, -2.0, -5.0, -3.0, 9.0, -12.0, -3.0, -1.0, -3.0, 11.0, 9.0, -2.0, -1.0, 8.0, 0.0, -11.0, -1.0, -2.0, 1.0, 6.0, 11.0, -10.0, 7.0, 5.0, 13.0, 2.0, 7.0, 7.0, 6.0, 11.0, -2.0, -10.0, 3.0, -6.0, 15.0, 0.0, 8.0, 1.0, 25.0, -10.0, 6.0, 4.0, 7.0, -8.0, 1.0, 6.0, 0.0, -1.0, 11.0, -1.0, 10.0, 3.0, 7.0, 1.0, 14.0, 2.0, 4.0, 20.0, 2.0, -2.0, 10.0, -2.0, 15.0, 9.0, 13.0, 5.0, 7.0, 0.0, 6.0, -12.0, 16.0, 13.0, 2.0, 9.0, 14.0, -4.0, 6.0, -1.0, 12.0, 11.0, 21.0, 8.0, 4.0, 6.0, 2.0, 8.0, -2.0, 5.0, 7.0, 2.0, -6.0, 8.0, -4.0, 6.0, 2.0, 6.0, 3.0, 16.0, -3.0, 12.0, -10.0, 5.0, 2.0, 0.0, 8.0, 0.0, 17.0, -5.0, 16.0, -7.0, 1.0, 10.0, 3.0, 2.0, 16.0, 3.0, 12.0, -3.0, 14.0, 6.0, -1.0, 9.0, 6.0, 5.0, 14.0, 13.0, 7.0, 11.0, 2.0, -2.0, 5.0, -1.0, 9.0, 13.0, 4.0, 10.0, 7.0, -11.0, 6.0, 2.0, 13.0, 3.0, 0.0, 5.0, -7.0, 6.0, 3.0, 9.0, 8.0, 12.0, -6.0, 7.0, 9.0, 2.0, 25.0, 7.0, 8.0, 0.0, -10.0, 0.0, 3.0, 10.0, 7.0, 9.0, -3.0, 4.0, 3.0, 11.0, 12.0, 6.0, 3.0, 10.0, 3.0, 9.0, 14.0, -1.0, 13.0, -1.0, 5.0, 2.0, 14.0, 4.0, 4.0, 9.0, 3.0, -1.0, 0.0, -7.0, -2.0, -2.0, 3.0, 8.0, 2.0, 4.0, 10.0, 5.0, 0.0, 2.0, -11.0, 14.0, -3.0, 12.0, 11.0, 5.0, 7.0, 5.0, 11.0, 16.0, 14.0, -2.0, -5.0, 11.0, 5.0, 0.0, 7.0, 5.0, 0.0, 1.0, 1.0, 12.0, 7.0, 13.0, 9.0, 16.0, -1.0, 9.0, -11.0, 8.0, 3.0, -6.0, 6.0, 5.0, 2.0, 6.0, 3.0, 2.0, 5.0, 9.0, 3.0, 11.0, 17.0, 5.0, 2.0, 16.0, -8.0, -1.0, 8.0, 5.0, 7.0, 14.0, 1.0, 4.0, 10.0, 6.0, 3.0, 7.0, 2.0, 13.0, -2.0, 12.0, 11.0, 1.0, 8.0, 1.0, 12.0, 11.0, 7.0, 0.0, 2.0, 11.0, 6.0, 4.0, 2.0, 0.0, 6.0, 4.0, 5.0, 11.0, 5.0, 5.0, 4.0, 12.0, 4.0, 4.0, 2.0, 13.0, 5.0, 13.0, 6.0, 5.0, 10.0, 7.0, -6.0, -4.0, -4.0, 9.0, 6.0, 4.0, -8.0, 0.0, 9.0, -6.0, -2.0, 7.0, 2.0, 1.0, 8.0, -9.0, 6.0, 6.0, 15.0, 3.0, 9.0, -1.0, 0.0, 5.0, 14.0, 4.0, -14.0, 7.0, -1.0, 20.0, 10.0, 8.0, 3.0, 2.0, 8.0, 10.0, 13.0, 6.0, 2.0, -10.0, 11.0, -6.0, -1.0, -3.0, -1.0, 5.0, 6.0, -8.0, 5.0, 6.0, 7.0, 3.0, -2.0, -4.0, -3.0, -2.0, 2.0, 6.0, -2.0, 6.0, 7.0, 12.0, 10.0, 9.0, 0.0, 12.0, 0.0, 3.0, 5.0, 5.0, 8.0, 17.0, 3.0, 17.0, 5.0, -4.0, 1.0, 3.0, 5.0, 7.0, 16.0, -1.0, 2.0, -4.0, 1.0, 2.0, 16.0, 15.0, 7.0, 8.0, -5.0, 4.0, 3.0, 15.0, 7.0, 8.0, 11.0, 8.0, 12.0, 0.0, 12.0, 6.0, 3.0, 11.0, 4.0, 4.0, -2.0, 14.0, -2.0, 2.0, 14.0, -7.0, -5.0, 1.0, 9.0, 4.0, 4.0, 5.0, 2.0, 1.0, 10.0, 12.0, 3.0, 12.0, 0.0, 12.0, 10.0, 11.0, 14.0, 15.0, 0.0, -3.0, 4.0, 9.0, 4.0, 6.0, 14.0, 14.0, 7.0, 11.0, 12.0, 1.0, 2.0, 9.0, -7.0, 2.0, 10.0, -11.0, 0.0, 8.0, 0.0, 5.0, 7.0, 3.0, 4.0, 3.0, 4.0, 12.0, 8.0, 13.0, 8.0, 11.0], "config": "6d", "seed": 23620004000, "seconds": 100.9989912090823}