{"shoes": 600, "rounds": 25830, "n": 312, "decks": 6, "shelves": 1, "passes": 1, "penetration": 0.75, "surprises": 0, "comp_per_round": -0.006387921022067364, "order_delta_per_round": 0.05009678668215253, "clair_delta_per_round": 0.11560201316298878, "order_delta_per_shoe": 2.1566666666666667, "clair_delta_per_shoe": 4.976666666666667, "order_z": 10.154615838425828, "clair_z": 19.204273384606857, "order_changed_rate": 0.18381726674409601, "clair_changed_rate": 0.2491676345334882, "order_deltas": [1.0, -4.0, 12.0, -4.0, 11.0, 8.0, -2.0, -5.0, -3.0, 1.0, 6.0, 3.0, 0.0, 1.0, -2.0, 0.0, 2.0, 3.0, -4.0, 2.0, -5.0, 6.0, 3.0, -8.0, 16.0, 3.0, -1.0, 7.0, -4.0, 6.0, 2.0, 8.0, -2.0, 3.0, 16.0, -3.0, 10.0, 10.0, -2.0, 9.0, 2.0, 10.0, 1.0, 3.0, 1.0, 3.0, 6.0, -2.0, -2.0, 6.0, 8.0, -3.0, -2.0, 3.0, -5.0, -9.0, 0.0, -2.0, -3.0, 5.0, 4.0, 7.0, 4.0, -7.0, 3.0, -6.0, -1.0, 8.0, -6.0, 3.0, 10.0, 2.0, 7.0, 5.0, -4.0, 9.0, -1.0, -1.0, -5.0, 4.0, -4.0, -1.0, 11.0, 5.0, 0.0, 3.0, -7.0, 7.0, 2.0, 6.0, -7.0, 5.0, 7.0, -5.0, 2.0, 8.0, 1.0, -3.0, 4.0, -7.0, -3.0, -3.0, 8.0, 9.0, -3.0, 14.0, 3.0, -5.0, 1.0, 2.0, 5.0, 2.0, 1.0, 2.0, 3.0, 5.0, 1.0, 3.0, 9.0, -1.0, 4.0, 1.0, 12.0, -1.0, 12.0, 13.0, -7.0, 2.0, 9.0, 7.0, -2.0, -8.0, 4.0, 5.0, -1.0, 5.0, -2.0, -1.0, 2.0, 4.0, 6.0, 3.0, 1.0, 7.0, 3.0, 5.0, 8.0, -6.0, 2.0, -2.0, 1.0, 4.0, 7.0, 6.0, 5.0, -3.0, -2.0, 1.0, 8.0, 10.0, -2.0, 8.0, 10.0, 3.0, 8.0, -4.0, 0.0, -4.0, 0.0, -4.0, 1.0, 5.0, 5.0, -3.0, -6.0, 4.0, 4.0, 2.0, -4.0, 7.0, -2.0, -2.0, 7.0, 2.0, 7.0, 9.0, 2.0, 3.0, 3.0, 7.0, -1.0, 4.0, 2.0, -4.0, 5.0, -3.0, -8.0, 8.0, 5.0, 10.0, 4.0, -6.0, 0.0, -5.0, 1.0, -4.0, -3.0, 2.0, 0.0, 0.0, 8.0, -4.0, 0.0, 2.0, 8.0, 2.0, -1.0, 10.0, 2.0, -2.0, -4.0, 5.0, -3.0, 2.0, 4.0, 10.0, 2.0, 1.0, 9.0, -1.0, 7.0, 5.0, 7.0, 14.0, 5.0, 1.0, 0.0, -1.0, 1.0, 1.0, 7.0, -5.0, 12.0, 4.0, -1.0, 0.0, -9.0, 1.0, 0.0, 3.0, -2.0, 4.0, 0.0, -1.0, -12.0, 5.0, 0.0, -2.0, -2.0, 9.0, 10.0, 7.0, 5.0, -2.0, 7.0, 3.0, 9.0, 2.0, 7.0, 1.0, -7.0, 5.0, 8.0, 6.0, 9.0, -10.0, -6.0, 3.0, 8.0, 0.0, 0.0, -2.0, 1.0, -6.0, -3.0, 0.0, 0.0, 6.0, -9.0, -1.0, 8.0, -6.0, -4.0, -6.0, 8.0, -2.0, -1.0, -8.0, 5.0, -2.0, -10.0, 0.0, -6.0, 7.0, -2.0, 8.0, 2.0, 7.0, 2.0, 1.0, 6.0, 1.0, -5.0, 3.0, 6.0, 4.0, -6.0, 0.0, -4.0, -1.0, -4.0, 0.0, 3.0, 8.0, 0.0, 4.0, 3.0, 7.0, 1.0, 0.0, 8.0, -5.0, 17.0, -9.0, -1.0, -4.0, 6.0, 2.0, 1.0, 1.0, -6.0, -8.0, -1.0, 4.0, -1.0, 7.0, -3.0, 5.0, -3.0, 3.0, -1.0, 0.0, 3.0, 7.0, 1.0, 3.0, 8.0, -3.0, 2.0, -4.0, 10.0, 1.0, -5.0, -1.0, -1.0, 0.0, 4.0, 5.0, -1.0, 7.0, -2.0, -2.0, 7.0, -6.0, 13.0, -3.0, 12.0, 3.0, 0.0, 0.0, 6.0, 11.0, 2.0, 3.0, 0.0, -3.0, 3.0, 4.0, 7.0, -2.0, -4.0, 2.0, 1.0, 6.0, -8.0, 0.0, -2.0, 3.0, -6.0, 2.0, 3.0, 0.0, -2.0, 4.0, 5.0, 4.0, 3.0, 3.0, 2.0, 6.0, 1.0, 9.0, 4.0, 7.0, -1.0, 4.0, 3.0, 0.0, 2.0, -2.0, -2.0, 5.0, 0.0, 3.0, 4.0, 3.0, -2.0, 2.0, -5.0, 7.0, 2.0, -1.0, 1.0, -9.0, 11.0, -1.0, 0.0, 0.0, 14.0, 0.0, 3.0, 2.0, 18.0, -4.0, 8.0, 6.0, 6.0, 7.0, 1.0, 4.0, 10.0, 4.0, -2.0, 7.0, 2.0, 4.0, 6.0, 7.0, 14.0, -2.0, 2.0, 6.0, -5.0, 1.0, 5.0, 1.0, 1.0, 6.0, 15.0, -1.0, 0.0, 1.0, 4.0, -1.0, 2.0, -2.0, -3.0, 7.0, 5.0, 1.0, 9.0, 5.0, -1.0, -1.0, 2.0, 2.0, -9.0, 2.0, -3.0, 10.0, 5.0, 1.0, -1.0, 6.0, 4.0, 10.0, 5.0, 6.0, -2.0, 7.0, 1.0, 2.0, 3.0, 7.0, 5.0, 6.0, -11.0, 4.0, -2.0, 8.0, 8.0, 1.0, 7.0, 10.0, 11.0, -3.0, 4.0, -18.0, 3.0, 7.0, -1.0, 0.0, -3.0, 0.0, 2.0, 1.0, 4.0, -5.0, 5.0, 6.0, 0.0, -8.0, 4.0, 19.0, 2.0, 7.0, 0.0, 1.0, 3.0, 6.0, 3.0, -2.0, 7.0, 5.0, -4.0, -12.0, 8.0, 12.0, 10.0, -3.0, 8.0, 9.0, -4.0, 10.0, -2.0, 12.0, 0.0, 8.0, 5.0, 3.0, 11.0, 8.0, 4.0, 6.0, 0.0, 5.0, -9.0, 11.0, -1.0, 10.0, 5.0, -1.0, -2.0, 4.0, 5.0, -1.0, -3.0, 5.0, 1.0, 10.0, -8.0, 12.0, 9.0, 3.0, 3.0, -2.0, 14.0, 2.0, 4.0, 1.0, 6.0, -2.0, 4.0, -1.0, 2.0, 0.0, 8.0, 1.0, 7.0, 0.0], "clair_deltas": [7.0, 0.0, 16.0, 0.0, 11.0, 18.0, 1.0, -8.0, 1.0, 0.0, 10.0, 9.0, -3.0, 4.0, -1.0, 4.0, -4.0, 13.0, 5.0, 5.0, -7.0, 4.0, 9.0, -4.0, 27.0, -2.0, 14.0, 5.0, 5.0, 0.0, 5.0, 16.0, 6.0, 6.0, 17.0, -6.0, 6.0, 12.0, 9.0, 10.0, 13.0, 5.0, 7.0, 6.0, 3.0, 1.0, -2.0, 6.0, -5.0, 4.0, 9.0, 6.0, -12.0, 3.0, 4.0, 4.0, 8.0, -3.0, 0.0, 0.0, 5.0, 6.0, 5.0, -2.0, 7.0, 1.0, 0.0, 7.0, -5.0, 9.0, 13.0, 6.0, 7.0, 4.0, -1.0, 18.0, 4.0, 6.0, 0.0, 14.0, -2.0, 2.0, 17.0, 11.0, 6.0, 6.0, 0.0, 13.0, -4.0, 9.0, -2.0, 18.0, 11.0, -2.0, 5.0, 10.0, 3.0, 1.0, 8.0, -8.0, 2.0, 5.0, 13.0, 10.0, -2.0, 16.0, 6.0, -1.0, 4.0, 1.0, 12.0, 8.0, 14.0, -6.0, 9.0, 2.0, 4.0, 6.0, 1.0, -10.0, 2.0, 9.0, 13.0, 1.0, 10.0, 17.0, -8.0, 3.0, 11.0, 7.0, -3.0, -7.0, 7.0, 11.0, -4.0, 3.0, -2.0, 7.0, -1.0, 9.0, 10.0, 3.0, 0.0, 16.0, 8.0, 4.0, 11.0, -5.0, 3.0, -2.0, 0.0, 12.0, 8.0, 9.0, 11.0, 1.0, 2.0, 4.0, 13.0, 16.0, 1.0, 7.0, 11.0, 6.0, 13.0, 3.0, -3.0, -2.0, 4.0, 5.0, 4.0, 4.0, 7.0, 1.0, -9.0, 5.0, -2.0, 1.0, 5.0, 10.0, 4.0, 2.0, 7.0, 5.0, 6.0, 12.0, 10.0, 13.0, 14.0, 3.0, 3.0, 12.0, 6.0, -6.0, 1.0, 2.0, -1.0, 3.0, 6.0, 9.0, 7.0, -8.0, 3.0, 2.0, 17.0, 3.0, 2.0, 2.0, 1.0, 2.0, 8.0, -7.0, -1.0, 2.0, 13.0, 0.0, 3.0, 16.0, 3.0, 4.0, -5.0, 10.0, -7.0, 4.0, 0.0, 12.0, 3.0, -2.0, 12.0, -1.0, 7.0, 3.0, 10.0, 17.0, 6.0, 3.0, 8.0, 10.0, 0.0, 6.0, 11.0, 0.0, 8.0, 10.0, 0.0, 9.0, -10.0, 5.0, 2.0, 1.0, 3.0, 11.0, 0.0, -3.0, 2.0, 9.0, 1.0, -4.0, 3.0, 10.0, 14.0, 10.0, 9.0, 2.0, 10.0, 3.0, 15.0, 10.0, 9.0, 1.0, -2.0, 8.0, 14.0, -3.0, 16.0, -5.0, -5.0, 6.0, 16.0, 2.0, 2.0, -1.0, 3.0, 2.0, 8.0, 3.0, 4.0, 3.0, 2.0, 1.0, 20.0, -2.0, 7.0, -3.0, 13.0, 8.0, 4.0, 1.0, 9.0, 4.0, -12.0, -3.0, 0.0, 13.0, 3.0, 8.0, 7.0, 12.0, -3.0, 12.0, 11.0, 16.0, 8.0, 4.0, 10.0, 8.0, -1.0, 7.0, 1.0, 10.0, -3.0, 2.0, 2.0, 12.0, -1.0, 10.0, 1.0, 4.0, 3.0, -1.0, 8.0, 0.0, 17.0, -5.0, -4.0, -4.0, 3.0, 2.0, -4.0, 6.0, -17.0, -8.0, 6.0, 12.0, -4.0, 6.0, 3.0, 15.0, -1.0, 7.0, -4.0, -1.0, 10.0, 11.0, 3.0, 11.0, 19.0, 2.0, 9.0, 2.0, 9.0, 7.0, -2.0, 4.0, 9.0, -1.0, 9.0, 9.0, 1.0, 5.0, 4.0, -2.0, 11.0, 2.0, 11.0, 1.0, 17.0, 7.0, 0.0, -6.0, 13.0, 9.0, 4.0, 7.0, 7.0, 0.0, 1.0, 3.0, 4.0, 2.0, -8.0, 9.0, 7.0, 8.0, -7.0, 13.0, -5.0, 5.0, -8.0, -2.0, 2.0, 7.0, 2.0, 7.0, 12.0, 9.0, 10.0, 2.0, 7.0, 8.0, 9.0, 12.0, 3.0, 13.0, -2.0, 9.0, -1.0, 8.0, 9.0, 0.0, 6.0, 9.0, -3.0, 10.0, 4.0, 10.0, -3.0, -1.0, 2.0, 8.0, -2.0, -1.0, 4.0, -11.0, 5.0, 10.0, 8.0, 1.0, 20.0, 2.0, 5.0, 8.0, 22.0, -5.0, 3.0, 9.0, 10.0, 10.0, 9.0, 17.0, 11.0, 4.0, 8.0, 9.0, 1.0, 12.0, 16.0, 11.0, 9.0, 0.0, 4.0, 7.0, 1.0, 5.0, 3.0, 6.0, 4.0, 8.0, 7.0, -1.0, 10.0, 2.0, 4.0, -7.0, 6.0, 8.0, -4.0, 12.0, 5.0, 4.0, 4.0, 6.0, 8.0, 3.0, 6.0, -4.0, -1.0, 6.0, 9.0, 8.0, 10.0, -2.0, 5.0, -3.0, 2.0, 15.0, 18.0, 11.0, 3.0, 16.0, 3.0, 15.0, 8.0, 10.0, 5.0, 1.0, -6.0, 3.0, 5.0, 16.0, 8.0, 9.0, 9.0, 10.0, 10.0, 1.0, 9.0, -13.0, 10.0, 9.0, 5.0, 4.0, 0.0, -1.0, 12.0, 4.0, 7.0, 3.0, 10.0, 9.0, 3.0, -10.0, 1.0, 20.0, 7.0, 8.0, 1.0, 2.0, 11.0, 4.0, 7.0, 9.0, 11.0, 3.0, -1.0, -14.0, 9.0, 20.0, 5.0, 9.0, 2.0, 10.0, -7.0, 10.0, 0.0, 17.0, -7.0, 8.0, 7.0, 7.0, 16.0, 9.0, 9.0, 5.0, 2.0, 16.0, -3.0, 14.0, 6.0, 15.0, 4.0, -5.0, 0.0, 3.0, 9.0, -2.0, 0.0, 5.0, 1.0, 11.0, -1.0, 11.0, 9.0, 7.0, 5.0, 4.0, 22.0, 11.0, 12.0, 4.0, 5.0, 2.0, 10.0, -1.0, 12.0, -2.0, 11.0, 3.0, 18.0, 6.0], "config": "6d", "seed": 23620001000, "seconds": 65.98947949986905}