{"kind": "pog_curve", "rules": "RIDE_FREE", "penetration": 0.75, "paytable": [3.0, 10.0, 30.0, 60.0, 100.0, 300.0, 1000.0], "seed": 17400000001, "rounds": 2000000, "pog_total": -171915.0, "main_total": -21950.0, "bins": {"0": [524968, -45130.0, 10318494.0, -4437.0, 597659.5, -2405.1927906373808, 97313], "-1": [340730, -16596.0, 4875492.0, -4533.5, 388679.25, -319564.48257966037, 65539], "1": [319950, -40810.0, 4441242.0, -3450.5, 362081.75, 300815.65928819653, 57053], "2": [172160, -29383.0, 2202637.0, -1402.0, 193584.5, 335830.6949828936, 29357], "4": [55818, -14314.0, 456086.0, -192.5, 62259.25, 220807.68272376488, 8829], "5": [30624, -8903.0, 233281.0, -64.5, 34081.75, 151552.8463566973, 4604], "3": [95082, -18225.0, 1056219.0, 173.5, 107504.75, 280741.45559348894, 15840], "6": [17959, -4705.0, 254897.0, 48.5, 19995.25, 107016.57710198381, 2712], "7": [9313, -3201.0, 62241.0, 70.5, 10295.25, 64888.46190305434, 1329], "8": [5544, -2164.0, 32598.0, 58.5, 6100.25, 44056.4777515901, 739], "-2": [184476, -2221.0, 2762465.0, -3210.5, 211017.75, -360122.4582713401, 36756], "-3": [104035, -1266.0, 1443742.0, -2202.0, 119189.0, -307065.8899711578, 21070], "-4": [59790, 3727.0, 1056839.0, -1074.5, 69327.75, -236372.5805683435, 12764], "-5": [33175, 4199.0, 737387.0, -687.0, 38500.0, -164238.62433121933, 7344], "-6": [19378, 2926.0, 515352.0, -541.0, 22236.0, -115508.40029942153, 4315], "-7": [9959, 1484.0, 157730.0, -69.5, 11742.75, -69303.04791516179, 2317], "-8": [5847, 2307.0, 243779.0, -248.0, 6885.0, -46470.97365872982, 1481], "9": [2737, -1159.0, 15351.0, 81.0, 3038.0, 24464.003191202202, 333], "-9": [2882, 978.0, 125854.0, -121.0, 3360.5, -25767.723101749743, 756], "-10": [1580, 787.0, 117761.0, -116.5, 1864.75, -15678.85771750058, 404], "-11": [756, 757.0, 118747.0, -40.5, 899.75, -8249.67187387439, 220], "-12": [567, 303.0, 12567.0, -57.5, 637.75, -7179.508072360123, 164], "10": [1372, -671.0, 5449.0, 25.5, 1476.75, 13625.994579778202, 156], "11": [701, -351.0, 2623.0, 43.5, 807.75, 7655.358576025308, 79], "12": [597, -284.0, 3282.0, -3.0, 640.5, 7533.939962759453, 65]}}