{"kind": "pog_curve", "rules": "RIDE_FREE", "penetration": 0.75, "paytable": [3.0, 10.0, 30.0, 60.0, 100.0, 300.0, 1000.0], "arm": "farm", "seed": 17400000001, "rounds": 2000000, "pog_total": -106000.0, "main_total": -24679.0, "bins": {"0": [525157, -29582.0, 10919872.0, -5239.0, 597517.5, -2568.6988444124495, 98758], "-1": [341099, -5367.0, 5352853.0, -5231.5, 389133.25, -319899.77661573206, 66651], "1": [319651, -30518.0, 4815414.0, -3787.5, 361966.25, 300550.2812323319, 57979], "2": [171966, -23486.0, 3430556.0, -1647.0, 193453.5, 335473.75398221595, 29814], "4": [55690, -13258.0, 488104.0, -287.0, 61971.5, 220295.20793874143, 8917], "5": [30583, -7988.0, 270980.0, -151.5, 33985.25, 151339.51942474372, 4675], "3": [94968, -16310.0, 1109856.0, -2.5, 107289.75, 280362.8891550303, 16036], "6": [17903, -4295.0, 271369.0, 43.0, 19961.5, 106679.09483757682, 2742], "7": [9306, -3051.0, 69705.0, 97.0, 10325.0, 64845.36303142704, 1340], "8": [5521, -2120.0, 30362.0, 90.5, 6076.25, 43883.34784205886, 747], "-2": [184697, 5769.0, 3072459.0, -3361.0, 211532.5, -360557.2669619679, 37567], "-3": [104054, 2417.0, 1571811.0, -2339.5, 119103.25, -307104.64019311214, 21441], "-4": [59765, 6758.0, 1171576.0, -981.0, 69536.0, -236262.64350510313, 13035], "-5": [33227, 5624.0, 779014.0, -757.0, 38573.5, -164476.9034745718, 7508], "-6": [19413, 4046.0, 623994.0, -642.5, 22199.75, -115705.4566492677, 4408], "-7": [9974, 1932.0, 174988.0, -62.5, 11778.25, -69410.78431794223, 2357], "-8": [5830, 2553.0, 249031.0, -233.0, 6888.0, -46327.40389842547, 1505], "9": [2725, -1100.0, 16578.0, 86.5, 3036.75, 24352.296425945646, 337], "-9": [2885, 1121.0, 128747.0, -132.5, 3401.75, -25795.297639857465, 774], "-10": [1582, 891.0, 120265.0, -119.5, 1887.25, -15699.316352509077, 415], "-11": [752, 761.0, 118743.0, -29.0, 904.0, -8206.472831578603, 220], "-12": [575, 494.0, 27238.0, -58.5, 638.25, -7273.706251404044, 176], "10": [1375, -660.0, 5326.0, 37.5, 1480.75, 13653.179500190821, 161], "11": [700, -346.0, 2630.0, 41.0, 812.5, 7645.37943425426, 80], "12": [602, -285.0, 3295.0, -12.5, 640.25, 7592.608220413412, 66]}}