{"kind": "pog_curve", "rules": "RIDE_FREE", "penetration": 0.75, "paytable": [3.0, 10.0, 30.0, 60.0, 100.0, 300.0, 1000.0], "seed": 17800000001, "rounds": 2000000, "pog_total": -166144.0, "main_total": -20201.0, "bins": {"0": [525748, -44307.0, 10515887.0, -5517.0, 597602.0, -2625.0924443022805, 97489], "-1": [340422, -17363.0, 6009017.0, -4016.0, 389869.5, -319000.0196427231, 65402], "-2": [183043, -214.0, 4012994.0, -3347.0, 209676.5, -357183.3044621505, 36607], "-3": [101156, 3197.0, 1739697.0, -1949.5, 116539.75, -298449.2715032949, 20923], "-4": [56986, 3667.0, 993233.0, -1352.0, 65542.5, -225337.10766738295, 12156], "1": [321331, -41480.0, 5869846.0, -1721.5, 363712.25, 302434.17074928636, 57400], "2": [175631, -29236.0, 3017022.0, -130.0, 198074.5, 342729.9792539641, 30135], "-5": [32660, 2152.0, 558996.0, -1019.0, 37481.0, -161726.79174542567, 6973], "3": [97622, -18376.0, 1132468.0, 123.5, 110297.25, 287942.78089932294, 16374], "-6": [19110, 3745.0, 607361.0, -563.0, 22357.5, -113941.62654975014, 4333], "-8": [5533, 2174.0, 1091860.0, -329.0, 6366.0, -43982.39788287815, 1349], "-9": [2817, 633.0, 58725.0, -183.5, 3369.25, -25219.707140499577, 668], "4": [55877, -11718.0, 1511200.0, -318.0, 62487.5, 221094.5353189909, 9038], "5": [30984, -7568.0, 288696.0, 235.5, 34915.25, 153365.80891473047, 4906], "-7": [9785, 1317.0, 145179.0, -69.5, 11301.25, -68092.5634087947, 2262], "-10": [1489, 368.0, 22462.0, -80.0, 1707.0, -14786.499277211513, 372], "6": [18390, -6054.0, 147108.0, -65.5, 20351.25, 109614.28268673552, 2599], "7": [9248, -3284.0, 74424.0, 123.0, 10127.5, 64357.45927608029, 1253], "8": [5398, -1884.0, 45336.0, -10.0, 6002.0, 42918.34379648939, 735], "9": [2663, -1007.0, 15033.0, 70.0, 2965.0, 23844.299547415525, 362], "10": [1424, -639.0, 7189.0, -18.5, 1572.25, 14121.79165499503, 169], "11": [685, -332.0, 3450.0, 13.5, 706.25, 7479.936930917948, 75], "-11": [751, 256.0, 11428.0, -9.0, 874.5, -8210.301766298242, 207], "12": [577, -304.0, 1354.0, -24.0, 649.0, 7334.6906155627275, 66], "-12": [670, 113.0, 15843.0, -44.5, 784.75, -8483.730295869886, 152]}}