{"kind": "pog_curve", "rules": "RIDE_FREE", "penetration": 0.75, "paytable": [3.0, 10.0, 30.0, 60.0, 100.0, 300.0, 1000.0], "arm": "farm", "seed": 17600000001, "rounds": 2000000, "pog_total": -125885.0, "main_total": -27630.5, "bins": {"0": [527736, -35882.0, 8766632.0, -7053.5, 597850.25, -2202.778017835007, 98748], "-1": [340645, -11904.0, 5111026.0, -6956.5, 387677.75, -319562.23803658545, 65701], "-2": [183683, 918.0, 3143762.0, -2903.0, 210614.0, -358413.4913391077, 36780], "-3": [101751, 7355.0, 2780515.0, -1739.0, 117585.5, -300183.9972330605, 21326], "-4": [58028, 7648.0, 1486586.0, -1757.0, 66729.5, -229322.04410915714, 12668], "1": [322193, -33214.0, 5214598.0, -2914.0, 364966.5, 302959.0356483144, 58186], "2": [173267, -27933.0, 1986369.0, -1773.0, 194321.0, 337927.9720414663, 29789], "3": [96074, -16057.0, 2226875.0, -29.0, 107810.5, 283539.17293172015, 16182], "4": [55431, -12348.0, 526202.0, -348.5, 61901.75, 219228.48194229204, 8953], "5": [31022, -7026.0, 469462.0, -68.0, 34392.5, 153651.86998167707, 4847], "6": [18182, -5047.0, 168635.0, 27.5, 20250.75, 108299.01695678498, 2695], "-5": [32220, 4739.0, 737713.0, -710.5, 37412.25, -159593.24057674216, 7273], "-6": [19019, 2808.0, 315930.0, -540.0, 22206.0, -113463.30357764316, 4327], "7": [8933, -2804.0, 67822.0, 170.0, 10003.0, 62134.37924639602, 1274], "-7": [9890, 2535.0, 244515.0, -398.5, 11603.25, -68829.48510822971, 2318], "-8": [5821, 1312.0, 107268.0, -358.0, 6632.0, -46263.1940508373, 1411], "-9": [2806, 1351.0, 239317.0, -232.0, 3200.0, -25100.85893490015, 699], "-10": [1531, 790.0, 113912.0, -127.5, 1773.75, -15193.60125678393, 406], "9": [2499, -599.0, 30127.0, -44.0, 2823.5, 22379.14533514075, 364], "8": [5291, -1929.0, 32811.0, 33.0, 5840.0, 42019.65405951148, 715], "10": [1434, -671.0, 5481.0, 44.0, 1565.5, 14220.728597465031, 173], "11": [665, -288.0, 3026.0, 21.5, 688.25, 7263.635374719252, 82], "12": [562, -219.0, 2393.0, 57.0, 640.0, 7184.954908300626, 78], "-11": [754, 286.0, 17008.0, -26.0, 913.5, -8244.111225812743, 200], "-12": [563, 294.0, 16518.0, -5.5, 669.25, -7115.386835742681, 157]}}