{"kind": "pog_curve", "rules": "RIDE_FREE", "penetration": 0.75, "paytable": [3.0, 10.0, 30.0, 60.0, 100.0, 300.0, 1000.0], "seed": 17000000001, "rounds": 2000000, "pog_total": -175202.0, "main_total": -23002.0, "bins": {"0": [524754, -51586.0, 6842882.0, -6102.5, 595625.25, -2443.9357822989336, 96816], "-1": [339726, -17060.0, 6156822.0, -5899.0, 387238.0, -318744.60176484706, 65090], "1": [320643, -42593.0, 4180065.0, -2452.5, 363612.75, 302021.29091188865, 57306], "2": [175454, -28713.0, 2068233.0, -933.0, 197877.0, 342477.6679359573, 30278], "3": [98122, -20444.0, 984250.0, 114.5, 110646.25, 289646.1415942342, 16115], "4": [56012, -13641.0, 498883.0, -230.0, 62185.0, 221382.08808920407, 8923], "7": [9384, -3014.0, 67918.0, 70.5, 10420.25, 65251.347633697245, 1339], "5": [30768, -6738.0, 1341678.0, 223.5, 34455.25, 152384.7825141072, 4823], "-2": [182669, -1758.0, 3256412.0, -2814.0, 208587.0, -356455.7322089947, 36218], "-3": [102573, 2810.0, 1993168.0, -1385.0, 118183.5, -302908.2324406501, 21108], "6": [18462, -5595.0, 140285.0, 209.5, 20691.75, 110000.2543585655, 2737], "-4": [58793, 5041.0, 1065931.0, -1435.0, 67617.0, -232507.17339704192, 12695], "-5": [32673, 3129.0, 563019.0, -1023.5, 37947.75, -161728.6139471197, 7189], "-6": [18767, 3459.0, 374307.0, -466.0, 21885.5, -111868.76630529406, 4324], "-7": [9570, 2343.0, 186975.0, -474.5, 11311.75, -66564.32465973901, 2296], "8": [5353, -1877.0, 38261.0, 60.0, 6072.5, 42533.8208733681, 748], "9": [2692, -1292.0, 10380.0, 12.5, 2898.75, 24073.284107971773, 316], "10": [1377, -337.0, 15597.0, 22.0, 1587.0, 13678.062802290086, 204], "-10": [1397, 215.0, 12919.0, -32.0, 1630.0, -13868.94829328573, 355], "12": [635, -285.0, 2557.0, -8.5, 668.75, 8050.863811925808, 79], "-8": [5480, 1818.0, 131414.0, -186.5, 6533.25, -43520.20037228333, 1386], "11": [757, -360.0, 2850.0, -46.0, 817.5, 8268.13127025132, 90], "-9": [2662, 741.0, 35117.0, -125.0, 3097.0, -23804.344160463475, 704], "-12": [577, 370.0, 16208.0, -50.5, 658.75, -7305.687576874825, 172], "-11": [700, 165.0, 12665.0, -51.0, 792.0, -7647.211652435777, 172]}}