{"kind": "pog_curve", "rules": "RIDE_FREE", "penetration": 0.75, "paytable": [3.0, 10.0, 30.0, 60.0, 100.0, 300.0, 1000.0], "arm": "farm", "seed": 16900000001, "rounds": 2000000, "pog_total": -130867.0, "main_total": -24394.0, "bins": {"0": [526240, -34828.0, 8778176.0, -7400.0, 597327.0, -2254.0985009324077, 98795], "-1": [341465, -9961.0, 4893765.0, -5078.5, 390616.75, -320225.22155944124, 66375], "-2": [184266, 496.0, 2853928.0, -2055.5, 210923.75, -359593.80443200824, 36940], "1": [319356, -32625.0, 4367791.0, -2461.5, 361551.25, 300271.93542390654, 58202], "2": [173684, -27292.0, 1778574.0, -1510.0, 195805.5, 338843.5531184727, 30190], "-3": [102129, 3527.0, 1582805.0, -2073.5, 116404.25, -301320.00355046056, 21177], "-4": [58857, 4960.0, 1119362.0, -1882.0, 67288.5, -232773.8557024791, 12538], "-5": [32485, 5791.0, 723589.0, -857.5, 37742.75, -160876.931797284, 7455], "-6": [19164, 3898.0, 1357150.0, -337.0, 22199.0, -114104.16850009671, 4436], "-8": [5674, 1959.0, 221015.0, -269.0, 6522.5, -45066.506225142, 1395], "-7": [9948, 1641.0, 154525.0, -358.0, 11584.5, -69213.93553274874, 2313], "3": [97522, -16712.0, 2248778.0, -522.5, 110006.75, 287808.4722473433, 16328], "4": [55741, -13250.0, 556694.0, 751.5, 62222.25, 220381.8961130394, 8886], "5": [30710, -8933.0, 328669.0, -134.0, 33769.5, 151998.1016887859, 4542], "6": [17711, -5308.0, 156584.0, -56.0, 19395.0, 105511.91166904154, 2595], "7": [8997, -2681.0, 77061.0, 62.0, 10143.5, 62604.94328258694, 1309], "8": [5307, -1903.0, 31791.0, -42.5, 5850.75, 42174.52300244016, 724], "10": [1413, -712.0, 5182.0, -5.0, 1522.0, 14010.180369721344, 159], "-9": [2696, 1445.0, 87097.0, -130.5, 3136.75, -24132.60005683, 735], "-10": [1435, 567.0, 30769.0, -122.0, 1703.0, -14243.288594587564, 389], "9": [2708, -939.0, 22787.0, 37.5, 2979.25, 24217.991120994368, 366], "11": [630, -287.0, 2769.0, 62.0, 707.5, 6878.582246615604, 75], "-11": [693, 165.0, 12115.0, 17.0, 833.0, -7562.123553923735, 172], "12": [602, -268.0, 3252.0, -6.0, 661.5, 7649.941687360055, 71], "-12": [567, 383.0, 24533.0, -23.0, 637.5, -7181.308105762219, 169]}}