{"kind": "pog_curve", "rules": "RIDE_FREE", "penetration": 0.75, "paytable": [3.0, 10.0, 30.0, 60.0, 100.0, 300.0, 1000.0], "seed": 16900000001, "rounds": 2000000, "pog_total": -190708.0, "main_total": -21456.0, "bins": {"0": [525961, -49748.0, 8065190.0, -6611.0, 597226.5, -2246.5225035714875, 97417], "-1": [341262, -21587.0, 4393107.0, -4613.5, 390162.25, -320047.8629056047, 65258], "-2": [184229, -5979.0, 2551251.0, -1800.0, 210942.0, -359547.28165997384, 36322], "1": [319680, -41818.0, 3985360.0, -2063.0, 362017.0, 300631.8004523513, 57388], "2": [173752, -30604.0, 1675488.0, -1280.0, 196113.0, 339004.24817471264, 29905], "-3": [102130, -312.0, 1435522.0, -1717.0, 116705.5, -301327.0108689495, 20830], "-4": [58875, 2643.0, 1035953.0, -1747.0, 67329.5, -232849.71546495057, 12322], "-5": [32434, 4309.0, 687617.0, -849.0, 37544.0, -160613.47174228882, 7279], "-6": [19187, 2579.0, 1231755.0, -358.0, 22203.0, -114246.75088245241, 4323], "-8": [5689, 1518.0, 201708.0, -257.5, 6551.75, -45196.34930958566, 1357], "-7": [9951, 1033.0, 133881.0, -378.5, 11554.25, -69237.90563666566, 2256], "3": [97527, -18853.0, 2166695.0, -275.5, 110040.25, 287821.4124445997, 16139], "4": [55807, -14215.0, 526519.0, 697.0, 62514.5, 220642.68111301155, 8816], "5": [30756, -9348.0, 305568.0, -79.0, 33946.0, 152219.27741914475, 4534], "6": [17716, -5286.0, 157316.0, 33.0, 19517.0, 105550.87425788655, 2602], "7": [8995, -2801.0, 75285.0, 38.5, 10123.25, 62593.4232995345, 1290], "8": [5289, -1942.0, 29908.0, -26.0, 5818.0, 42025.67055513476, 720], "10": [1425, -730.0, 5028.0, 21.5, 1555.25, 14126.415558205554, 159], "-9": [2688, 1162.0, 67620.0, -125.5, 3091.25, -24061.223722636623, 719], "-10": [1441, 459.0, 28281.0, -119.0, 1700.0, -14302.254533996957, 379], "9": [2719, -1033.0, 20727.0, 20.5, 2970.75, 24316.57295256226, 357], "11": [630, -279.0, 2785.0, 58.5, 700.75, 6875.270244943664, 77], "-11": [689, 97.0, 10899.0, 15.5, 812.75, -7520.87407808651, 161], "12": [600, -259.0, 3341.0, -8.5, 657.25, 7621.624389412206, 72], "-12": [568, 286.0, 14468.0, -32.5, 631.25, -7194.2784593648885, 166]}}