{"kind": "pog_curve", "rules": "RIDE_FREE", "penetration": 0.75, "paytable": [3.0, 10.0, 30.0, 60.0, 100.0, 300.0, 1000.0], "arm": "farm", "seed": 17200000001, "rounds": 2000000, "pog_total": -119442.0, "main_total": -26666.0, "bins": {"0": [527328, -33816.0, 8433484.0, -7666.5, 598374.25, -2460.6715153590985, 98762], "1": [320260, -32379.0, 4381417.0, -2482.0, 361932.0, 301331.4390702701, 58073], "-1": [340694, -10108.0, 5729268.0, -4996.5, 388799.25, -319831.4099447463, 66023], "2": [173634, -23196.0, 2240578.0, -1047.5, 196081.25, 338885.4547686462, 30345], "3": [97632, -16325.0, 1256665.0, -24.0, 109508.5, 288214.0688260428, 16618], "-2": [183876, 1850.0, 3023804.0, -3372.5, 210652.75, -358534.6712835915, 37056], "-3": [102304, 4981.0, 1729493.0, -2359.5, 117096.25, -301928.4547893525, 21233], "-4": [58451, 7006.0, 1098412.0, -1655.0, 67591.5, -231140.99839880466, 12824], "-5": [32512, 4973.0, 638081.0, -1196.5, 37209.75, -160941.31663233886, 7277], "-6": [18828, 3916.0, 521774.0, -709.5, 21644.75, -112246.59551053219, 4333], "-7": [9826, 1965.0, 170809.0, -407.5, 11475.75, -68392.32610861327, 2319], "-8": [5457, 1194.0, 85168.0, -427.0, 6161.0, -43377.1392802212, 1352], "-9": [2731, 617.0, 47195.0, -115.5, 3153.25, -24455.804793659274, 670], "-11": [742, 323.0, 9059.0, -26.5, 835.25, -8111.977097994943, 223], "4": [55209, -11450.0, 526992.0, -95.0, 61775.0, 218192.96344361216, 9025], "5": [30442, -7967.0, 294463.0, 104.5, 34070.25, 150742.85281722518, 4634], "6": [18024, -4926.0, 165434.0, -43.0, 20006.5, 107466.34586821843, 2732], "8": [5418, -2161.0, 29663.0, -22.5, 5849.75, 43061.11486808385, 714], "7": [9373, -3042.0, 62382.0, -20.5, 10394.75, 65236.79225436781, 1350], "9": [2572, -920.0, 11832.0, 70.0, 2867.0, 22970.07681990773, 372], "10": [1432, -648.0, 6512.0, -7.0, 1566.5, 14200.858755775424, 172], "-10": [1493, 864.0, 54156.0, -104.0, 1744.5, -14827.971167471653, 427], "-12": [514, 457.0, 22719.0, -25.5, 598.75, -6495.431717825582, 176], "11": [679, -303.0, 3567.0, -20.5, 736.75, 7409.845820516054, 80], "12": [569, -347.0, 1167.0, -16.5, 643.75, 7221.069552186495, 54]}}