{"kind": "pog_curve", "rules": "RIDE_FREE", "penetration": 0.75, "paytable": [3.0, 10.0, 30.0, 60.0, 100.0, 300.0, 1000.0], "seed": 17500000001, "rounds": 2000000, "pog_total": -180030.0, "main_total": -21297.0, "bins": {"0": [526047, -48489.0, 9497883.0, -5786.5, 597100.25, -2677.074092896114, 96876], "1": [319101, -45043.0, 3858379.0, -1727.5, 361263.75, 300263.3948761445, 56639], "2": [173745, -27110.0, 2265764.0, -725.5, 196499.75, 339245.50876796007, 30204], "3": [97533, -18248.0, 1184102.0, 536.5, 110683.75, 287724.17334426637, 16322], "4": [55506, -13449.0, 466129.0, -96.5, 62422.25, 219358.21599917146, 8870], "5": [30436, -8393.0, 241167.0, 309.0, 33970.0, 150743.5985431975, 4654], "-1": [341099, -17176.0, 5904942.0, -4242.0, 389573.5, -320223.1039307455, 65742], "-2": [184614, -5050.0, 3893380.0, -3682.0, 211190.5, -360364.41857540683, 36319], "-3": [103196, 1968.0, 2431014.0, -2161.0, 118225.5, -304473.3896919944, 21090], "-4": [58747, 2905.0, 1072019.0, -1248.0, 67704.0, -232230.80665629468, 12565], "-5": [32592, 3629.0, 647347.0, -731.5, 37791.25, -161303.29556703722, 7093], "-6": [18927, 2190.0, 276258.0, -650.5, 21738.75, -112831.5941637843, 4265], "6": [17931, -5509.0, 221009.0, -7.0, 20012.5, 106889.1664321884, 2605], "-7": [9831, 2562.0, 1155106.0, -368.5, 11210.75, -68434.97457580264, 2281], "7": [9050, -3554.0, 55302.0, 86.5, 10016.25, 62986.47921148147, 1193], "-8": [5646, 1101.0, 90487.0, -412.0, 6405.5, -44861.148944978464, 1350], "-9": [2831, 808.0, 47180.0, -172.0, 3216.5, -25315.545685151916, 723], "8": [5208, -2233.0, 25633.0, -136.0, 5614.0, 41363.00064744495, 656], "9": [2609, -1088.0, 13810.0, 40.0, 2865.5, 23325.998916182092, 328], "10": [1475, -690.0, 5412.0, 22.0, 1605.0, 14639.123002575398, 180], "11": [727, -383.0, 2483.0, 8.0, 787.0, 7956.106798691693, 79], "-10": [1409, 732.0, 35658.0, -89.0, 1653.0, -13981.223925125407, 399], "12": [501, -222.0, 5450.0, 40.0, 532.0, 6330.926263838659, 53], "-11": [717, 151.0, 9519.0, -67.5, 839.75, -7830.042510820112, 181], "-12": [522, 561.0, 109631.0, -36.0, 591.0, -6598.558030338126, 142]}}