{"kind": "pog_curve", "rules": "RIDE_FREE", "penetration": 0.75, "paytable": [3.0, 10.0, 30.0, 60.0, 100.0, 300.0, 1000.0], "seed": 17700000001, "rounds": 2000000, "pog_total": -169584.0, "main_total": -22505.5, "bins": {"0": [526555, -45514.0, 10112284.0, -5564.0, 598189.5, -2063.3912645078703, 97627], "-1": [340997, -18426.0, 4818424.0, -3895.5, 389139.25, -320160.6813436251, 65678], "1": [321216, -36709.0, 6452601.0, -3187.5, 364226.75, 302084.322638356, 57935], "2": [174619, -28371.0, 2003571.0, -1681.0, 196529.0, 340908.3762193776, 30212], "3": [97843, -20993.0, 999105.0, -47.5, 109982.25, 288630.2131229637, 16116], "4": [55399, -13744.0, 588060.0, -86.5, 62068.75, 218994.8431227105, 8692], "6": [18328, -5387.0, 147521.0, 145.0, 20485.5, 109192.65011242034, 2745], "5": [31133, -9393.0, 223357.0, 81.5, 34373.75, 154104.86107458294, 4631], "-2": [183818, -4643.0, 2920057.0, -3185.5, 210795.25, -358654.24401595566, 36348], "7": [9133, -3014.0, 58564.0, 177.5, 10251.25, 63581.43669611001, 1326], "-3": [101074, 5024.0, 2895548.0, -1910.0, 116102.5, -298403.25628355256, 20905], "-4": [57804, 2856.0, 927536.0, -1270.5, 66603.75, -228463.11050223798, 12193], "-5": [31698, 3300.0, 551964.0, -847.5, 36751.75, -156998.281953151, 7019], "-6": [18985, 3638.0, 425124.0, -642.0, 21948.5, -113213.07840659411, 4417], "8": [5378, -2008.0, 34332.0, 99.0, 5961.5, 42741.57474757186, 719], "9": [2651, -1088.0, 16576.0, 129.5, 2977.25, 23737.42922789317, 332], "-7": [9884, 1532.0, 181380.0, -343.0, 11485.5, -68793.2967676722, 2246], "-9": [2779, 841.0, 51299.0, -67.0, 3244.0, -24826.564649996915, 714], "-8": [5621, 2875.0, 1187347.0, -282.0, 6539.5, -44683.58187200441, 1447], "-11": [674, 136.0, 7028.0, -63.0, 768.5, -7358.6570962795995, 170], "-10": [1351, 511.0, 42705.0, -29.0, 1571.5, -13390.761273765063, 350], "10": [1381, -668.0, 6242.0, -4.5, 1491.75, 13694.21449054039, 155], "11": [669, -253.0, 4397.0, 10.5, 779.25, 7317.12571758611, 86], "12": [478, -217.0, 1231.0, -17.5, 530.25, 6060.393421684145, 63], "-12": [532, 131.0, 5591.0, -25.0, 626.0, -6691.836383005874, 143]}}