{"kind": "pog_curve", "rules": "RIDE_FREE", "penetration": 0.75, "paytable": [3.0, 10.0, 30.0, 60.0, 100.0, 300.0, 1000.0], "arm": "farm", "seed": 17700000001, "rounds": 2000000, "pog_total": -109969.0, "main_total": -24303.5, "bins": {"0": [526801, -31042.0, 10567082.0, -5959.5, 598439.75, -2163.886131524432, 99141], "-1": [341142, -6609.0, 5477939.0, -4283.0, 389582.5, -320368.37050074176, 66770], "1": [320986, -27661.0, 6869993.0, -3366.5, 363816.25, 301889.6596703845, 58729], "2": [174607, -24394.0, 2153090.0, -1711.5, 196322.25, 340863.09254639846, 30546], "3": [97734, -18422.0, 1174992.0, -167.0, 109965.0, 288331.743198578, 16304], "4": [55404, -12657.0, 621709.0, -38.0, 62045.0, 219027.48344667468, 8804], "6": [18329, -5419.0, 148409.0, 83.0, 20307.0, 109197.89950055165, 2719], "5": [31055, -8591.0, 251075.0, 60.5, 34342.75, 153708.78726995527, 4712], "-2": [183863, 1237.0, 3182885.0, -3529.0, 210858.5, -358719.3651886792, 36937], "7": [9139, -3061.0, 58421.0, 115.0, 10200.5, 63641.18952161108, 1313], "-3": [101143, 9176.0, 3136818.0, -1799.5, 116465.25, -298589.3411624543, 21277], "-4": [57718, 5528.0, 1095718.0, -1366.0, 66487.5, -228127.95501809462, 12423], "-5": [31715, 4968.0, 633592.0, -862.5, 36799.75, -157068.43596763693, 7160], "-6": [19008, 3897.0, 436341.0, -783.0, 21843.0, -113347.26933390027, 4436], "8": [5379, -1879.0, 39061.0, 82.5, 5931.25, 42755.43773446996, 734], "9": [2652, -1126.0, 15820.0, 123.0, 2977.0, 23750.73073897874, 326], "-7": [9859, 1953.0, 188513.0, -401.0, 11406.5, -68622.83017735543, 2291], "-9": [2769, 973.0, 56309.0, -55.0, 3250.5, -24740.01914438893, 724], "-8": [5617, 3356.0, 1210262.0, -306.5, 6490.75, -44653.73367683332, 1479], "-11": [672, 206.0, 10716.0, -51.0, 790.5, -7340.222657357073, 175], "-10": [1348, 582.0, 44666.0, -47.5, 1541.75, -13365.35306420792, 356], "10": [1373, -607.0, 9817.0, 5.5, 1487.75, 13612.785796114118, 157], "11": [680, -289.0, 3675.0, 10.5, 787.25, 7434.0939485818735, 83], "12": [479, -226.0, 1216.0, -32.5, 521.25, 6072.070410967919, 61], "-12": [528, 138.0, 5670.0, -24.5, 621.75, -6643.301989786249, 143]}}