{"kind": "pog_curve", "rules": "RIDE_FREE", "penetration": 0.75, "paytable": [3.0, 10.0, 30.0, 60.0, 100.0, 300.0, 1000.0], "seed": 17100000001, "rounds": 2000000, "pog_total": -179035.0, "main_total": -25458.0, "bins": {"0": [526961, -52324.0, 7986528.0, -7598.5, 597637.75, -2219.1782541535813, 97304], "-1": [341118, -20418.0, 6088398.0, -5720.5, 387409.25, -320011.4567470161, 65120], "1": [320247, -40209.0, 3965321.0, -2327.5, 363156.25, 301047.38920331356, 57614], "2": [174216, -29255.0, 2158673.0, -154.5, 197010.25, 340128.27483087895, 29971], "3": [97223, -18004.0, 1248168.0, 52.0, 109540.5, 287131.5913736739, 16269], "-2": [184138, -2127.0, 2861025.0, -3956.0, 210706.5, -359332.3844819981, 36739], "-3": [101562, 2535.0, 2721429.0, -2380.5, 116361.75, -299715.38940253836, 20620], "4": [56290, -12927.0, 530207.0, 123.5, 63045.25, 222583.3954145501, 9034], "5": [31164, -8320.0, 284218.0, 329.0, 35223.5, 154207.4208434214, 4760], "6": [17980, -5057.0, 167869.0, 42.0, 20081.0, 107107.93206192728, 2694], "-4": [58000, 2846.0, 879748.0, -1539.0, 67122.0, -229281.19188272345, 12360], "-5": [32280, 3773.0, 576023.0, -1008.0, 37058.5, -159803.73163359112, 7195], "-6": [18878, 1346.0, 260372.0, -712.5, 21552.75, -112498.60825162675, 4113], "-7": [9594, 2845.0, 284273.0, -293.5, 11308.25, -66751.08519501761, 2328], "-8": [5486, 1904.0, 216662.0, -226.5, 6370.75, -43554.5933443023, 1365], "7": [9157, -3551.0, 51189.0, 287.5, 10140.25, 63763.466490329534, 1227], "8": [5274, -1527.0, 46121.0, 13.0, 5797.0, 41897.99100128076, 767], "9": [2611, -1015.0, 12683.0, -51.5, 2912.25, 23343.762381259497, 349], "10": [1364, -550.0, 19190.0, -56.0, 1477.0, 13549.241083844381, 143], "11": [676, -278.0, 2694.0, -17.0, 710.5, 7380.083154293205, 91], "-9": [2657, 509.0, 52719.0, -109.5, 3095.25, -23769.84884031909, 637], "-10": [1347, 292.0, 18628.0, -58.5, 1551.25, -13345.471133780164, 330], "12": [570, -206.0, 5920.0, -2.5, 629.75, 7219.417974119825, 72], "-12": [543, 37.0, 3387.0, -43.0, 616.0, -6858.744595588987, 132], "-11": [664, 646.0, 40880.0, -50.0, 758.5, -7268.952375754976, 196]}}