{"kind": "pog_curve", "rules": "RIDE_FREE", "penetration": 0.75, "paytable": [3.0, 10.0, 30.0, 60.0, 100.0, 300.0, 1000.0], "arm": "farm", "seed": 17800000001, "rounds": 2000000, "pog_total": -105251.0, "main_total": -23616.0, "bins": {"0": [525869, -28431.0, 11278929.0, -6467.0, 597019.0, -2679.0932613088694, 98934], "-1": [340636, -5822.0, 6419914.0, -4465.5, 390239.25, -319227.44696110376, 66515], "-2": [183131, 4919.0, 4274855.0, -3744.5, 209776.25, -357311.4502352858, 37068], "-3": [101231, 6690.0, 1839578.0, -2001.0, 116565.5, -298649.5963293196, 21325], "-4": [57060, 5997.0, 1082607.0, -1336.0, 65628.5, -225634.4496654875, 12381], "1": [321072, -32614.0, 6188588.0, -2162.5, 363223.75, 302117.74598336435, 58184], "2": [175551, -24477.0, 3263075.0, -552.5, 197564.25, 342564.95534072886, 30548], "-5": [32595, 3678.0, 700288.0, -1220.0, 37333.5, -161417.1584854387, 7064], "3": [97460, -16196.0, 1192878.0, -80.0, 109935.5, 287444.3404751719, 16560], "-6": [19168, 4683.0, 647303.0, -585.5, 22481.75, -114275.02931043306, 4425], "-8": [5546, 2485.0, 1101867.0, -338.5, 6407.25, -44081.686626769544, 1382], "-9": [2815, 802.0, 64516.0, -164.0, 3391.5, -25206.27877143741, 686], "5": [30928, -7046.0, 300304.0, 193.5, 34797.25, 153096.49648178855, 4961], "4": [55877, -10239.0, 1565609.0, -436.5, 62575.75, 221120.4857496487, 9168], "-7": [9800, 1771.0, 157187.0, -123.0, 11297.0, -68195.36057179811, 2309], "-10": [1485, 482.0, 25420.0, -56.5, 1725.25, -14742.969273288292, 383], "6": [18390, -5563.0, 162997.0, -61.5, 20330.25, 109595.95325772084, 2640], "7": [9221, -2907.0, 89849.0, 67.5, 10103.75, 64164.09810677322, 1289], "8": [5378, -1748.0, 50478.0, -44.5, 5950.25, 42764.22636357768, 742], "9": [2679, -1019.0, 15057.0, 55.5, 2987.75, 23986.052368086777, 363], "10": [1402, -599.0, 6597.0, -20.5, 1539.75, 13901.964009306344, 176], "11": [694, -345.0, 3451.0, 4.0, 718.0, 7574.785826458869, 74], "-11": [754, 395.0, 16491.0, -3.0, 898.5, -8244.567101522356, 222], "12": [584, -303.0, 1377.0, -30.5, 653.25, 7409.952826728938, 68], "-12": [674, 156.0, 16326.0, -43.5, 791.75, -8530.500389802506, 160]}}