{"kind": "pog_curve", "rules": "RIDE_FREE", "penetration": 0.75, "paytable": [3.0, 10.0, 30.0, 60.0, 100.0, 300.0, 1000.0], "seed": 17600000001, "rounds": 2000000, "pog_total": -185850.0, "main_total": -24338.5, "bins": {"0": [527579, -50698.0, 8191230.0, -5811.0, 598109.0, -2161.1633766489567, 97387], "-1": [340428, -21739.0, 4712965.0, -6506.0, 387486.5, -319360.63480705547, 64698], "-2": [183625, -6122.0, 2816086.0, -2860.0, 210056.5, -358269.2196437259, 36062], "-3": [101746, 2425.0, 2499031.0, -1628.5, 117318.75, -300138.65604995977, 20900], "-4": [58069, 5077.0, 1393409.0, -1789.5, 66641.75, -229486.82008465144, 12437], "1": [322359, -40846.0, 4912732.0, -2178.0, 365727.0, 303053.4435138854, 57479], "2": [173456, -32045.0, 1846875.0, -1451.0, 194853.0, 338312.12881093635, 29427], "3": [96142, -19152.0, 1164186.0, 35.0, 107806.0, 283732.05890341906, 15985], "4": [55424, -13505.0, 494713.0, -277.0, 62031.5, 219176.65019306986, 8831], "5": [31043, -7404.0, 375614.0, -28.0, 34495.0, 153761.31743830667, 4859], "6": [18209, -5400.0, 147218.0, 113.5, 20308.25, 108455.86925239797, 2682], "-5": [32165, 3264.0, 616954.0, -561.5, 37367.25, -159300.64334982308, 7125], "-6": [19030, 1687.0, 258187.0, -550.5, 22114.25, -113531.99926519749, 4246], "7": [8951, -2920.0, 68600.0, 131.5, 9978.25, 62263.47715276106, 1256], "-7": [9882, 2040.0, 215686.0, -360.5, 11586.75, -68784.90627279837, 2280], "-8": [5802, 980.0, 97370.0, -377.5, 6577.25, -46100.49430384166, 1364], "-9": [2803, 1134.0, 226864.0, -227.0, 3192.5, -25070.110951690116, 679], "-10": [1527, 646.0, 109956.0, -133.0, 1761.0, -15153.43038224744, 391], "9": [2507, -573.0, 30357.0, -23.5, 2832.75, 22454.24847730294, 371], "8": [5284, -2026.0, 29248.0, 41.0, 5843.0, 41965.940240444295, 708], "10": [1435, -651.0, 5447.0, 68.0, 1584.0, 14235.976755059915, 179], "11": [660, -295.0, 2997.0, 18.5, 683.25, 7209.923012175855, 79], "12": [566, -254.0, 2258.0, 42.5, 632.75, 7236.610067919244, 71], "-11": [748, 317.0, 23295.0, -20.5, 899.75, -8182.570204999875, 198], "-12": [560, 210.0, 14436.0, -5.5, 651.75, -7078.664995400209, 147]}}