{"kind": "pog_curve", "rules": "RIDE_FREE", "penetration": 0.75, "paytable": [3.0, 10.0, 30.0, 60.0, 100.0, 300.0, 1000.0], "arm": "farm", "seed": 17100000001, "rounds": 2000000, "pog_total": -116909.0, "main_total": -27904.0, "bins": {"0": [527156, -35882.0, 8883470.0, -8051.0, 597858.0, -2236.719827614866, 98828], "-1": [341353, -8927.0, 6533447.0, -5640.5, 387855.75, -320182.69843655085, 66259], "1": [319939, -31313.0, 4357611.0, -2693.5, 362494.25, 300845.5124252651, 58361], "2": [174020, -24790.0, 2302056.0, -425.0, 196622.0, 339743.545844002, 30367], "3": [97279, -15495.0, 1352327.0, -308.0, 109334.0, 287284.89189472224, 16500], "-2": [184224, 4418.0, 4069552.0, -4130.0, 210910.5, -359451.9687153054, 37227], "-3": [101676, 5705.0, 2948303.0, -2624.5, 116391.75, -300030.53737418354, 20890], "4": [56176, -11842.0, 569654.0, -99.5, 62814.25, 222150.73765495548, 9110], "5": [31141, -7979.0, 300535.0, 220.0, 35074.0, 154095.01322777753, 4768], "6": [17957, -4652.0, 185560.0, 10.0, 20076.0, 106973.28540694248, 2729], "-4": [58040, 5524.0, 991770.0, -1519.0, 67232.0, -229462.71835137496, 12599], "-5": [32194, 5426.0, 649358.0, -1162.0, 36857.5, -159396.96199943894, 7310], "-6": [18889, 2794.0, 401344.0, -755.0, 21535.0, -112556.14398532116, 4209], "-7": [9598, 3324.0, 306676.0, -323.0, 11358.0, -66785.22431193224, 2365], "-8": [5490, 2094.0, 218994.0, -259.5, 6350.75, -43588.46707599366, 1389], "7": [9149, -3362.0, 57566.0, 269.5, 10135.75, 63703.41698910424, 1234], "8": [5285, -1416.0, 53638.0, -10.0, 5822.5, 41987.83388226988, 772], "9": [2599, -979.0, 14239.0, -85.0, 2903.0, 23235.690279761027, 347], "10": [1359, -622.0, 14794.0, -58.0, 1475.0, 13501.862166492783, 139], "11": [673, -268.0, 2782.0, -9.0, 714.5, 7351.996592892552, 92], "-9": [2668, 576.0, 57662.0, -100.5, 3127.25, -23866.19296552002, 636], "-10": [1352, 328.0, 19706.0, -55.5, 1556.25, -13394.921815765587, 334], "12": [565, -209.0, 5899.0, -8.0, 617.5, 7154.510742980841, 70], "-12": [544, 43.0, 3479.0, -44.5, 613.75, -6869.960799778522, 133], "-11": [674, 595.0, 38091.0, -42.5, 776.75, -7379.629549512451, 193]}}