{"kind": "pog_curve", "rules": "RIDE_FREE", "penetration": 0.75, "paytable": [3.0, 10.0, 30.0, 60.0, 100.0, 300.0, 1000.0], "arm": "farm", "seed": 17000000001, "rounds": 2000000, "pog_total": -114600.0, "main_total": -26221.5, "bins": {"0": [524901, -37833.0, 7321719.0, -6999.0, 595012.5, -2488.4882132870976, 98124], "-1": [339876, -1853.0, 8900089.0, -6068.5, 388341.25, -318933.0472103742, 66281], "1": [320332, -34329.0, 4519895.0, -3192.5, 362865.25, 301707.49744682456, 58035], "2": [175312, -24490.0, 2294928.0, -1339.5, 197417.75, 342198.17099968, 30612], "3": [98065, -17983.0, 1065575.0, -86.0, 110542.5, 289454.30862671504, 16360], "4": [56065, -12799.0, 537735.0, -294.0, 62191.0, 221603.51630039813, 9013], "7": [9400, -2935.0, 67851.0, 4.5, 10369.75, 65366.75917229639, 1353], "5": [30741, -5930.0, 1448570.0, 212.5, 34457.75, 152246.8000231106, 4866], "-2": [182802, 3317.0, 3384259.0, -3199.5, 208589.75, -356732.939310511, 36665], "-3": [102535, 6881.0, 2125527.0, -1443.5, 118044.25, -302799.2817505269, 21500], "-4": [58738, 7885.0, 1170795.0, -1502.0, 67582.0, -232259.7710223051, 12957], "6": [18469, -5541.0, 141117.0, 227.5, 20660.75, 110037.90225307184, 2742], "-6": [18787, 3998.0, 376828.0, -466.0, 21793.0, -111980.06385254276, 4395], "-5": [32724, 4181.0, 612255.0, -1160.5, 37940.75, -161985.50991882224, 7273], "-7": [9603, 3034.0, 297458.0, -476.0, 11393.5, -66797.8448393186, 2335], "8": [5342, -1647.0, 50323.0, 64.5, 6106.25, 42436.33733583884, 768], "9": [2697, -1217.0, 11613.0, 10.5, 2950.75, 24125.029367264422, 329], "10": [1387, -428.0, 11968.0, 14.5, 1573.75, 13780.940215882656, 195], "-10": [1401, 261.0, 13485.0, -55.5, 1627.25, -13910.636834771234, 363], "12": [640, -333.0, 1639.0, -20.0, 664.5, 8113.214929299098, 73], "-8": [5483, 2151.0, 149029.0, -166.5, 6550.75, -43552.97052652573, 1413], "11": [753, -386.0, 2632.0, -47.5, 813.25, 8224.271930173765, 84], "-9": [2665, 840.0, 38374.0, -120.5, 3084.75, -23824.98904911597, 710], "-12": [576, 378.0, 16298.0, -52.0, 664.0, -7291.301103203107, 173], "-11": [706, 178.0, 12786.0, -66.5, 793.75, -7713.130007429427, 176]}}