{"kind": "pog_curve", "rules": "RIDE_FREE", "penetration": 0.75, "paytable": [3.0, 10.0, 30.0, 60.0, 100.0, 300.0, 1000.0], "arm": "farm", "seed": 17500000001, "rounds": 2000000, "pog_total": -116537.0, "main_total": -24732.0, "bins": {"0": [526286, -31000.0, 11390834.0, -6524.5, 597698.25, -2722.3838515124085, 98439], "1": [318823, -36032.0, 4261238.0, -2420.5, 360603.75, 300007.10620585707, 57401], "2": [173581, -22970.0, 2405232.0, -871.5, 196254.25, 338915.09656988987, 30552], "3": [97426, -16499.0, 1316311.0, 154.0, 110238.0, 287378.6954090806, 16443], "4": [55505, -12368.0, 506384.0, -333.5, 62302.25, 219335.6130605549, 8963], "5": [30393, -8158.0, 240520.0, 236.5, 33934.25, 150520.71372509561, 4680], "-1": [341362, -5936.0, 6426298.0, -4881.5, 389997.75, -320413.39094489784, 66774], "-2": [184680, 1958.0, 4149752.0, -3937.0, 211241.5, -360522.9362529494, 36990], "-3": [103257, 5643.0, 2545391.0, -2232.5, 118439.25, -304644.35550284194, 21474], "-4": [58753, 5514.0, 1145916.0, -1229.5, 67793.75, -232264.34255973113, 12850], "-5": [32609, 5970.0, 843122.0, -783.0, 37830.5, -161382.6127684006, 7269], "-6": [18933, 3262.0, 329114.0, -658.5, 21757.75, -112862.55705954619, 4354], "6": [17894, -5188.0, 234268.0, -101.5, 19912.75, 106657.39340557907, 2625], "-7": [9840, 3078.0, 1183546.0, -455.5, 11173.25, -68496.41234102903, 2318], "7": [9058, -3372.0, 60260.0, 94.5, 10007.75, 63045.24248837157, 1213], "-8": [5637, 1445.0, 102297.0, -387.0, 6455.5, -44792.719261268685, 1384], "-9": [2848, 1111.0, 57183.0, -137.0, 3321.5, -25473.819795075415, 755], "8": [5188, -2163.0, 28147.0, -128.0, 5604.0, 41199.633611870566, 655], "9": [2599, -1071.0, 14199.0, 17.0, 2826.5, 23243.125737719605, 326], "10": [1458, -682.0, 5454.0, 23.0, 1587.0, 14470.018746807042, 177], "11": [722, -390.0, 2454.0, -3.5, 765.25, 7900.082604791438, 76], "-10": [1412, 756.0, 38586.0, -93.0, 1661.0, -14009.345628269495, 397], "12": [502, -216.0, 5542.0, 40.0, 541.5, 6342.66095321015, 54], "-11": [710, 183.0, 10861.0, -80.5, 826.75, -7754.672508522196, 178], "-12": [524, 588.0, 109922.0, -39.0, 596.0, -6619.660468394351, 147]}}