{"kind": "pog_curve", "rules": "RIDE_FREE", "penetration": 0.75, "paytable": [3.0, 10.0, 30.0, 60.0, 100.0, 300.0, 1000.0], "seed": 17200000001, "rounds": 2000000, "pog_total": -183212.0, "main_total": -24373.5, "bins": {"0": [527212, -50550.0, 7707404.0, -6948.5, 598366.75, -2408.4452718684033, 97166], "1": [320419, -41990.0, 3834188.0, -2079.5, 362599.25, 301440.4966598322, 57249], "-1": [340450, -20488.0, 5272724.0, -4419.5, 388528.25, -319575.391242716, 65009], "2": [173853, -28737.0, 1915485.0, -817.0, 196228.0, 339341.32665060554, 29883], "3": [97571, -18786.0, 1175528.0, -35.5, 109359.75, 288048.55870805605, 16367], "-2": [183907, -3934.0, 2914158.0, -3009.0, 210766.5, -358637.9086245009, 36496], "-3": [102183, 418.0, 1567452.0, -2422.0, 116586.5, -301546.83476534334, 20780], "-4": [58478, 4473.0, 1005103.0, -1616.5, 67542.75, -231207.39853579114, 12577], "4": [55217, -12606.0, 501118.0, -48.5, 61899.75, 218208.7584227215, 8898], "-5": [32534, 3412.0, 589472.0, -1243.5, 37172.75, -161057.13608930362, 7140], "-6": [18837, 2907.0, 401825.0, -709.5, 21472.25, -112306.26735197612, 4267], "-7": [9783, 1352.0, 138750.0, -456.0, 11356.5, -68098.27855227591, 2259], "-8": [5467, 1020.0, 74052.0, -398.5, 6170.75, -43451.68861358424, 1341], "-9": [2732, 585.0, 45475.0, -101.0, 3174.5, -24461.087311788455, 666], "-11": [741, 280.0, 8662.0, -39.5, 832.25, -8098.248639209416, 215], "5": [30523, -8377.0, 283693.0, 169.5, 34209.25, 151129.31365147448, 4608], "6": [18054, -5270.0, 149776.0, 0.0, 20085.5, 107624.95497839226, 2708], "8": [5409, -2166.0, 29472.0, -34.5, 5842.25, 42988.336870693856, 712], "7": [9359, -3250.0, 57498.0, -38.5, 10358.75, 65145.88937601471, 1324], "9": [2592, -946.0, 11686.0, 43.5, 2884.75, 23150.048711878666, 372], "10": [1418, -679.0, 5417.0, -8.5, 1536.75, 14062.741433963862, 167], "-10": [1498, 380.0, 17362.0, -92.5, 1756.75, -14881.043856457507, 398], "-12": [519, 404.0, 22320.0, -28.5, 593.75, -6561.207294700089, 167], "11": [677, -316.0, 3458.0, -21.0, 738.5, 7389.208773467197, 77], "12": [567, -348.0, 1082.0, -19.0, 631.0, 7199.513624157018, 54]}}