{"kind": "pog_curve", "rules": "RIDE_FREE", "penetration": 0.75, "paytable": [3.0, 10.0, 30.0, 60.0, 100.0, 300.0, 1000.0], "seed": 17300000001, "rounds": 2000000, "pog_total": -171268.0, "main_total": -20845.0, "bins": {"0": [524783, -49000.0, 7784606.0, -5382.5, 595889.25, -2289.9881399814158, 97156], "-1": [338928, -15359.0, 7379911.0, -3808.5, 386722.75, -317932.5972858127, 65264], "-2": [182925, -2566.0, 2764164.0, -2745.0, 209533.0, -357132.09377881716, 36433], "2": [174301, -27667.0, 2175131.0, -9.5, 197256.25, 340171.7931550996, 30126], "1": [321232, -39959.0, 5999589.0, -2370.0, 362872.5, 302302.4810250003, 57405], "3": [97879, -20919.0, 1104871.0, -811.0, 110174.5, 289041.02564068773, 15987], "-3": [102481, 2317.0, 1651763.0, -2525.0, 117241.5, -302262.24445819843, 20892], "-5": [32896, 3272.0, 691506.0, -1098.5, 37746.25, -162914.3213291161, 7163], "-4": [58453, 3333.0, 1968149.0, -1967.5, 66495.75, -231052.07675834617, 12274], "4": [56112, -13161.0, 595493.0, 156.0, 63266.5, 221904.56785847226, 8929], "5": [31420, -7119.0, 485479.0, 157.0, 35447.0, 155487.5943532055, 4916], "6": [18323, -5253.0, 206863.0, 242.0, 20233.0, 109215.53283294223, 2776], "7": [9294, -2560.0, 103980.0, 198.0, 10502.5, 64675.93679300772, 1354], "-6": [19153, 2616.0, 408922.0, -455.0, 22513.0, -114159.32586302857, 4306], "-7": [9756, 2438.0, 328624.0, -288.0, 11407.0, -67922.94552900047, 2330], "-8": [5650, 1339.0, 105125.0, -212.0, 6626.5, -44890.876122936694, 1388], "8": [5399, -2332.0, 27632.0, 90.5, 5953.75, 42846.93908188735, 688], "10": [1386, -679.0, 4561.0, 83.0, 1562.5, 13751.164042968378, 163], "12": [591, -316.0, 2286.0, -0.5, 630.75, 7581.3879435974695, 61], "-9": [2772, 697.0, 51777.0, -56.0, 3256.0, -24814.74635662424, 690], "-11": [770, 318.0, 16154.0, -27.5, 925.25, -8405.841433790762, 209], "-12": [670, 188.0, 7264.0, -61.0, 757.0, -8491.025495860516, 184], "9": [2624, -953.0, 24359.0, 85.5, 2934.25, 23494.94544904182, 350], "-10": [1517, 368.0, 33194.0, -76.5, 1748.75, -15046.361946550234, 377], "11": [685, -311.0, 3723.0, 37.0, 710.5, 7483.2285645398115, 78]}}