{"kind": "pog_curve", "rules": "RIDE_FREE", "penetration": 0.75, "paytable": [3.0, 10.0, 30.0, 60.0, 100.0, 300.0, 1000.0], "arm": "farm", "seed": 17300000001, "rounds": 2000000, "pog_total": -109886.0, "main_total": -24021.0, "bins": {"0": [525246, -33041.0, 8433461.0, -6331.0, 596084.0, -2269.1371309285287, 98737], "-1": [339020, -5376.0, 7709338.0, -4341.0, 386710.0, -317974.48949891084, 66255], "-2": [182875, 3450.0, 3037150.0, -3043.0, 209229.0, -357011.7429960117, 37014], "2": [174156, -22771.0, 2445269.0, -372.0, 196872.5, 339906.9580931368, 30521], "1": [320870, -29653.0, 6393923.0, -2649.0, 362785.5, 302012.4132996334, 58287], "3": [97885, -18988.0, 1242342.0, -960.0, 110102.0, 289049.58861317125, 16160], "-3": [102525, 6240.0, 1807582.0, -2822.0, 117238.0, -302380.003746935, 21278], "-5": [32944, 4636.0, 743032.0, -1061.0, 37838.5, -163138.63082078344, 7286], "-4": [58419, 5685.0, 2051871.0, -1955.5, 66554.25, -230901.47246288648, 12497], "4": [56132, -11676.0, 660050.0, -93.0, 63196.0, 221969.6907319616, 9082], "5": [31379, -6681.0, 416543.0, 167.0, 35416.0, 155283.41054971516, 4973], "6": [18302, -4863.0, 216561.0, 181.0, 20175.5, 109093.0098132606, 2817], "7": [9297, -2389.0, 107997.0, 163.0, 10489.5, 64696.96464262581, 1372], "-6": [19173, 4033.0, 530339.0, -415.5, 22520.75, -114284.14972324022, 4438], "-7": [9749, 2692.0, 332658.0, -312.5, 11416.75, -67874.51451240676, 2355], "-8": [5644, 1538.0, 110768.0, -252.5, 6616.25, -44832.703492077955, 1402], "8": [5360, -2293.0, 27901.0, 85.5, 5919.25, 42537.03935617454, 685], "10": [1381, -654.0, 4596.0, 74.5, 1561.25, 13702.490002715049, 168], "12": [588, -310.0, 2366.0, -8.5, 628.75, 7546.414406188477, 61], "-9": [2787, 790.0, 56178.0, -32.5, 3303.25, -24948.83963777006, 699], "-11": [766, 166.0, 7970.0, -29.5, 915.25, -8358.615376477463, 198], "-12": [666, 195.0, 7343.0, -52.0, 760.0, -8440.697308876603, 184], "9": [2631, -847.0, 25891.0, 70.0, 2936.5, 23560.277106514306, 369], "-10": [1515, 543.0, 39151.0, -59.5, 1761.75, -15029.87503717, 395], "11": [690, -312.0, 3736.0, 28.0, 721.5, 7537.401526980771, 79]}}